#
# There is insufficient memory for the Java Runtime Environment to continue.
# Native memory allocation (malloc) failed to allocate 1756672 bytes. Error detail: Chunk::new
# Possible reasons:
#   The system is out of physical RAM or swap space
#   This process is running with CompressedOops enabled, and the Java Heap may be blocking the growth of the native heap
# Possible solutions:
#   Reduce memory load on the system
#   Increase physical memory or swap space
#   Check if swap backing store is full
#   Decrease Java heap size (-Xmx/-Xms)
#   Decrease number of Java threads
#   Decrease Java thread stack sizes (-Xss)
#   Set larger code cache with -XX:ReservedCodeCacheSize=
#   JVM is running with Zero Based Compressed Oops mode in which the Java heap is
#     placed in the first 32GB address space. The Java Heap base address is the
#     maximum limit for the native heap growth. Please use -XX:HeapBaseMinAddress
#     to set the Java Heap base and to place the Java Heap above 32GB virtual address.
# This output file may be truncated or incomplete.
#
#  Out of Memory Error (arena.cpp:168), pid=16756, tid=21732
#
# JRE version: OpenJDK Runtime Environment Microsoft-11369940 (21.0.7+6) (build 21.0.7+6-LTS)
# Java VM: OpenJDK 64-Bit Server VM Microsoft-11369940 (21.0.7+6-LTS, mixed mode, sharing, tiered, compressed oops, compressed class ptrs, g1 gc, windows-amd64)
# No core dump will be written. Minidumps are not enabled by default on client versions of Windows
#

---------------  S U M M A R Y ------------

Command Line: -Dstdout.encoding=UTF-8 -Dstderr.encoding=UTF-8 --add-opens=java.base/java.lang=ALL-UNNAMED --add-opens=java.base/java.lang.invoke=ALL-UNNAMED --add-opens=java.base/java.util=ALL-UNNAMED --add-opens=java.prefs/java.util.prefs=ALL-UNNAMED --add-exports=jdk.compiler/com.sun.tools.javac.api=ALL-UNNAMED --add-exports=jdk.compiler/com.sun.tools.javac.util=ALL-UNNAMED --add-opens=java.base/java.util=ALL-UNNAMED --add-opens=java.prefs/java.util.prefs=ALL-UNNAMED --add-opens=java.base/java.nio.charset=ALL-UNNAMED --add-opens=java.base/java.net=ALL-UNNAMED --add-opens=java.base/java.util.concurrent.atomic=ALL-UNNAMED --add-opens=java.xml/javax.xml.namespace=ALL-UNNAMED -XX:MaxMetaspaceSize=512m -Xmx4096m -Dfile.encoding=UTF-8 -Duser.country=IN -Duser.language=en -Duser.variant -javaagent:C:\Users\manon\.gradle\wrapper\dists\gradle-8.14.3-bin\cv11ve7ro1n3o1j4so8xd9n66\gradle-8.14.3\lib\agents\gradle-instrumentation-agent-8.14.3.jar org.gradle.launcher.daemon.bootstrap.GradleDaemon 8.14.3

Host: 12th Gen Intel(R) Core(TM) i5-1235U, 12 cores, 7G,  Windows 11 , 64 bit Build 26100 (10.0.26100.6725)
Time: Sat Oct 18 12:51:27 2025 India Standard Time elapsed time: 41.343102 seconds (0d 0h 0m 41s)

---------------  T H R E A D  ---------------

Current thread (0x000001b505e17c20):  JavaThread "C2 CompilerThread1" daemon [_thread_in_native, id=21732, stack(0x0000008a89800000,0x0000008a89900000) (1024K)]


Current CompileTask:
C2:41343 15221   !   4       java.nio.file.Files::walkFileTree (297 bytes)

Stack: [0x0000008a89800000,0x0000008a89900000]
Native frames: (J=compiled Java code, j=interpreted, Vv=VM code, C=native code)
V  [jvm.dll+0x6d4bb9]
V  [jvm.dll+0x8afa11]
V  [jvm.dll+0x8b1f3e]
V  [jvm.dll+0x8b2623]
V  [jvm.dll+0x280816]
V  [jvm.dll+0xc52bd]
V  [jvm.dll+0xc57f3]
V  [jvm.dll+0x3bbd5c]
V  [jvm.dll+0x3884b0]
V  [jvm.dll+0x38792a]
V  [jvm.dll+0x248405]
V  [jvm.dll+0x2479df]
V  [jvm.dll+0x1c7aaf]
V  [jvm.dll+0x257819]
V  [jvm.dll+0x255bca]
V  [jvm.dll+0x3f5af6]
V  [jvm.dll+0x85916b]
V  [jvm.dll+0x6d327d]
C  [ucrtbase.dll+0x37b0]
C  [KERNEL32.DLL+0x2e8d7]
C  [ntdll.dll+0x8c53c]


---------------  P R O C E S S  ---------------

Threads class SMR info:
_java_thread_list=0x000001b50e6e32d0, length=197, elements={
0x000001b540aeea50, 0x000001b5628500c0, 0x000001b562850720, 0x000001b5628530f0,
0x000001b562853750, 0x000001b562857dc0, 0x000001b5628598c0, 0x000001b56285c410,
0x000001b56286ec80, 0x000001b562824b60, 0x000001b562a769c0, 0x000001b57f60cea0,
0x000001b57f567030, 0x000001b57f66a440, 0x000001b57f4003a0, 0x000001b57e9a2040,
0x000001b57f70fd60, 0x000001b57f712ee0, 0x000001b50423f660, 0x000001b5040c3d30,
0x000001b5040c36a0, 0x000001b5040c4a50, 0x000001b5040c43c0, 0x000001b5040c50e0,
0x000001b5040c5770, 0x000001b5040c5e00, 0x000001b5040c6490, 0x000001b5040c3010,
0x000001b504c8e020, 0x000001b504c8d300, 0x000001b504c8d990, 0x000001b504c8bf50,
0x000001b504c8b230, 0x000001b504c8ed40, 0x000001b504c8b8c0, 0x000001b504c8f3d0,
0x000001b504c8fa60, 0x000001b504c8c5e0, 0x000001b504c900f0, 0x000001b504c90780,
0x000001b504c90e10, 0x000001b504c91b30, 0x000001b504c921c0, 0x000001b504c92850,
0x000001b504c914a0, 0x000001b506aa40f0, 0x000001b506aa7570, 0x000001b506aa7c00,
0x000001b506aa5b30, 0x000001b506aa4780, 0x000001b506aa8290, 0x000001b506aa4e10,
0x000001b506aa6ee0, 0x000001b506aa8920, 0x000001b506aa61c0, 0x000001b506aa54a0,
0x000001b506aa8fb0, 0x000001b506aa9640, 0x000001b506aa9cd0, 0x000001b506aa6850,
0x000001b506aab710, 0x000001b506aaa360, 0x000001b506aaa9f0, 0x000001b506aab080,
0x000001b507f1ce70, 0x000001b507f1d500, 0x000001b507f1f5d0, 0x000001b507f1fc60,
0x000001b507f1c7e0, 0x000001b507f1ef40, 0x000001b507f20980, 0x000001b507f21010,
0x000001b507f1e8b0, 0x000001b507f1db90, 0x000001b507f21d30, 0x000001b506edaf20,
0x000001b506edea30, 0x000001b506edcff0, 0x000001b506edb5b0, 0x000001b506edf0c0,
0x000001b506edbc40, 0x000001b506edf750, 0x000001b506edc2d0, 0x000001b506edfde0,
0x000001b506ee0b00, 0x000001b506edd680, 0x000001b506ee1190, 0x000001b506ee1eb0,
0x000001b506ee1820, 0x000001b507f223c0, 0x000001b507f230e0, 0x000001b507f23770,
0x000001b5051dac10, 0x000001b5051d9ef0, 0x000001b5051db930, 0x000001b5051dc650,
0x000001b5051dbfc0, 0x000001b5051db2a0, 0x000001b5051dd370, 0x000001b5051dcce0,
0x000001b5051dda00, 0x000001b5051da580, 0x000001b5051dedb0, 0x000001b5051df440,
0x000001b5051e07f0, 0x000001b5051e0160, 0x000001b5051de090, 0x000001b5051de720,
0x000001b5051e0e80, 0x000001b5051dfad0, 0x000001b5051e1510, 0x000001b50777b500,
0x000001b50777c8b0, 0x000001b50777bb90, 0x000001b50777c220, 0x000001b50777cf40,
0x000001b50777ae70, 0x000001b50777a150, 0x000001b50777dc60, 0x000001b50777d5d0,
0x000001b50777a7e0, 0x000001b50777e980, 0x000001b5077810e0, 0x000001b50777e2f0,
0x000001b50777f010, 0x000001b507781770, 0x000001b507780a50, 0x000001b5077803c0,
0x000001b50777f6a0, 0x000001b50777fd30, 0x000001b506ede3a0, 0x000001b506edc960,
0x000001b506ee0470, 0x000001b5045f6960, 0x000001b5045f6ff0, 0x000001b5045f4f20,
0x000001b5045f55b0, 0x000001b5045f5c40, 0x000001b5045f3b70, 0x000001b5045f4200,
0x000001b5045f62d0, 0x000001b5045f7680, 0x000001b5045f7d10, 0x000001b5045f4890,
0x000001b5045f9de0, 0x000001b5045f90c0, 0x000001b5045fab00, 0x000001b5045fb190,
0x000001b5045f83a0, 0x000001b5045fa470, 0x000001b5045f9750, 0x000001b5045f8a30,
0x000001b5088e5db0, 0x000001b5088e6440, 0x000001b5088e6ad0, 0x000001b5088e8510,
0x000001b5088ea5e0, 0x000001b5088e8ba0, 0x000001b5088e9230, 0x000001b5088e98c0,
0x000001b5088e7160, 0x000001b5088e7e80, 0x000001b5088e9f50, 0x000001b5088eac70,
0x000001b5088e77f0, 0x000001b5088eb300, 0x000001b5088ec6b0, 0x000001b5088ecd40,
0x000001b5088ed3d0, 0x000001b5088eb990, 0x000001b5088ec020, 0x000001b50739ae90,
0x000001b507399450, 0x000001b50739b520, 0x000001b5073980a0, 0x000001b507399ae0,
0x000001b50739bbb0, 0x000001b5073a03e0, 0x000001b50739f030, 0x000001b507398dc0,
0x000001b50739c240, 0x000001b50739c8d0, 0x000001b50739cf60, 0x000001b50739a800,
0x000001b50739d5f0, 0x000001b5073a2b40, 0x000001b5073a5fc0, 0x000001b5073a6650,
0x000001b5073a6ce0, 0x000001b508f34a60, 0x000001b508f37ee0, 0x000001b508f364a0,
0x000001b508fb99a0, 0x000001b50e44c6c0, 0x000001b505e17c20, 0x000001b508a0e0e0,
0x000001b508a0e770
}

Java Threads: ( => current thread )
  0x000001b540aeea50 JavaThread "main"                              [_thread_blocked, id=1788, stack(0x0000008afc400000,0x0000008afc500000) (1024K)]
  0x000001b5628500c0 JavaThread "Reference Handler"          daemon [_thread_blocked, id=17280, stack(0x0000008afcc00000,0x0000008afcd00000) (1024K)]
  0x000001b562850720 JavaThread "Finalizer"                  daemon [_thread_blocked, id=9776, stack(0x0000008afcd00000,0x0000008afce00000) (1024K)]
  0x000001b5628530f0 JavaThread "Signal Dispatcher"          daemon [_thread_blocked, id=6408, stack(0x0000008afce00000,0x0000008afcf00000) (1024K)]
  0x000001b562853750 JavaThread "Attach Listener"            daemon [_thread_blocked, id=20944, stack(0x0000008afcf00000,0x0000008afd000000) (1024K)]
  0x000001b562857dc0 JavaThread "Service Thread"             daemon [_thread_blocked, id=12892, stack(0x0000008afd000000,0x0000008afd100000) (1024K)]
  0x000001b5628598c0 JavaThread "Monitor Deflation Thread"   daemon [_thread_blocked, id=16640, stack(0x0000008afd100000,0x0000008afd200000) (1024K)]
  0x000001b56285c410 JavaThread "C2 CompilerThread0"         daemon [_thread_blocked, id=5016, stack(0x0000008afd200000,0x0000008afd300000) (1024K)]
  0x000001b56286ec80 JavaThread "C1 CompilerThread0"         daemon [_thread_blocked, id=23216, stack(0x0000008afd300000,0x0000008afd400000) (1024K)]
  0x000001b562824b60 JavaThread "Common-Cleaner"             daemon [_thread_blocked, id=3012, stack(0x0000008afd400000,0x0000008afd500000) (1024K)]
  0x000001b562a769c0 JavaThread "Notification Thread"        daemon [_thread_blocked, id=15500, stack(0x0000008afd500000,0x0000008afd600000) (1024K)]
  0x000001b57f60cea0 JavaThread "Daemon health stats"               [_thread_blocked, id=780, stack(0x0000008afdb00000,0x0000008afdc00000) (1024K)]
  0x000001b57f567030 JavaThread "Incoming local TCP Connector on port 48634"        [_thread_in_native, id=11052, stack(0x0000008afdc00000,0x0000008afdd00000) (1024K)]
  0x000001b57f66a440 JavaThread "Daemon periodic checks"            [_thread_blocked, id=23532, stack(0x0000008afdd00000,0x0000008afde00000) (1024K)]
  0x000001b57f4003a0 JavaThread "Daemon"                            [_thread_blocked, id=3356, stack(0x0000008afde00000,0x0000008afdf00000) (1024K)]
  0x000001b57e9a2040 JavaThread "Handler for socket connection from /127.0.0.1:48634 to /127.0.0.1:48635"        [_thread_in_native, id=9016, stack(0x0000008afdf00000,0x0000008afe000000) (1024K)]
  0x000001b57f70fd60 JavaThread "Cancel handler"                    [_thread_blocked, id=21008, stack(0x0000008afe500000,0x0000008afe600000) (1024K)]
  0x000001b57f712ee0 JavaThread "Daemon worker"                     [_thread_blocked, id=15528, stack(0x0000008afe600000,0x0000008afe700000) (1024K)]
  0x000001b50423f660 JavaThread "Asynchronous log dispatcher for DefaultDaemonConnection: socket connection from /127.0.0.1:48634 to /127.0.0.1:48635"        [_thread_blocked, id=21128, stack(0x0000008afe700000,0x0000008afe800000) (1024K)]
  0x000001b5040c3d30 JavaThread "Stdin handler"                     [_thread_blocked, id=16324, stack(0x0000008afe800000,0x0000008afe900000) (1024K)]
  0x000001b5040c36a0 JavaThread "Daemon client event forwarder"        [_thread_blocked, id=12556, stack(0x0000008afe900000,0x0000008afea00000) (1024K)]
  0x000001b5040c4a50 JavaThread "Cache worker for journal cache (C:\Users\manon\.gradle\caches\journal-1)"        [_thread_blocked, id=7276, stack(0x0000008afea00000,0x0000008afeb00000) (1024K)]
  0x000001b5040c43c0 JavaThread "File lock request listener"        [_thread_in_native, id=22172, stack(0x0000008afeb00000,0x0000008afec00000) (1024K)]
  0x000001b5040c50e0 JavaThread "Cache worker for file hash cache (C:\Users\manon\.gradle\caches\8.14.3\fileHashes)"        [_thread_blocked, id=2236, stack(0x0000008afec00000,0x0000008afed00000) (1024K)]
  0x000001b5040c5770 JavaThread "Cache worker for file hash cache (C:\Users\manon\OneDrive\Desktop\sentinel\android\.gradle\8.14.3\fileHashes)"        [_thread_blocked, id=23148, stack(0x0000008afef00000,0x0000008aff000000) (1024K)]
  0x000001b5040c5e00 JavaThread "Cache worker for Build Output Cleanup Cache (C:\Users\manon\OneDrive\Desktop\sentinel\android\.gradle\buildOutputCleanup)"        [_thread_blocked, id=5260, stack(0x0000008aff000000,0x0000008aff100000) (1024K)]
  0x000001b5040c6490 JavaThread "File watcher server"        daemon [_thread_in_native, id=5440, stack(0x0000008aff100000,0x0000008aff200000) (1024K)]
  0x000001b5040c3010 JavaThread "File watcher consumer"      daemon [_thread_blocked, id=20460, stack(0x0000008aff200000,0x0000008aff300000) (1024K)]
  0x000001b504c8e020 JavaThread "jar transforms"                    [_thread_blocked, id=23112, stack(0x0000008afee00000,0x0000008afef00000) (1024K)]
  0x000001b504c8d300 JavaThread "Cache worker for checksums cache (C:\Users\manon\OneDrive\Desktop\sentinel\android\.gradle\8.14.3\checksums)"        [_thread_blocked, id=17480, stack(0x0000008aff300000,0x0000008aff400000) (1024K)]
  0x000001b504c8d990 JavaThread "Cache worker for file content cache (C:\Users\manon\.gradle\caches\8.14.3\fileContent)"        [_thread_blocked, id=11204, stack(0x0000008aff400000,0x0000008aff500000) (1024K)]
  0x000001b504c8bf50 JavaThread "Cache worker for cache directory md-supplier (C:\Users\manon\.gradle\caches\8.14.3\md-supplier)"        [_thread_blocked, id=21060, stack(0x0000008aff500000,0x0000008aff600000) (1024K)]
  0x000001b504c8b230 JavaThread "Cache worker for cache directory md-rule (C:\Users\manon\.gradle\caches\8.14.3\md-rule)"        [_thread_blocked, id=18720, stack(0x0000008aff600000,0x0000008aff700000) (1024K)]
  0x000001b504c8ed40 JavaThread "Cache worker for Build Output Cleanup Cache (C:\Users\manon\OneDrive\Desktop\sentinel\node_modules\@react-native\gradle-plugin\.gradle\buildOutputCleanup)"        [_thread_blocked, id=13752, stack(0x0000008aff700000,0x0000008aff800000) (1024K)]
  0x000001b504c8b8c0 JavaThread "Unconstrained build operations"        [_thread_blocked, id=15604, stack(0x0000008aff800000,0x0000008aff900000) (1024K)]
  0x000001b504c8f3d0 JavaThread "Unconstrained build operations Thread 2"        [_thread_blocked, id=13196, stack(0x0000008aff900000,0x0000008affa00000) (1024K)]
  0x000001b504c8fa60 JavaThread "Unconstrained build operations Thread 3"        [_thread_blocked, id=20580, stack(0x0000008affa00000,0x0000008affb00000) (1024K)]
  0x000001b504c8c5e0 JavaThread "Unconstrained build operations Thread 4"        [_thread_blocked, id=12456, stack(0x0000008affb00000,0x0000008affc00000) (1024K)]
  0x000001b504c900f0 JavaThread "Unconstrained build operations Thread 5"        [_thread_blocked, id=2088, stack(0x0000008affc00000,0x0000008affd00000) (1024K)]
  0x000001b504c90780 JavaThread "Unconstrained build operations Thread 6"        [_thread_blocked, id=22028, stack(0x0000008affd00000,0x0000008affe00000) (1024K)]
  0x000001b504c90e10 JavaThread "Unconstrained build operations Thread 7"        [_thread_blocked, id=22708, stack(0x0000008afff00000,0x0000008b00000000) (1024K)]
  0x000001b504c91b30 JavaThread "Unconstrained build operations Thread 8"        [_thread_blocked, id=12368, stack(0x0000008a80000000,0x0000008a80100000) (1024K)]
  0x000001b504c921c0 JavaThread "Unconstrained build operations Thread 9"        [_thread_blocked, id=11944, stack(0x0000008a80100000,0x0000008a80200000) (1024K)]
  0x000001b504c92850 JavaThread "Unconstrained build operations Thread 10"        [_thread_blocked, id=6052, stack(0x0000008a80200000,0x0000008a80300000) (1024K)]
  0x000001b504c914a0 JavaThread "Unconstrained build operations Thread 11"        [_thread_blocked, id=1848, stack(0x0000008a80300000,0x0000008a80400000) (1024K)]
  0x000001b506aa40f0 JavaThread "Unconstrained build operations Thread 12"        [_thread_blocked, id=23376, stack(0x0000008a80400000,0x0000008a80500000) (1024K)]
  0x000001b506aa7570 JavaThread "Unconstrained build operations Thread 13"        [_thread_blocked, id=3732, stack(0x0000008a80500000,0x0000008a80600000) (1024K)]
  0x000001b506aa7c00 JavaThread "Unconstrained build operations Thread 14"        [_thread_blocked, id=16812, stack(0x0000008a80600000,0x0000008a80700000) (1024K)]
  0x000001b506aa5b30 JavaThread "Unconstrained build operations Thread 15"        [_thread_blocked, id=23052, stack(0x0000008a80700000,0x0000008a80800000) (1024K)]
  0x000001b506aa4780 JavaThread "Unconstrained build operations Thread 16"        [_thread_blocked, id=9364, stack(0x0000008a80800000,0x0000008a80900000) (1024K)]
  0x000001b506aa8290 JavaThread "Unconstrained build operations Thread 17"        [_thread_blocked, id=20336, stack(0x0000008a80900000,0x0000008a80a00000) (1024K)]
  0x000001b506aa4e10 JavaThread "Unconstrained build operations Thread 18"        [_thread_blocked, id=11168, stack(0x0000008a80a00000,0x0000008a80b00000) (1024K)]
  0x000001b506aa6ee0 JavaThread "Unconstrained build operations Thread 19"        [_thread_blocked, id=17772, stack(0x0000008a80b00000,0x0000008a80c00000) (1024K)]
  0x000001b506aa8920 JavaThread "Unconstrained build operations Thread 20"        [_thread_blocked, id=19148, stack(0x0000008a80c00000,0x0000008a80d00000) (1024K)]
  0x000001b506aa61c0 JavaThread "Unconstrained build operations Thread 21"        [_thread_blocked, id=11796, stack(0x0000008a80d00000,0x0000008a80e00000) (1024K)]
  0x000001b506aa54a0 JavaThread "Unconstrained build operations Thread 22"        [_thread_blocked, id=13156, stack(0x0000008a80e00000,0x0000008a80f00000) (1024K)]
  0x000001b506aa8fb0 JavaThread "Unconstrained build operations Thread 23"        [_thread_blocked, id=11864, stack(0x0000008a80f00000,0x0000008a81000000) (1024K)]
  0x000001b506aa9640 JavaThread "Unconstrained build operations Thread 24"        [_thread_blocked, id=21644, stack(0x0000008a81000000,0x0000008a81100000) (1024K)]
  0x000001b506aa9cd0 JavaThread "Unconstrained build operations Thread 25"        [_thread_blocked, id=19548, stack(0x0000008a81100000,0x0000008a81200000) (1024K)]
  0x000001b506aa6850 JavaThread "Unconstrained build operations Thread 26"        [_thread_blocked, id=19572, stack(0x0000008a81200000,0x0000008a81300000) (1024K)]
  0x000001b506aab710 JavaThread "Unconstrained build operations Thread 27"        [_thread_blocked, id=4352, stack(0x0000008a81300000,0x0000008a81400000) (1024K)]
  0x000001b506aaa360 JavaThread "Unconstrained build operations Thread 28"        [_thread_blocked, id=22468, stack(0x0000008a81400000,0x0000008a81500000) (1024K)]
  0x000001b506aaa9f0 JavaThread "Unconstrained build operations Thread 29"        [_thread_blocked, id=20288, stack(0x0000008a81500000,0x0000008a81600000) (1024K)]
  0x000001b506aab080 JavaThread "Unconstrained build operations Thread 30"        [_thread_blocked, id=22056, stack(0x0000008a81600000,0x0000008a81700000) (1024K)]
  0x000001b507f1ce70 JavaThread "Unconstrained build operations Thread 31"        [_thread_blocked, id=15804, stack(0x0000008a81700000,0x0000008a81800000) (1024K)]
  0x000001b507f1d500 JavaThread "Unconstrained build operations Thread 32"        [_thread_blocked, id=20488, stack(0x0000008a81800000,0x0000008a81900000) (1024K)]
  0x000001b507f1f5d0 JavaThread "Unconstrained build operations Thread 33"        [_thread_blocked, id=18812, stack(0x0000008a81900000,0x0000008a81a00000) (1024K)]
  0x000001b507f1fc60 JavaThread "Unconstrained build operations Thread 34"        [_thread_blocked, id=5380, stack(0x0000008a81a00000,0x0000008a81b00000) (1024K)]
  0x000001b507f1c7e0 JavaThread "Unconstrained build operations Thread 35"        [_thread_blocked, id=23136, stack(0x0000008a81b00000,0x0000008a81c00000) (1024K)]
  0x000001b507f1ef40 JavaThread "Unconstrained build operations Thread 36"        [_thread_blocked, id=17036, stack(0x0000008a81c00000,0x0000008a81d00000) (1024K)]
  0x000001b507f20980 JavaThread "Unconstrained build operations Thread 37"        [_thread_blocked, id=3420, stack(0x0000008a81d00000,0x0000008a81e00000) (1024K)]
  0x000001b507f21010 JavaThread "Unconstrained build operations Thread 38"        [_thread_blocked, id=5980, stack(0x0000008a81e00000,0x0000008a81f00000) (1024K)]
  0x000001b507f1e8b0 JavaThread "Unconstrained build operations Thread 39"        [_thread_blocked, id=22752, stack(0x0000008a81f00000,0x0000008a82000000) (1024K)]
  0x000001b507f1db90 JavaThread "build event listener"              [_thread_blocked, id=16680, stack(0x0000008a82000000,0x0000008a82100000) (1024K)]
  0x000001b507f21d30 JavaThread "Memory manager"                    [_thread_blocked, id=1156, stack(0x0000008a82200000,0x0000008a82300000) (1024K)]
  0x000001b506edaf20 JavaThread "ForkJoinPool.commonPool-worker-1" daemon [_thread_blocked, id=11716, stack(0x0000008a82300000,0x0000008a82400000) (1024K)]
  0x000001b506edea30 JavaThread "ForkJoinPool.commonPool-worker-2" daemon [_thread_blocked, id=20452, stack(0x0000008a82400000,0x0000008a82500000) (1024K)]
  0x000001b506edcff0 JavaThread "ForkJoinPool.commonPool-worker-3" daemon [_thread_blocked, id=22936, stack(0x0000008a82500000,0x0000008a82600000) (1024K)]
  0x000001b506edb5b0 JavaThread "ForkJoinPool.commonPool-worker-4" daemon [_thread_blocked, id=3728, stack(0x0000008a82600000,0x0000008a82700000) (1024K)]
  0x000001b506edf0c0 JavaThread "ForkJoinPool.commonPool-worker-5" daemon [_thread_blocked, id=10316, stack(0x0000008a82700000,0x0000008a82800000) (1024K)]
  0x000001b506edbc40 JavaThread "ForkJoinPool.commonPool-worker-6" daemon [_thread_blocked, id=23524, stack(0x0000008a82800000,0x0000008a82900000) (1024K)]
  0x000001b506edf750 JavaThread "ForkJoinPool.commonPool-worker-7" daemon [_thread_blocked, id=18632, stack(0x0000008a82900000,0x0000008a82a00000) (1024K)]
  0x000001b506edc2d0 JavaThread "ForkJoinPool.commonPool-worker-8" daemon [_thread_blocked, id=20968, stack(0x0000008a82a00000,0x0000008a82b00000) (1024K)]
  0x000001b506edfde0 JavaThread "ForkJoinPool.commonPool-worker-9" daemon [_thread_blocked, id=6716, stack(0x0000008a82b00000,0x0000008a82c00000) (1024K)]
  0x000001b506ee0b00 JavaThread "ForkJoinPool.commonPool-worker-10" daemon [_thread_blocked, id=17952, stack(0x0000008a82c00000,0x0000008a82d00000) (1024K)]
  0x000001b506edd680 JavaThread "ForkJoinPool.commonPool-worker-11" daemon [_thread_blocked, id=20548, stack(0x0000008a82d00000,0x0000008a82e00000) (1024K)]
  0x000001b506ee1190 JavaThread "Exec process"               daemon [_thread_blocked, id=20352, stack(0x0000008a82e00000,0x0000008a82f00000) (1024K)]
  0x000001b506ee1eb0 JavaThread "Exec process Thread 2"      daemon [_thread_blocked, id=22852, stack(0x0000008a82f00000,0x0000008a83000000) (1024K)]
  0x000001b506ee1820 JavaThread "Exec process Thread 3"      daemon [_thread_blocked, id=11304, stack(0x0000008a83000000,0x0000008a83100000) (1024K)]
  0x000001b507f223c0 JavaThread "included builds"                   [_thread_blocked, id=21388, stack(0x0000008a83100000,0x0000008a83200000) (1024K)]
  0x000001b507f230e0 JavaThread "Execution worker"                  [_thread_blocked, id=10804, stack(0x0000008a83200000,0x0000008a83300000) (1024K)]
  0x000001b507f23770 JavaThread "Execution worker Thread 2"         [_thread_blocked, id=15728, stack(0x0000008a83300000,0x0000008a83400000) (1024K)]
  0x000001b5051dac10 JavaThread "Execution worker Thread 3"         [_thread_blocked, id=22932, stack(0x0000008a83400000,0x0000008a83500000) (1024K)]
  0x000001b5051d9ef0 JavaThread "Execution worker Thread 4"         [_thread_blocked, id=444, stack(0x0000008a83500000,0x0000008a83600000) (1024K)]
  0x000001b5051db930 JavaThread "Execution worker Thread 5"         [_thread_blocked, id=20772, stack(0x0000008a83600000,0x0000008a83700000) (1024K)]
  0x000001b5051dc650 JavaThread "Execution worker Thread 6"         [_thread_blocked, id=7024, stack(0x0000008a83700000,0x0000008a83800000) (1024K)]
  0x000001b5051dbfc0 JavaThread "Execution worker Thread 7"         [_thread_blocked, id=23108, stack(0x0000008a83800000,0x0000008a83900000) (1024K)]
  0x000001b5051db2a0 JavaThread "Execution worker Thread 8"         [_thread_blocked, id=13920, stack(0x0000008a83900000,0x0000008a83a00000) (1024K)]
  0x000001b5051dd370 JavaThread "Execution worker Thread 9"         [_thread_blocked, id=14388, stack(0x0000008a83a00000,0x0000008a83b00000) (1024K)]
  0x000001b5051dcce0 JavaThread "Execution worker Thread 10"        [_thread_blocked, id=2720, stack(0x0000008a83b00000,0x0000008a83c00000) (1024K)]
  0x000001b5051dda00 JavaThread "Execution worker Thread 11"        [_thread_blocked, id=18820, stack(0x0000008a83c00000,0x0000008a83d00000) (1024K)]
  0x000001b5051da580 JavaThread "Cache worker for execution history cache (C:\Users\manon\OneDrive\Desktop\sentinel\node_modules\@react-native\gradle-plugin\.gradle\8.14.3\executionHistory)"        [_thread_blocked, id=22668, stack(0x0000008a83d00000,0x0000008a83e00000) (1024K)]
  0x000001b5051dedb0 JavaThread "Unconstrained build operations Thread 40"        [_thread_blocked, id=22280, stack(0x0000008a83e00000,0x0000008a83f00000) (1024K)]
  0x000001b5051df440 JavaThread "Unconstrained build operations Thread 41"        [_thread_blocked, id=14688, stack(0x0000008a83f00000,0x0000008a84000000) (1024K)]
  0x000001b5051e07f0 JavaThread "Unconstrained build operations Thread 42"        [_thread_blocked, id=18684, stack(0x0000008a84000000,0x0000008a84100000) (1024K)]
  0x000001b5051e0160 JavaThread "Unconstrained build operations Thread 43"        [_thread_blocked, id=15088, stack(0x0000008a84100000,0x0000008a84200000) (1024K)]
  0x000001b5051de090 JavaThread "Unconstrained build operations Thread 44"        [_thread_blocked, id=3392, stack(0x0000008a84200000,0x0000008a84300000) (1024K)]
  0x000001b5051de720 JavaThread "Unconstrained build operations Thread 45"        [_thread_blocked, id=18844, stack(0x0000008a84300000,0x0000008a84400000) (1024K)]
  0x000001b5051e0e80 JavaThread "Unconstrained build operations Thread 46"        [_thread_blocked, id=20600, stack(0x0000008a84400000,0x0000008a84500000) (1024K)]
  0x000001b5051dfad0 JavaThread "Unconstrained build operations Thread 47"        [_thread_blocked, id=1740, stack(0x0000008a84500000,0x0000008a84600000) (1024K)]
  0x000001b5051e1510 JavaThread "Unconstrained build operations Thread 48"        [_thread_blocked, id=16692, stack(0x0000008a84600000,0x0000008a84700000) (1024K)]
  0x000001b50777b500 JavaThread "Unconstrained build operations Thread 49"        [_thread_blocked, id=17228, stack(0x0000008a84700000,0x0000008a84800000) (1024K)]
  0x000001b50777c8b0 JavaThread "Unconstrained build operations Thread 50"        [_thread_blocked, id=15632, stack(0x0000008a84800000,0x0000008a84900000) (1024K)]
  0x000001b50777bb90 JavaThread "Unconstrained build operations Thread 51"        [_thread_blocked, id=11296, stack(0x0000008a84900000,0x0000008a84a00000) (1024K)]
  0x000001b50777c220 JavaThread "Unconstrained build operations Thread 52"        [_thread_blocked, id=20644, stack(0x0000008a84a00000,0x0000008a84b00000) (1024K)]
  0x000001b50777cf40 JavaThread "Unconstrained build operations Thread 53"        [_thread_blocked, id=22772, stack(0x0000008a84b00000,0x0000008a84c00000) (1024K)]
  0x000001b50777ae70 JavaThread "Unconstrained build operations Thread 54"        [_thread_blocked, id=8612, stack(0x0000008a84c00000,0x0000008a84d00000) (1024K)]
  0x000001b50777a150 JavaThread "Unconstrained build operations Thread 55"        [_thread_blocked, id=13072, stack(0x0000008a84d00000,0x0000008a84e00000) (1024K)]
  0x000001b50777dc60 JavaThread "Unconstrained build operations Thread 56"        [_thread_blocked, id=10468, stack(0x0000008a84e00000,0x0000008a84f00000) (1024K)]
  0x000001b50777d5d0 JavaThread "Unconstrained build operations Thread 57"        [_thread_blocked, id=5208, stack(0x0000008a84f00000,0x0000008a85000000) (1024K)]
  0x000001b50777a7e0 JavaThread "Unconstrained build operations Thread 58"        [_thread_blocked, id=7532, stack(0x0000008a85000000,0x0000008a85100000) (1024K)]
  0x000001b50777e980 JavaThread "Unconstrained build operations Thread 59"        [_thread_blocked, id=8744, stack(0x0000008a85100000,0x0000008a85200000) (1024K)]
  0x000001b5077810e0 JavaThread "Unconstrained build operations Thread 60"        [_thread_blocked, id=17568, stack(0x0000008a85200000,0x0000008a85300000) (1024K)]
  0x000001b50777e2f0 JavaThread "Unconstrained build operations Thread 61"        [_thread_blocked, id=8412, stack(0x0000008a85300000,0x0000008a85400000) (1024K)]
  0x000001b50777f010 JavaThread "Unconstrained build operations Thread 62"        [_thread_blocked, id=11956, stack(0x0000008a85400000,0x0000008a85500000) (1024K)]
  0x000001b507781770 JavaThread "Unconstrained build operations Thread 63"        [_thread_blocked, id=11928, stack(0x0000008a85500000,0x0000008a85600000) (1024K)]
  0x000001b507780a50 JavaThread "Unconstrained build operations Thread 64"        [_thread_blocked, id=14496, stack(0x0000008a85600000,0x0000008a85700000) (1024K)]
  0x000001b5077803c0 JavaThread "Unconstrained build operations Thread 65"        [_thread_blocked, id=2156, stack(0x0000008a85700000,0x0000008a85800000) (1024K)]
  0x000001b50777f6a0 JavaThread "Unconstrained build operations Thread 66"        [_thread_blocked, id=10912, stack(0x0000008a85800000,0x0000008a85900000) (1024K)]
  0x000001b50777fd30 JavaThread "Unconstrained build operations Thread 67"        [_thread_blocked, id=22688, stack(0x0000008a85900000,0x0000008a85a00000) (1024K)]
  0x000001b506ede3a0 JavaThread "Unconstrained build operations Thread 68"        [_thread_blocked, id=12480, stack(0x0000008a85a00000,0x0000008a85b00000) (1024K)]
  0x000001b506edc960 JavaThread "Unconstrained build operations Thread 69"        [_thread_blocked, id=21140, stack(0x0000008a85b00000,0x0000008a85c00000) (1024K)]
  0x000001b506ee0470 JavaThread "Unconstrained build operations Thread 70"        [_thread_blocked, id=17828, stack(0x0000008a85c00000,0x0000008a85d00000) (1024K)]
  0x000001b5045f6960 JavaThread "Unconstrained build operations Thread 71"        [_thread_blocked, id=10088, stack(0x0000008a85d00000,0x0000008a85e00000) (1024K)]
  0x000001b5045f6ff0 JavaThread "Unconstrained build operations Thread 72"        [_thread_blocked, id=20048, stack(0x0000008a85e00000,0x0000008a85f00000) (1024K)]
  0x000001b5045f4f20 JavaThread "Unconstrained build operations Thread 73"        [_thread_blocked, id=16008, stack(0x0000008a85f00000,0x0000008a86000000) (1024K)]
  0x000001b5045f55b0 JavaThread "Unconstrained build operations Thread 74"        [_thread_blocked, id=17584, stack(0x0000008a86000000,0x0000008a86100000) (1024K)]
  0x000001b5045f5c40 JavaThread "Unconstrained build operations Thread 75"        [_thread_blocked, id=2776, stack(0x0000008a86100000,0x0000008a86200000) (1024K)]
  0x000001b5045f3b70 JavaThread "Unconstrained build operations Thread 76"        [_thread_blocked, id=1964, stack(0x0000008a86200000,0x0000008a86300000) (1024K)]
  0x000001b5045f4200 JavaThread "Unconstrained build operations Thread 77"        [_thread_blocked, id=18872, stack(0x0000008a86300000,0x0000008a86400000) (1024K)]
  0x000001b5045f62d0 JavaThread "Unconstrained build operations Thread 78"        [_thread_blocked, id=2664, stack(0x0000008a86400000,0x0000008a86500000) (1024K)]
  0x000001b5045f7680 JavaThread "Unconstrained build operations Thread 79"        [_thread_blocked, id=19356, stack(0x0000008a86500000,0x0000008a86600000) (1024K)]
  0x000001b5045f7d10 JavaThread "Unconstrained build operations Thread 80"        [_thread_blocked, id=23068, stack(0x0000008a86600000,0x0000008a86700000) (1024K)]
  0x000001b5045f4890 JavaThread "Unconstrained build operations Thread 81"        [_thread_blocked, id=20464, stack(0x0000008a86700000,0x0000008a86800000) (1024K)]
  0x000001b5045f9de0 JavaThread "Unconstrained build operations Thread 82"        [_thread_blocked, id=15404, stack(0x0000008a86800000,0x0000008a86900000) (1024K)]
  0x000001b5045f90c0 JavaThread "Unconstrained build operations Thread 83"        [_thread_blocked, id=9532, stack(0x0000008a86900000,0x0000008a86a00000) (1024K)]
  0x000001b5045fab00 JavaThread "Unconstrained build operations Thread 84"        [_thread_blocked, id=22008, stack(0x0000008a86a00000,0x0000008a86b00000) (1024K)]
  0x000001b5045fb190 JavaThread "Unconstrained build operations Thread 85"        [_thread_blocked, id=2596, stack(0x0000008a86b00000,0x0000008a86c00000) (1024K)]
  0x000001b5045f83a0 JavaThread "Unconstrained build operations Thread 86"        [_thread_blocked, id=20476, stack(0x0000008a86c00000,0x0000008a86d00000) (1024K)]
  0x000001b5045fa470 JavaThread "Unconstrained build operations Thread 87"        [_thread_blocked, id=13980, stack(0x0000008a86d00000,0x0000008a86e00000) (1024K)]
  0x000001b5045f9750 JavaThread "Unconstrained build operations Thread 88"        [_thread_blocked, id=22084, stack(0x0000008a86e00000,0x0000008a86f00000) (1024K)]
  0x000001b5045f8a30 JavaThread "Unconstrained build operations Thread 89"        [_thread_blocked, id=17892, stack(0x0000008a86f00000,0x0000008a87000000) (1024K)]
  0x000001b5088e5db0 JavaThread "Unconstrained build operations Thread 90"        [_thread_blocked, id=3580, stack(0x0000008a87000000,0x0000008a87100000) (1024K)]
  0x000001b5088e6440 JavaThread "Unconstrained build operations Thread 91"        [_thread_blocked, id=16104, stack(0x0000008a87100000,0x0000008a87200000) (1024K)]
  0x000001b5088e6ad0 JavaThread "Unconstrained build operations Thread 92"        [_thread_blocked, id=13080, stack(0x0000008a87200000,0x0000008a87300000) (1024K)]
  0x000001b5088e8510 JavaThread "Unconstrained build operations Thread 93"        [_thread_blocked, id=3176, stack(0x0000008a87300000,0x0000008a87400000) (1024K)]
  0x000001b5088ea5e0 JavaThread "Unconstrained build operations Thread 94"        [_thread_blocked, id=9208, stack(0x0000008a87400000,0x0000008a87500000) (1024K)]
  0x000001b5088e8ba0 JavaThread "Unconstrained build operations Thread 95"        [_thread_blocked, id=20148, stack(0x0000008a87500000,0x0000008a87600000) (1024K)]
  0x000001b5088e9230 JavaThread "Unconstrained build operations Thread 96"        [_thread_blocked, id=11480, stack(0x0000008a87600000,0x0000008a87700000) (1024K)]
  0x000001b5088e98c0 JavaThread "Unconstrained build operations Thread 97"        [_thread_blocked, id=22728, stack(0x0000008a87700000,0x0000008a87800000) (1024K)]
  0x000001b5088e7160 JavaThread "Unconstrained build operations Thread 98"        [_thread_blocked, id=464, stack(0x0000008a87800000,0x0000008a87900000) (1024K)]
  0x000001b5088e7e80 JavaThread "Unconstrained build operations Thread 99"        [_thread_blocked, id=4376, stack(0x0000008a87900000,0x0000008a87a00000) (1024K)]
  0x000001b5088e9f50 JavaThread "Unconstrained build operations Thread 100"        [_thread_blocked, id=2460, stack(0x0000008a87a00000,0x0000008a87b00000) (1024K)]
  0x000001b5088eac70 JavaThread "Unconstrained build operations Thread 101"        [_thread_blocked, id=22116, stack(0x0000008a87b00000,0x0000008a87c00000) (1024K)]
  0x000001b5088e77f0 JavaThread "Unconstrained build operations Thread 102"        [_thread_blocked, id=18804, stack(0x0000008a87c00000,0x0000008a87d00000) (1024K)]
  0x000001b5088eb300 JavaThread "Unconstrained build operations Thread 103"        [_thread_blocked, id=13300, stack(0x0000008a87d00000,0x0000008a87e00000) (1024K)]
  0x000001b5088ec6b0 JavaThread "Unconstrained build operations Thread 104"        [_thread_blocked, id=14872, stack(0x0000008a87e00000,0x0000008a87f00000) (1024K)]
  0x000001b5088ecd40 JavaThread "Unconstrained build operations Thread 105"        [_thread_blocked, id=14624, stack(0x0000008a87f00000,0x0000008a88000000) (1024K)]
  0x000001b5088ed3d0 JavaThread "Unconstrained build operations Thread 106"        [_thread_blocked, id=21044, stack(0x0000008a88000000,0x0000008a88100000) (1024K)]
  0x000001b5088eb990 JavaThread "Unconstrained build operations Thread 107"        [_thread_blocked, id=20416, stack(0x0000008a88100000,0x0000008a88200000) (1024K)]
  0x000001b5088ec020 JavaThread "Unconstrained build operations Thread 108"        [_thread_blocked, id=17184, stack(0x0000008a88200000,0x0000008a88300000) (1024K)]
  0x000001b50739ae90 JavaThread "Unconstrained build operations Thread 109"        [_thread_blocked, id=13864, stack(0x0000008a88300000,0x0000008a88400000) (1024K)]
  0x000001b507399450 JavaThread "Unconstrained build operations Thread 110"        [_thread_blocked, id=19496, stack(0x0000008a88400000,0x0000008a88500000) (1024K)]
  0x000001b50739b520 JavaThread "Unconstrained build operations Thread 111"        [_thread_blocked, id=17888, stack(0x0000008a88500000,0x0000008a88600000) (1024K)]
  0x000001b5073980a0 JavaThread "Unconstrained build operations Thread 112"        [_thread_blocked, id=18748, stack(0x0000008a88600000,0x0000008a88700000) (1024K)]
  0x000001b507399ae0 JavaThread "Unconstrained build operations Thread 113"        [_thread_blocked, id=5300, stack(0x0000008a88700000,0x0000008a88800000) (1024K)]
  0x000001b50739bbb0 JavaThread "Unconstrained build operations Thread 114"        [_thread_blocked, id=20292, stack(0x0000008a88800000,0x0000008a88900000) (1024K)]
  0x000001b5073a03e0 JavaThread "jar transforms Thread 2"           [_thread_blocked, id=17744, stack(0x0000008a88900000,0x0000008a88a00000) (1024K)]
  0x000001b50739f030 JavaThread "jar transforms Thread 3"           [_thread_blocked, id=22380, stack(0x0000008a88a00000,0x0000008a88b00000) (1024K)]
  0x000001b507398dc0 JavaThread "Unconstrained build operations Thread 115"        [_thread_blocked, id=2916, stack(0x0000008a88b00000,0x0000008a88c00000) (1024K)]
  0x000001b50739c240 JavaThread "Unconstrained build operations Thread 116"        [_thread_blocked, id=22652, stack(0x0000008a88c00000,0x0000008a88d00000) (1024K)]
  0x000001b50739c8d0 JavaThread "Unconstrained build operations Thread 117"        [_thread_blocked, id=21340, stack(0x0000008a88d00000,0x0000008a88e00000) (1024K)]
  0x000001b50739cf60 JavaThread "Unconstrained build operations Thread 118"        [_thread_blocked, id=19732, stack(0x0000008a88e00000,0x0000008a88f00000) (1024K)]
  0x000001b50739a800 JavaThread "Unconstrained build operations Thread 119"        [_thread_blocked, id=2124, stack(0x0000008a88f00000,0x0000008a89000000) (1024K)]
  0x000001b50739d5f0 JavaThread "Unconstrained build operations Thread 120"        [_thread_blocked, id=17884, stack(0x0000008a89000000,0x0000008a89100000) (1024K)]
  0x000001b5073a2b40 JavaThread "jar transforms Thread 4"           [_thread_blocked, id=21536, stack(0x0000008a89100000,0x0000008a89200000) (1024K)]
  0x000001b5073a5fc0 JavaThread "Problems report writer"            [_thread_blocked, id=20260, stack(0x0000008a82100000,0x0000008a82200000) (1024K)]
  0x000001b5073a6650 JavaThread "jar transforms Thread 5"           [_thread_blocked, id=4640, stack(0x0000008a89200000,0x0000008a89300000) (1024K)]
  0x000001b5073a6ce0 JavaThread "jar transforms Thread 6"           [_thread_blocked, id=21596, stack(0x0000008a89300000,0x0000008a89400000) (1024K)]
  0x000001b508f34a60 JavaThread "build event listener"              [_thread_blocked, id=22268, stack(0x0000008a89400000,0x0000008a89500000) (1024K)]
  0x000001b508f37ee0 JavaThread "jar transforms Thread 7"           [_thread_blocked, id=23268, stack(0x0000008a89500000,0x0000008a89600000) (1024K)]
  0x000001b508f364a0 JavaThread "jar transforms Thread 8"           [_thread_blocked, id=15488, stack(0x0000008a89600000,0x0000008a89700000) (1024K)]
  0x000001b508fb99a0 JavaThread "jar transforms Thread 9"           [_thread_blocked, id=4492, stack(0x0000008a89700000,0x0000008a89800000) (1024K)]
  0x000001b50e44c6c0 JavaThread "jar transforms Thread 10"          [_thread_blocked, id=11876, stack(0x0000008a89900000,0x0000008a89a00000) (1024K)]
=>0x000001b505e17c20 JavaThread "C2 CompilerThread1"         daemon [_thread_in_native, id=21732, stack(0x0000008a89800000,0x0000008a89900000) (1024K)]
  0x000001b508a0e0e0 JavaThread "jar transforms Thread 11"          [_thread_blocked, id=20916, stack(0x0000008a89a00000,0x0000008a89b00000) (1024K)]
  0x000001b508a0e770 JavaThread "jar transforms Thread 12"          [_thread_blocked, id=4524, stack(0x0000008a89b00000,0x0000008a89c00000) (1024K)]
Total: 197

Other Threads:
  0x000001b562831220 VMThread "VM Thread"                           [id=1608, stack(0x0000008afcb00000,0x0000008afcc00000) (1024K)]
  0x000001b562824200 WatcherThread "VM Periodic Task Thread"        [id=8620, stack(0x0000008afca00000,0x0000008afcb00000) (1024K)]
  0x000001b543043c00 WorkerThread "GC Thread#0"                     [id=20240, stack(0x0000008afc500000,0x0000008afc600000) (1024K)]
  0x000001b57e06e3d0 WorkerThread "GC Thread#1"                     [id=16064, stack(0x0000008afd700000,0x0000008afd800000) (1024K)]
  0x000001b562bdacd0 WorkerThread "GC Thread#2"                     [id=11332, stack(0x0000008afd800000,0x0000008afd900000) (1024K)]
  0x000001b57eda5d90 WorkerThread "GC Thread#3"                     [id=16884, stack(0x0000008afd900000,0x0000008afda00000) (1024K)]
  0x000001b57ed54b80 WorkerThread "GC Thread#4"                     [id=3476, stack(0x0000008afda00000,0x0000008afdb00000) (1024K)]
  0x000001b57f6348d0 WorkerThread "GC Thread#5"                     [id=21932, stack(0x0000008afe000000,0x0000008afe100000) (1024K)]
  0x000001b57eddfd30 WorkerThread "GC Thread#6"                     [id=14024, stack(0x0000008afe100000,0x0000008afe200000) (1024K)]
  0x000001b57ede00d0 WorkerThread "GC Thread#7"                     [id=3424, stack(0x0000008afe200000,0x0000008afe300000) (1024K)]
  0x000001b57f6b3c40 WorkerThread "GC Thread#8"                     [id=23304, stack(0x0000008afe300000,0x0000008afe400000) (1024K)]
  0x000001b57f6b4380 WorkerThread "GC Thread#9"                     [id=15048, stack(0x0000008afe400000,0x0000008afe500000) (1024K)]
  0x000001b543054be0 ConcurrentGCThread "G1 Main Marker"            [id=23364, stack(0x0000008afc600000,0x0000008afc700000) (1024K)]
  0x000001b543056560 WorkerThread "G1 Conc#0"                       [id=14572, stack(0x0000008afc700000,0x0000008afc800000) (1024K)]
  0x000001b57f6b3500 WorkerThread "G1 Conc#1"                       [id=16660, stack(0x0000008afd600000,0x0000008afd700000) (1024K)]
  0x000001b57f6b38a0 WorkerThread "G1 Conc#2"                       [id=5684, stack(0x0000008afed00000,0x0000008afee00000) (1024K)]
  0x000001b5626f5c90 ConcurrentGCThread "G1 Refine#0"               [id=12004, stack(0x0000008afc800000,0x0000008afc900000) (1024K)]
  0x000001b5626f71c0 ConcurrentGCThread "G1 Service"                [id=15000, stack(0x0000008afc900000,0x0000008afca00000) (1024K)]
Total: 18

Threads with active compile tasks:
C2 CompilerThread0  41397 15241       4       java.io.WinNTFileSystem::resolve (326 bytes)
C2 CompilerThread1  41397 15221   !   4       java.nio.file.Files::walkFileTree (297 bytes)
Total: 2

VM state: at safepoint (normal execution)

VM Mutex/Monitor currently owned by a thread:  ([mutex/lock_event])
[0x00007ff91ea76478] Threads_lock - owner thread: 0x000001b562831220
[0x00007ff91ea76578] Heap_lock - owner thread: 0x000001b507f1c7e0

Heap address: 0x0000000700000000, size: 4096 MB, Compressed Oops mode: Zero based, Oop shift amount: 3

CDS archive(s) mapped at: [0x000001b563000000-0x000001b563c80000-0x000001b563c80000), size 13107200, SharedBaseAddress: 0x000001b563000000, ArchiveRelocationMode: 1.
Compressed class space mapped at: 0x000001b564000000-0x000001b57e000000, reserved size: 436207616
Narrow klass base: 0x000001b563000000, Narrow klass shift: 0, Narrow klass range: 0x100000000

GC Precious Log:
 CardTable entry size: 512
 Card Set container configuration: InlinePtr #cards 4 size 8 Array Of Cards #cards 16 size 48 Howl #buckets 8 coarsen threshold 3686 Howl Bitmap #cards 512 size 80 coarsen threshold 460 Card regions per heap region 1 cards per card region 4096
 CPUs: 12 total, 12 available
 Memory: 7863M
 Large Page Support: Disabled
 NUMA Support: Disabled
 Compressed Oops: Enabled (Zero based)
 Heap Region Size: 2M
 Heap Min Capacity: 8M
 Heap Initial Capacity: 124M
 Heap Max Capacity: 4G
 Pre-touch: Disabled
 Parallel Workers: 10
 Concurrent Workers: 3
 Concurrent Refinement Workers: 10
 Periodic GC: Disabled

Heap:
 garbage-first heap   total 294912K, used 177871K [0x0000000700000000, 0x0000000800000000)
  region size 2048K, 4 young (8192K), 4 survivors (8192K)
 Metaspace       used 110645K, committed 113344K, reserved 557056K
  class space    used 15381K, committed 16704K, reserved 425984K

Heap Regions: E=young(eden), S=young(survivor), O=old, HS=humongous(starts), HC=humongous(continues), CS=collection set, F=free, TAMS=top-at-mark-start, PB=parsable bottom
|   0|0x0000000700000000, 0x0000000700200000, 0x0000000700200000|100%|HS|  |TAMS 0x0000000700000000| PB 0x0000000700000000| Complete 
|   1|0x0000000700200000, 0x0000000700400000, 0x0000000700400000|100%|HC|  |TAMS 0x0000000700200000| PB 0x0000000700200000| Complete 
|   2|0x0000000700400000, 0x0000000700600000, 0x0000000700600000|100%| O|  |TAMS 0x0000000700400000| PB 0x0000000700400000| Untracked 
|   3|0x0000000700600000, 0x0000000700800000, 0x0000000700800000|100%| O|  |TAMS 0x0000000700600000| PB 0x0000000700600000| Untracked 
|   4|0x0000000700800000, 0x0000000700a00000, 0x0000000700a00000|100%| O|  |TAMS 0x0000000700800000| PB 0x0000000700800000| Untracked 
|   5|0x0000000700a00000, 0x0000000700c00000, 0x0000000700c00000|100%| O|  |TAMS 0x0000000700a00000| PB 0x0000000700a00000| Untracked 
|   6|0x0000000700c00000, 0x0000000700e00000, 0x0000000700e00000|100%| O|  |TAMS 0x0000000700c00000| PB 0x0000000700c00000| Untracked 
|   7|0x0000000700e00000, 0x0000000701000000, 0x0000000701000000|100%| O|  |TAMS 0x0000000700e00000| PB 0x0000000700e00000| Untracked 
|   8|0x0000000701000000, 0x0000000701200000, 0x0000000701200000|100%| O|  |TAMS 0x0000000701000000| PB 0x0000000701000000| Untracked 
|   9|0x0000000701200000, 0x0000000701400000, 0x0000000701400000|100%| O|  |TAMS 0x0000000701200000| PB 0x0000000701200000| Untracked 
|  10|0x0000000701400000, 0x0000000701600000, 0x0000000701600000|100%| O|  |TAMS 0x0000000701400000| PB 0x0000000701400000| Untracked 
|  11|0x0000000701600000, 0x0000000701800000, 0x0000000701800000|100%| O|  |TAMS 0x0000000701600000| PB 0x0000000701600000| Untracked 
|  12|0x0000000701800000, 0x0000000701a00000, 0x0000000701a00000|100%| O|  |TAMS 0x0000000701800000| PB 0x0000000701800000| Untracked 
|  13|0x0000000701a00000, 0x0000000701c00000, 0x0000000701c00000|100%| O|  |TAMS 0x0000000701a00000| PB 0x0000000701a00000| Untracked 
|  14|0x0000000701c00000, 0x0000000701e00000, 0x0000000701e00000|100%| O|  |TAMS 0x0000000701c00000| PB 0x0000000701c00000| Untracked 
|  15|0x0000000701e00000, 0x0000000702000000, 0x0000000702000000|100%| O|  |TAMS 0x0000000701e00000| PB 0x0000000701e00000| Untracked 
|  16|0x0000000702000000, 0x0000000702200000, 0x0000000702200000|100%| O|  |TAMS 0x0000000702000000| PB 0x0000000702000000| Untracked 
|  17|0x0000000702200000, 0x0000000702400000, 0x0000000702400000|100%| O|  |TAMS 0x0000000702200000| PB 0x0000000702200000| Untracked 
|  18|0x0000000702400000, 0x0000000702600000, 0x0000000702600000|100%| O|  |TAMS 0x0000000702400000| PB 0x0000000702400000| Untracked 
|  19|0x0000000702600000, 0x0000000702800000, 0x0000000702800000|100%| O|  |TAMS 0x0000000702600000| PB 0x0000000702600000| Untracked 
|  20|0x0000000702800000, 0x0000000702a00000, 0x0000000702a00000|100%| O|  |TAMS 0x0000000702800000| PB 0x0000000702800000| Untracked 
|  21|0x0000000702a00000, 0x0000000702c00000, 0x0000000702c00000|100%| O|  |TAMS 0x0000000702a00000| PB 0x0000000702a00000| Untracked 
|  22|0x0000000702c00000, 0x0000000702e00000, 0x0000000702e00000|100%| O|  |TAMS 0x0000000702c00000| PB 0x0000000702c00000| Untracked 
|  23|0x0000000702e00000, 0x0000000703000000, 0x0000000703000000|100%| O|  |TAMS 0x0000000702e00000| PB 0x0000000702e00000| Untracked 
|  24|0x0000000703000000, 0x0000000703200000, 0x0000000703200000|100%| O|  |TAMS 0x0000000703000000| PB 0x0000000703000000| Untracked 
|  25|0x0000000703200000, 0x0000000703400000, 0x0000000703400000|100%| O|  |TAMS 0x0000000703200000| PB 0x0000000703200000| Untracked 
|  26|0x0000000703400000, 0x0000000703600000, 0x0000000703600000|100%|HS|  |TAMS 0x0000000703400000| PB 0x0000000703400000| Complete 
|  27|0x0000000703600000, 0x0000000703800000, 0x0000000703800000|100%|HC|  |TAMS 0x0000000703600000| PB 0x0000000703600000| Complete 
|  28|0x0000000703800000, 0x0000000703a00000, 0x0000000703a00000|100%|HS|  |TAMS 0x0000000703800000| PB 0x0000000703800000| Complete 
|  29|0x0000000703a00000, 0x0000000703c00000, 0x0000000703c00000|100%|HC|  |TAMS 0x0000000703a00000| PB 0x0000000703a00000| Complete 
|  30|0x0000000703c00000, 0x0000000703e00000, 0x0000000703e00000|100%| O|  |TAMS 0x0000000703c00000| PB 0x0000000703c00000| Untracked 
|  31|0x0000000703e00000, 0x0000000704000000, 0x0000000704000000|100%| O|  |TAMS 0x0000000703e00000| PB 0x0000000703e00000| Untracked 
|  32|0x0000000704000000, 0x0000000704200000, 0x0000000704200000|100%| O|  |TAMS 0x0000000704000000| PB 0x0000000704000000| Untracked 
|  33|0x0000000704200000, 0x0000000704400000, 0x0000000704400000|100%| O|  |TAMS 0x0000000704200000| PB 0x0000000704200000| Untracked 
|  34|0x0000000704400000, 0x0000000704600000, 0x0000000704600000|100%| O|  |TAMS 0x0000000704400000| PB 0x0000000704400000| Untracked 
|  35|0x0000000704600000, 0x0000000704800000, 0x0000000704800000|100%| O|  |TAMS 0x0000000704600000| PB 0x0000000704600000| Untracked 
|  36|0x0000000704800000, 0x0000000704a00000, 0x0000000704a00000|100%| O|  |TAMS 0x0000000704800000| PB 0x0000000704800000| Untracked 
|  37|0x0000000704a00000, 0x0000000704c00000, 0x0000000704c00000|100%| O|  |TAMS 0x0000000704a00000| PB 0x0000000704a00000| Untracked 
|  38|0x0000000704c00000, 0x0000000704e00000, 0x0000000704e00000|100%| O|  |TAMS 0x0000000704c00000| PB 0x0000000704c00000| Untracked 
|  39|0x0000000704e00000, 0x0000000705000000, 0x0000000705000000|100%| O|  |TAMS 0x0000000704e00000| PB 0x0000000704e00000| Untracked 
|  40|0x0000000705000000, 0x0000000705200000, 0x0000000705200000|100%| O|  |TAMS 0x0000000705000000| PB 0x0000000705000000| Untracked 
|  41|0x0000000705200000, 0x0000000705400000, 0x0000000705400000|100%| O|  |TAMS 0x0000000705200000| PB 0x0000000705200000| Untracked 
|  42|0x0000000705400000, 0x0000000705600000, 0x0000000705600000|100%|HS|  |TAMS 0x0000000705400000| PB 0x0000000705400000| Complete 
|  43|0x0000000705600000, 0x0000000705800000, 0x0000000705800000|100%|HC|  |TAMS 0x0000000705600000| PB 0x0000000705600000| Complete 
|  44|0x0000000705800000, 0x0000000705a00000, 0x0000000705a00000|100%| O|  |TAMS 0x0000000705800000| PB 0x0000000705800000| Untracked 
|  45|0x0000000705a00000, 0x0000000705c00000, 0x0000000705c00000|100%| O|  |TAMS 0x0000000705a00000| PB 0x0000000705a00000| Untracked 
|  46|0x0000000705c00000, 0x0000000705e00000, 0x0000000705e00000|100%| O|  |TAMS 0x0000000705c00000| PB 0x0000000705c00000| Untracked 
|  47|0x0000000705e00000, 0x0000000706000000, 0x0000000706000000|100%| O|  |TAMS 0x0000000705e00000| PB 0x0000000705e00000| Untracked 
|  48|0x0000000706000000, 0x0000000706200000, 0x0000000706200000|100%| O|  |TAMS 0x0000000706000000| PB 0x0000000706000000| Untracked 
|  49|0x0000000706200000, 0x0000000706400000, 0x0000000706400000|100%| O|  |TAMS 0x0000000706200000| PB 0x0000000706200000| Untracked 
|  50|0x0000000706400000, 0x0000000706600000, 0x0000000706600000|100%| O|  |TAMS 0x0000000706400000| PB 0x0000000706400000| Untracked 
|  51|0x0000000706600000, 0x0000000706800000, 0x0000000706800000|100%| O|  |TAMS 0x0000000706600000| PB 0x0000000706600000| Untracked 
|  52|0x0000000706800000, 0x0000000706a00000, 0x0000000706a00000|100%| O|  |TAMS 0x0000000706800000| PB 0x0000000706800000| Untracked 
|  53|0x0000000706a00000, 0x0000000706c00000, 0x0000000706c00000|100%| O|  |TAMS 0x0000000706a00000| PB 0x0000000706a00000| Untracked 
|  54|0x0000000706c00000, 0x0000000706e00000, 0x0000000706e00000|100%| O|  |TAMS 0x0000000706c00000| PB 0x0000000706c00000| Untracked 
|  55|0x0000000706e00000, 0x0000000707000000, 0x0000000707000000|100%| O|  |TAMS 0x0000000706e00000| PB 0x0000000706e00000| Untracked 
|  56|0x0000000707000000, 0x0000000707200000, 0x0000000707200000|100%| O|  |TAMS 0x0000000707000000| PB 0x0000000707000000| Untracked 
|  57|0x0000000707200000, 0x0000000707400000, 0x0000000707400000|100%| O|  |TAMS 0x0000000707200000| PB 0x0000000707200000| Untracked 
|  58|0x0000000707400000, 0x0000000707600000, 0x0000000707600000|100%| O|  |TAMS 0x0000000707400000| PB 0x0000000707400000| Untracked 
|  59|0x0000000707600000, 0x0000000707800000, 0x0000000707800000|100%| O|  |TAMS 0x0000000707600000| PB 0x0000000707600000| Untracked 
|  60|0x0000000707800000, 0x0000000707a00000, 0x0000000707a00000|100%| O|  |TAMS 0x0000000707800000| PB 0x0000000707800000| Untracked 
|  61|0x0000000707a00000, 0x0000000707c00000, 0x0000000707c00000|100%| O|  |TAMS 0x0000000707a00000| PB 0x0000000707a00000| Untracked 
|  62|0x0000000707c00000, 0x0000000707e00000, 0x0000000707e00000|100%| O|  |TAMS 0x0000000707c00000| PB 0x0000000707c00000| Untracked 
|  63|0x0000000707e00000, 0x0000000708000000, 0x0000000708000000|100%| O|  |TAMS 0x0000000707e00000| PB 0x0000000707e00000| Untracked 
|  64|0x0000000708000000, 0x0000000708200000, 0x0000000708200000|100%| O|  |TAMS 0x0000000708000000| PB 0x0000000708000000| Untracked 
|  65|0x0000000708200000, 0x0000000708400000, 0x0000000708400000|100%| O|  |TAMS 0x0000000708200000| PB 0x0000000708200000| Untracked 
|  66|0x0000000708400000, 0x0000000708600000, 0x0000000708600000|100%| O|  |TAMS 0x0000000708400000| PB 0x0000000708400000| Untracked 
|  67|0x0000000708600000, 0x0000000708800000, 0x0000000708800000|100%| O|Cm|TAMS 0x0000000708600000| PB 0x0000000708600000| Complete 
|  68|0x0000000708800000, 0x0000000708a00000, 0x0000000708a00000|100%| O|  |TAMS 0x0000000708800000| PB 0x0000000708800000| Untracked 
|  69|0x0000000708a00000, 0x0000000708c00000, 0x0000000708c00000|100%| O|Cm|TAMS 0x0000000708a00000| PB 0x0000000708a00000| Complete 
|  70|0x0000000708c00000, 0x0000000708c00000, 0x0000000708e00000|  0%| F|  |TAMS 0x0000000708c00000| PB 0x0000000708c00000| Untracked 
|  71|0x0000000708e00000, 0x0000000709000000, 0x0000000709000000|100%| O|Cm|TAMS 0x0000000708e00000| PB 0x0000000708e00000| Complete 
|  72|0x0000000709000000, 0x0000000709200000, 0x0000000709200000|100%|HS|  |TAMS 0x0000000709000000| PB 0x0000000709000000| Complete 
|  73|0x0000000709200000, 0x0000000709400000, 0x0000000709400000|100%|HS|  |TAMS 0x0000000709200000| PB 0x0000000709200000| Complete 
|  74|0x0000000709400000, 0x0000000709600000, 0x0000000709600000|100%|HC|  |TAMS 0x0000000709400000| PB 0x0000000709400000| Complete 
|  75|0x0000000709600000, 0x0000000709800000, 0x0000000709800000|100%| O|  |TAMS 0x0000000709600000| PB 0x0000000709600000| Untracked 
|  76|0x0000000709800000, 0x0000000709a00000, 0x0000000709a00000|100%| O|  |TAMS 0x0000000709800000| PB 0x0000000709800000| Untracked 
|  77|0x0000000709a00000, 0x0000000709c00000, 0x0000000709c00000|100%| O|  |TAMS 0x0000000709a00000| PB 0x0000000709a00000| Untracked 
|  78|0x0000000709c00000, 0x0000000709e00000, 0x0000000709e00000|100%| O|  |TAMS 0x0000000709c00000| PB 0x0000000709c00000| Untracked 
|  79|0x0000000709e00000, 0x000000070a000000, 0x000000070a000000|100%| O|  |TAMS 0x0000000709e00000| PB 0x0000000709e00000| Untracked 
|  80|0x000000070a000000, 0x000000070a200000, 0x000000070a200000|100%| O|  |TAMS 0x000000070a000000| PB 0x000000070a000000| Untracked 
|  81|0x000000070a200000, 0x000000070a400000, 0x000000070a400000|100%| O|  |TAMS 0x000000070a200000| PB 0x000000070a200000| Untracked 
|  82|0x000000070a400000, 0x000000070a600000, 0x000000070a600000|100%| O|  |TAMS 0x000000070a400000| PB 0x000000070a400000| Untracked 
|  83|0x000000070a600000, 0x000000070a754500, 0x000000070a800000| 66%| O|  |TAMS 0x000000070a600000| PB 0x000000070a600000| Untracked 
|  84|0x000000070a800000, 0x000000070a800000, 0x000000070aa00000|  0%| F|  |TAMS 0x000000070a800000| PB 0x000000070a800000| Untracked 
|  85|0x000000070aa00000, 0x000000070aa00000, 0x000000070ac00000|  0%| F|  |TAMS 0x000000070aa00000| PB 0x000000070aa00000| Untracked 
|  86|0x000000070ac00000, 0x000000070ac00000, 0x000000070ae00000|  0%| F|  |TAMS 0x000000070ac00000| PB 0x000000070ac00000| Untracked 
|  87|0x000000070ae00000, 0x000000070ae00000, 0x000000070b000000|  0%| F|  |TAMS 0x000000070ae00000| PB 0x000000070ae00000| Untracked 
|  88|0x000000070b000000, 0x000000070b000000, 0x000000070b200000|  0%| F|  |TAMS 0x000000070b000000| PB 0x000000070b000000| Untracked 
|  89|0x000000070b200000, 0x000000070b200000, 0x000000070b400000|  0%| F|  |TAMS 0x000000070b200000| PB 0x000000070b200000| Untracked 
|  90|0x000000070b400000, 0x000000070b400000, 0x000000070b600000|  0%| F|  |TAMS 0x000000070b400000| PB 0x000000070b400000| Untracked 
|  91|0x000000070b600000, 0x000000070b600000, 0x000000070b800000|  0%| F|  |TAMS 0x000000070b600000| PB 0x000000070b600000| Untracked 
|  92|0x000000070b800000, 0x000000070b800000, 0x000000070ba00000|  0%| F|  |TAMS 0x000000070b800000| PB 0x000000070b800000| Untracked 
|  93|0x000000070ba00000, 0x000000070ba00000, 0x000000070bc00000|  0%| F|  |TAMS 0x000000070ba00000| PB 0x000000070ba00000| Untracked 
|  94|0x000000070bc00000, 0x000000070bc00000, 0x000000070be00000|  0%| F|  |TAMS 0x000000070bc00000| PB 0x000000070bc00000| Untracked 
|  95|0x000000070be00000, 0x000000070be00000, 0x000000070c000000|  0%| F|  |TAMS 0x000000070be00000| PB 0x000000070be00000| Untracked 
|  96|0x000000070c000000, 0x000000070c05f720, 0x000000070c200000| 18%| S|CS|TAMS 0x000000070c000000| PB 0x000000070c000000| Complete 
|  97|0x000000070c200000, 0x000000070c400000, 0x000000070c400000|100%| S|CS|TAMS 0x000000070c200000| PB 0x000000070c200000| Complete 
|  98|0x000000070c400000, 0x000000070c600000, 0x000000070c600000|100%| S|CS|TAMS 0x000000070c400000| PB 0x000000070c400000| Complete 
|  99|0x000000070c600000, 0x000000070c800000, 0x000000070c800000|100%| S|CS|TAMS 0x000000070c600000| PB 0x000000070c600000| Complete 
| 100|0x000000070c800000, 0x000000070c800000, 0x000000070ca00000|  0%| F|  |TAMS 0x000000070c800000| PB 0x000000070c800000| Untracked 
| 101|0x000000070ca00000, 0x000000070ca00000, 0x000000070cc00000|  0%| F|  |TAMS 0x000000070ca00000| PB 0x000000070ca00000| Untracked 
| 102|0x000000070cc00000, 0x000000070cc00000, 0x000000070ce00000|  0%| F|  |TAMS 0x000000070cc00000| PB 0x000000070cc00000| Untracked 
| 103|0x000000070ce00000, 0x000000070ce00000, 0x000000070d000000|  0%| F|  |TAMS 0x000000070ce00000| PB 0x000000070ce00000| Untracked 
| 104|0x000000070d000000, 0x000000070d000000, 0x000000070d200000|  0%| F|  |TAMS 0x000000070d000000| PB 0x000000070d000000| Untracked 
| 105|0x000000070d200000, 0x000000070d200000, 0x000000070d400000|  0%| F|  |TAMS 0x000000070d200000| PB 0x000000070d200000| Untracked 
| 106|0x000000070d400000, 0x000000070d400000, 0x000000070d600000|  0%| F|  |TAMS 0x000000070d400000| PB 0x000000070d400000| Untracked 
| 107|0x000000070d600000, 0x000000070d600000, 0x000000070d800000|  0%| F|  |TAMS 0x000000070d600000| PB 0x000000070d600000| Untracked 
| 108|0x000000070d800000, 0x000000070d800000, 0x000000070da00000|  0%| F|  |TAMS 0x000000070d800000| PB 0x000000070d800000| Untracked 
| 109|0x000000070da00000, 0x000000070da00000, 0x000000070dc00000|  0%| F|  |TAMS 0x000000070da00000| PB 0x000000070da00000| Untracked 
| 110|0x000000070dc00000, 0x000000070dc00000, 0x000000070de00000|  0%| F|  |TAMS 0x000000070dc00000| PB 0x000000070dc00000| Untracked 
| 111|0x000000070de00000, 0x000000070de00000, 0x000000070e000000|  0%| F|  |TAMS 0x000000070de00000| PB 0x000000070de00000| Untracked 
| 112|0x000000070e000000, 0x000000070e000000, 0x000000070e200000|  0%| F|  |TAMS 0x000000070e000000| PB 0x000000070e000000| Untracked 
| 113|0x000000070e200000, 0x000000070e200000, 0x000000070e400000|  0%| F|  |TAMS 0x000000070e200000| PB 0x000000070e200000| Untracked 
| 114|0x000000070e400000, 0x000000070e400000, 0x000000070e600000|  0%| F|  |TAMS 0x000000070e400000| PB 0x000000070e400000| Untracked 
| 115|0x000000070e600000, 0x000000070e600000, 0x000000070e800000|  0%| F|  |TAMS 0x000000070e600000| PB 0x000000070e600000| Untracked 
| 116|0x000000070e800000, 0x000000070e800000, 0x000000070ea00000|  0%| F|  |TAMS 0x000000070e800000| PB 0x000000070e800000| Untracked 
| 117|0x000000070ea00000, 0x000000070ea00000, 0x000000070ec00000|  0%| F|  |TAMS 0x000000070ea00000| PB 0x000000070ea00000| Untracked 
| 118|0x000000070ec00000, 0x000000070ec00000, 0x000000070ee00000|  0%| F|  |TAMS 0x000000070ec00000| PB 0x000000070ec00000| Untracked 
| 119|0x000000070ee00000, 0x000000070ee00000, 0x000000070f000000|  0%| F|  |TAMS 0x000000070ee00000| PB 0x000000070ee00000| Untracked 
| 120|0x000000070f000000, 0x000000070f000000, 0x000000070f200000|  0%| F|  |TAMS 0x000000070f000000| PB 0x000000070f000000| Untracked 
| 121|0x000000070f200000, 0x000000070f200000, 0x000000070f400000|  0%| F|  |TAMS 0x000000070f200000| PB 0x000000070f200000| Untracked 
| 122|0x000000070f400000, 0x000000070f400000, 0x000000070f600000|  0%| F|  |TAMS 0x000000070f400000| PB 0x000000070f400000| Untracked 
| 123|0x000000070f600000, 0x000000070f600000, 0x000000070f800000|  0%| F|  |TAMS 0x000000070f600000| PB 0x000000070f600000| Untracked 
| 124|0x000000070f800000, 0x000000070f800000, 0x000000070fa00000|  0%| F|  |TAMS 0x000000070f800000| PB 0x000000070f800000| Untracked 
| 125|0x000000070fa00000, 0x000000070fa00000, 0x000000070fc00000|  0%| F|  |TAMS 0x000000070fa00000| PB 0x000000070fa00000| Untracked 
| 126|0x000000070fc00000, 0x000000070fc00000, 0x000000070fe00000|  0%| F|  |TAMS 0x000000070fc00000| PB 0x000000070fc00000| Untracked 
| 127|0x000000070fe00000, 0x000000070fe00000, 0x0000000710000000|  0%| F|  |TAMS 0x000000070fe00000| PB 0x000000070fe00000| Untracked 
| 128|0x0000000710000000, 0x0000000710000000, 0x0000000710200000|  0%| F|  |TAMS 0x0000000710000000| PB 0x0000000710000000| Untracked 
| 129|0x0000000710200000, 0x0000000710200000, 0x0000000710400000|  0%| F|  |TAMS 0x0000000710200000| PB 0x0000000710200000| Untracked 
| 130|0x0000000710400000, 0x0000000710400000, 0x0000000710600000|  0%| F|  |TAMS 0x0000000710400000| PB 0x0000000710400000| Untracked 
| 131|0x0000000710600000, 0x0000000710600000, 0x0000000710800000|  0%| F|  |TAMS 0x0000000710600000| PB 0x0000000710600000| Untracked 
| 132|0x0000000710800000, 0x0000000710800000, 0x0000000710a00000|  0%| F|  |TAMS 0x0000000710800000| PB 0x0000000710800000| Untracked 
| 133|0x0000000710a00000, 0x0000000710a00000, 0x0000000710c00000|  0%| F|  |TAMS 0x0000000710a00000| PB 0x0000000710a00000| Untracked 
| 134|0x0000000710c00000, 0x0000000710c00000, 0x0000000710e00000|  0%| F|  |TAMS 0x0000000710c00000| PB 0x0000000710c00000| Untracked 
| 135|0x0000000710e00000, 0x0000000710e00000, 0x0000000711000000|  0%| F|  |TAMS 0x0000000710e00000| PB 0x0000000710e00000| Untracked 
| 136|0x0000000711000000, 0x0000000711000000, 0x0000000711200000|  0%| F|  |TAMS 0x0000000711000000| PB 0x0000000711000000| Untracked 
| 137|0x0000000711200000, 0x0000000711200000, 0x0000000711400000|  0%| F|  |TAMS 0x0000000711200000| PB 0x0000000711200000| Untracked 
| 138|0x0000000711400000, 0x0000000711400000, 0x0000000711600000|  0%| F|  |TAMS 0x0000000711400000| PB 0x0000000711400000| Untracked 
| 139|0x0000000711600000, 0x0000000711600000, 0x0000000711800000|  0%| F|  |TAMS 0x0000000711600000| PB 0x0000000711600000| Untracked 
| 140|0x0000000711800000, 0x0000000711800000, 0x0000000711a00000|  0%| F|  |TAMS 0x0000000711800000| PB 0x0000000711800000| Untracked 
| 141|0x0000000711a00000, 0x0000000711a00000, 0x0000000711c00000|  0%| F|  |TAMS 0x0000000711a00000| PB 0x0000000711a00000| Untracked 
| 142|0x0000000711c00000, 0x0000000711c00000, 0x0000000711e00000|  0%| F|  |TAMS 0x0000000711c00000| PB 0x0000000711c00000| Untracked 
|2047|0x00000007ffe00000, 0x0000000800000000, 0x0000000800000000|100%| O|  |TAMS 0x00000007ffe00000| PB 0x00000007ffe00000| Untracked 

Card table byte_map: [0x000001b55b410000,0x000001b55bc10000] _byte_map_base: 0x000001b557c10000

Marking Bits: (CMBitMap*) 0x000001b543044300
 Bits: [0x000001b55bc10000, 0x000001b55fc10000)

Polling page: 0x000001b540e20000

Metaspace:

Usage:
  Non-class:     93.03 MB used.
      Class:     15.02 MB used.
       Both:    108.05 MB used.

Virtual space:
  Non-class space:      128.00 MB reserved,      94.38 MB ( 74%) committed,  2 nodes.
      Class space:      416.00 MB reserved,      16.31 MB (  4%) committed,  1 nodes.
             Both:      544.00 MB reserved,     110.69 MB ( 20%) committed. 

Chunk freelists:
   Non-Class:  1.00 MB
       Class:  15.70 MB
        Both:  16.70 MB

MaxMetaspaceSize: 512.00 MB
CompressedClassSpaceSize: 416.00 MB
Initial GC threshold: 21.00 MB
Current GC threshold: 184.50 MB
CDS: on
 - commit_granule_bytes: 65536.
 - commit_granule_words: 8192.
 - virtual_space_node_default_size: 8388608.
 - enlarge_chunks_in_place: 1.
 - use_allocation_guard: 0.


Internal statistics:

num_allocs_failed_limit: 6.
num_arena_births: 4590.
num_arena_deaths: 0.
num_vsnodes_births: 3.
num_vsnodes_deaths: 0.
num_space_committed: 1771.
num_space_uncommitted: 0.
num_chunks_returned_to_freelist: 6.
num_chunks_taken_from_freelist: 9937.
num_chunk_merges: 3.
num_chunk_splits: 6461.
num_chunks_enlarged: 4021.
num_inconsistent_stats: 0.

CodeHeap 'non-profiled nmethods': size=120000Kb used=7997Kb max_used=7997Kb free=112002Kb
 bounds [0x000001b553190000, 0x000001b553960000, 0x000001b55a6c0000]
CodeHeap 'profiled nmethods': size=120000Kb used=24331Kb max_used=25163Kb free=95668Kb
 bounds [0x000001b54b6c0000, 0x000001b54cf60000, 0x000001b552bf0000]
CodeHeap 'non-nmethods': size=5760Kb used=2955Kb max_used=3034Kb free=2804Kb
 bounds [0x000001b552bf0000, 0x000001b552ef0000, 0x000001b553190000]
 total_blobs=13697 nmethods=12664 adapters=936
 compilation: enabled
              stopped_count=0, restarted_count=0
 full_count=0

Compilation events (20 events):
Event: 40.169 Thread 0x000001b56285c410 nmethod 15220 0x000001b55372aa90 code [0x000001b55372ac40, 0x000001b55372af60]
Event: 40.169 Thread 0x000001b56285c410 15231       4       org.gradle.internal.operations.DefaultBuildOperationProgressEventEmitter::emitIfCurrent (23 bytes)
Event: 40.201 Thread 0x000001b56285c410 nmethod 15231 0x000001b553729590 code [0x000001b5537297e0, 0x000001b55372a110]
Event: 40.202 Thread 0x000001b56285c410 15232       4       java.io.BufferedOutputStream::growIfNeeded (59 bytes)
Event: 40.203 Thread 0x000001b56285c410 nmethod 15232 0x000001b553729010 code [0x000001b5537291a0, 0x000001b553729290]
Event: 40.203 Thread 0x000001b56285c410 15219       4       org.gradle.internal.operations.DefaultBuildOperationRunner::call (24 bytes)
Event: 40.213 Thread 0x000001b56285c410 nmethod 15219 0x000001b553353c10 code [0x000001b553353de0, 0x000001b553354138]
Event: 40.213 Thread 0x000001b56285c410 15234       4       org.gradle.internal.snapshot.CompositeFileSystemSnapshot::of (56 bytes)
Event: 40.221 Thread 0x000001b56285c410 nmethod 15234 0x000001b553353490 code [0x000001b553353660, 0x000001b553353998]
Event: 40.222 Thread 0x000001b56285c410 15237       4       org.gradle.internal.fingerprint.impl.DefaultFileCollectionSnapshotter::snapshot (46 bytes)
Event: 40.238 Thread 0x000001b56285c410 nmethod 15237 0x000001b553352790 code [0x000001b5533529a0, 0x000001b553353018]
Event: 40.238 Thread 0x000001b56285c410 15235       4       org.gradle.internal.execution.steps.BuildOperationStep$1::call (11 bytes)
Event: 40.239 Thread 0x000001b56285c410 nmethod 15235 0x000001b553352490 code [0x000001b553352620, 0x000001b5533526d8]
Event: 40.239 Thread 0x000001b56285c410 15236       4       org.gradle.internal.execution.steps.BuildOperationStep::operation (20 bytes)
Event: 40.251 Thread 0x000001b56285c410 nmethod 15236 0x000001b553351990 code [0x000001b553351b80, 0x000001b553351fa8]
Event: 40.251 Thread 0x000001b56285c410 15233       4       org.gradle.api.internal.artifacts.transform.AbstractTransformExecution::getBuildOperationWorkType (6 bytes)
Event: 40.253 Thread 0x000001b56285c410 nmethod 15233 0x000001b55395e190 code [0x000001b55395e320, 0x000001b55395e408]
Event: 40.259 Thread 0x000001b56285c410 15238       4       java.util.stream.Streams$StreamBuilderImpl::forEachRemaining (30 bytes)
Event: 40.283 Thread 0x000001b56285c410 nmethod 15238 0x000001b55395e510 code [0x000001b55395e720, 0x000001b55395f1d0]
Event: 40.283 Thread 0x000001b56285c410 15241       4       java.io.WinNTFileSystem::resolve (326 bytes)

GC Heap History (20 events):
Event: 31.658 GC heap after
{Heap after GC invocations=48 (full 0):
 garbage-first heap   total 212992K, used 125854K [0x0000000700000000, 0x0000000800000000)
  region size 2048K, 2 young (4096K), 2 survivors (4096K)
 Metaspace       used 99696K, committed 102208K, reserved 557056K
  class space    used 13747K, committed 14976K, reserved 425984K
}
Event: 32.938 GC heap before
{Heap before GC invocations=48 (full 0):
 garbage-first heap   total 212992K, used 193438K [0x0000000700000000, 0x0000000800000000)
  region size 2048K, 35 young (71680K), 2 survivors (4096K)
 Metaspace       used 103926K, committed 106432K, reserved 557056K
  class space    used 14397K, committed 15680K, reserved 425984K
}
Event: 32.946 GC heap after
{Heap after GC invocations=49 (full 0):
 garbage-first heap   total 212992K, used 126506K [0x0000000700000000, 0x0000000800000000)
  region size 2048K, 3 young (6144K), 3 survivors (6144K)
 Metaspace       used 103926K, committed 106432K, reserved 557056K
  class space    used 14397K, committed 15680K, reserved 425984K
}
Event: 34.123 GC heap before
{Heap before GC invocations=49 (full 0):
 garbage-first heap   total 212992K, used 192042K [0x0000000700000000, 0x0000000800000000)
  region size 2048K, 35 young (71680K), 3 survivors (6144K)
 Metaspace       used 106798K, committed 109376K, reserved 557056K
  class space    used 14806K, committed 16128K, reserved 425984K
}
Event: 34.131 GC heap after
{Heap after GC invocations=50 (full 0):
 garbage-first heap   total 212992K, used 131474K [0x0000000700000000, 0x0000000800000000)
  region size 2048K, 5 young (10240K), 5 survivors (10240K)
 Metaspace       used 106798K, committed 109376K, reserved 557056K
  class space    used 14806K, committed 16128K, reserved 425984K
}
Event: 35.763 GC heap before
{Heap before GC invocations=51 (full 0):
 garbage-first heap   total 223232K, used 188818K [0x0000000700000000, 0x0000000800000000)
  region size 2048K, 33 young (67584K), 5 survivors (10240K)
 Metaspace       used 107790K, committed 110400K, reserved 557056K
  class space    used 14934K, committed 16256K, reserved 425984K
}
Event: 35.779 GC heap after
{Heap after GC invocations=52 (full 0):
 garbage-first heap   total 223232K, used 138087K [0x0000000700000000, 0x0000000800000000)
  region size 2048K, 5 young (10240K), 5 survivors (10240K)
 Metaspace       used 107790K, committed 110400K, reserved 557056K
  class space    used 14934K, committed 16256K, reserved 425984K
}
Event: 36.306 GC heap before
{Heap before GC invocations=52 (full 0):
 garbage-first heap   total 223232K, used 197479K [0x0000000700000000, 0x0000000800000000)
  region size 2048K, 35 young (71680K), 5 survivors (10240K)
 Metaspace       used 107809K, committed 110464K, reserved 557056K
  class space    used 14934K, committed 16256K, reserved 425984K
}
Event: 36.319 GC heap after
{Heap after GC invocations=53 (full 0):
 garbage-first heap   total 223232K, used 140843K [0x0000000700000000, 0x0000000800000000)
  region size 2048K, 3 young (6144K), 3 survivors (6144K)
 Metaspace       used 107809K, committed 110464K, reserved 557056K
  class space    used 14934K, committed 16256K, reserved 425984K
}
Event: 36.834 GC heap before
{Heap before GC invocations=53 (full 0):
 garbage-first heap   total 223232K, used 202283K [0x0000000700000000, 0x0000000800000000)
  region size 2048K, 34 young (69632K), 3 survivors (6144K)
 Metaspace       used 108245K, committed 110848K, reserved 557056K
  class space    used 14990K, committed 16256K, reserved 425984K
}
Event: 36.842 GC heap after
{Heap after GC invocations=54 (full 0):
 garbage-first heap   total 223232K, used 142445K [0x0000000700000000, 0x0000000800000000)
  region size 2048K, 4 young (8192K), 4 survivors (8192K)
 Metaspace       used 108245K, committed 110848K, reserved 557056K
  class space    used 14990K, committed 16256K, reserved 425984K
}
Event: 38.456 GC heap before
{Heap before GC invocations=55 (full 0):
 garbage-first heap   total 239616K, used 197741K [0x0000000700000000, 0x0000000800000000)
  region size 2048K, 32 young (65536K), 4 survivors (8192K)
 Metaspace       used 110098K, committed 112704K, reserved 557056K
  class space    used 15320K, committed 16640K, reserved 425984K
}
Event: 38.465 GC heap after
{Heap after GC invocations=56 (full 0):
 garbage-first heap   total 239616K, used 154704K [0x0000000700000000, 0x0000000800000000)
  region size 2048K, 4 young (8192K), 4 survivors (8192K)
 Metaspace       used 110098K, committed 112704K, reserved 557056K
  class space    used 15320K, committed 16640K, reserved 425984K
}
Event: 39.039 GC heap before
{Heap before GC invocations=56 (full 0):
 garbage-first heap   total 239616K, used 218192K [0x0000000700000000, 0x0000000800000000)
  region size 2048K, 33 young (67584K), 4 survivors (8192K)
 Metaspace       used 110379K, committed 113088K, reserved 557056K
  class space    used 15358K, committed 16704K, reserved 425984K
}
Event: 39.047 GC heap after
{Heap after GC invocations=57 (full 0):
 garbage-first heap   total 245760K, used 168737K [0x0000000700000000, 0x0000000800000000)
  region size 2048K, 5 young (10240K), 5 survivors (10240K)
 Metaspace       used 110379K, committed 113088K, reserved 557056K
  class space    used 15358K, committed 16704K, reserved 425984K
}
Event: 39.651 GC heap before
{Heap before GC invocations=57 (full 0):
 garbage-first heap   total 245760K, used 219937K [0x0000000700000000, 0x0000000800000000)
  region size 2048K, 30 young (61440K), 5 survivors (10240K)
 Metaspace       used 110638K, committed 113344K, reserved 557056K
  class space    used 15381K, committed 16704K, reserved 425984K
}
Event: 39.661 GC heap after
{Heap after GC invocations=58 (full 0):
 garbage-first heap   total 245760K, used 174882K [0x0000000700000000, 0x0000000800000000)
  region size 2048K, 4 young (8192K), 4 survivors (8192K)
 Metaspace       used 110638K, committed 113344K, reserved 557056K
  class space    used 15381K, committed 16704K, reserved 425984K
}
Event: 39.961 GC heap before
{Heap before GC invocations=59 (full 0):
 garbage-first heap   total 294912K, used 217890K [0x0000000700000000, 0x0000000800000000)
  region size 2048K, 26 young (53248K), 4 survivors (8192K)
 Metaspace       used 110645K, committed 113344K, reserved 557056K
  class space    used 15381K, committed 16704K, reserved 425984K
}
Event: 39.970 GC heap after
{Heap after GC invocations=60 (full 0):
 garbage-first heap   total 294912K, used 176907K [0x0000000700000000, 0x0000000800000000)
  region size 2048K, 3 young (6144K), 3 survivors (6144K)
 Metaspace       used 110645K, committed 113344K, reserved 557056K
  class space    used 15381K, committed 16704K, reserved 425984K
}
Event: 40.313 GC heap before
{Heap before GC invocations=60 (full 0):
 garbage-first heap   total 294912K, used 256779K [0x0000000700000000, 0x0000000800000000)
  region size 2048K, 43 young (88064K), 3 survivors (6144K)
 Metaspace       used 110645K, committed 113344K, reserved 557056K
  class space    used 15381K, committed 16704K, reserved 425984K
}

Dll operation events (15 events):
Event: 0.020 Loaded shared library C:\Users\manon\.jdks\ms-21.0.7\bin\java.dll
Event: 0.053 Loaded shared library C:\Users\manon\.jdks\ms-21.0.7\bin\jsvml.dll
Event: 0.103 Loaded shared library C:\Users\manon\.jdks\ms-21.0.7\bin\zip.dll
Event: 0.110 Loaded shared library C:\Users\manon\.jdks\ms-21.0.7\bin\instrument.dll
Event: 0.117 Loaded shared library C:\Users\manon\.jdks\ms-21.0.7\bin\net.dll
Event: 0.119 Loaded shared library C:\Users\manon\.jdks\ms-21.0.7\bin\nio.dll
Event: 0.123 Loaded shared library C:\Users\manon\.jdks\ms-21.0.7\bin\zip.dll
Event: 0.442 Loaded shared library C:\Users\manon\.jdks\ms-21.0.7\bin\jimage.dll
Event: 0.603 Loaded shared library C:\Users\manon\.jdks\ms-21.0.7\bin\verify.dll
Event: 0.733 Loaded shared library C:\Users\manon\.gradle\native\1def1411415f61bf3af743bc5b6707747c0891f09f0c88961ee8f79bc544acac\windows-amd64\native-platform.dll
Event: 0.750 Loaded shared library C:\Users\manon\.gradle\native\0.2.7\x86_64-windows-gnu\gradle-fileevents.dll
Event: 2.403 Loaded shared library C:\Users\manon\.jdks\ms-21.0.7\bin\management.dll
Event: 2.406 Loaded shared library C:\Users\manon\.jdks\ms-21.0.7\bin\management_ext.dll
Event: 2.666 Loaded shared library C:\Users\manon\.jdks\ms-21.0.7\bin\extnet.dll
Event: 3.037 Loaded shared library C:\Users\manon\.jdks\ms-21.0.7\bin\sunmscapi.dll

Deoptimization events (20 events):
Event: 38.656 Thread 0x000001b57f712ee0 DEOPT PACKING pc=0x000001b5538b9470 sp=0x0000008afe6f8430
Event: 38.656 Thread 0x000001b57f712ee0 DEOPT UNPACKING pc=0x000001b552c446a2 sp=0x0000008afe6f8418 mode 2
Event: 39.222 Thread 0x000001b57f712ee0 DEOPT PACKING pc=0x000001b54c8d8ae4 sp=0x0000008afe6f99e0
Event: 39.222 Thread 0x000001b57f712ee0 DEOPT UNPACKING pc=0x000001b552c44e42 sp=0x0000008afe6f8f08 mode 0
Event: 39.721 Thread 0x000001b57f712ee0 Uncommon trap: trap_request=0xffffffd6 fr.pc=0x000001b553910854 relative=0x0000000000001514
Event: 39.721 Thread 0x000001b57f712ee0 Uncommon trap: reason=array_check action=maybe_recompile pc=0x000001b553910854 method=java.util.ComparableTimSort.binarySort([Ljava/lang/Object;III)V @ 183 c2
Event: 39.721 Thread 0x000001b57f712ee0 DEOPT PACKING pc=0x000001b553910854 sp=0x0000008afe6f8370
Event: 39.721 Thread 0x000001b57f712ee0 DEOPT UNPACKING pc=0x000001b552c446a2 sp=0x0000008afe6f8350 mode 2
Event: 39.721 Thread 0x000001b57f712ee0 Uncommon trap: trap_request=0xffffffd6 fr.pc=0x000001b553910634 relative=0x00000000000012f4
Event: 39.721 Thread 0x000001b57f712ee0 Uncommon trap: reason=array_check action=maybe_recompile pc=0x000001b553910634 method=java.util.ComparableTimSort.binarySort([Ljava/lang/Object;III)V @ 193 c2
Event: 39.721 Thread 0x000001b57f712ee0 DEOPT PACKING pc=0x000001b553910634 sp=0x0000008afe6f8370
Event: 39.721 Thread 0x000001b57f712ee0 DEOPT UNPACKING pc=0x000001b552c446a2 sp=0x0000008afe6f8350 mode 2
Event: 39.721 Thread 0x000001b57f712ee0 Uncommon trap: trap_request=0xffffffd6 fr.pc=0x000001b553910854 relative=0x0000000000001514
Event: 39.721 Thread 0x000001b57f712ee0 Uncommon trap: reason=array_check action=maybe_recompile pc=0x000001b553910854 method=java.util.ComparableTimSort.binarySort([Ljava/lang/Object;III)V @ 183 c2
Event: 39.721 Thread 0x000001b57f712ee0 DEOPT PACKING pc=0x000001b553910854 sp=0x0000008afe6f8370
Event: 39.721 Thread 0x000001b57f712ee0 DEOPT UNPACKING pc=0x000001b552c446a2 sp=0x0000008afe6f8350 mode 2
Event: 39.721 Thread 0x000001b57f712ee0 Uncommon trap: trap_request=0xffffffd6 fr.pc=0x000001b553910634 relative=0x00000000000012f4
Event: 39.721 Thread 0x000001b57f712ee0 Uncommon trap: reason=array_check action=maybe_recompile pc=0x000001b553910634 method=java.util.ComparableTimSort.binarySort([Ljava/lang/Object;III)V @ 193 c2
Event: 39.721 Thread 0x000001b57f712ee0 DEOPT PACKING pc=0x000001b553910634 sp=0x0000008afe6f8370
Event: 39.721 Thread 0x000001b57f712ee0 DEOPT UNPACKING pc=0x000001b552c446a2 sp=0x0000008afe6f8350 mode 2

Classes loaded (20 events):
Event: 37.861 Loading class java/lang/NumberCustomizer
Event: 37.861 Loading class java/lang/NumberCustomizer done
Event: 37.861 Loading class java/lang/IntegerCustomizer
Event: 37.861 Loading class java/lang/IntegerCustomizer done
Event: 37.862 Loading class java/lang/IntegerCustomizer
Event: 37.862 Loading class java/lang/IntegerCustomizer done
Event: 37.862 Loading class jdk/internal/ValueBased
Event: 37.862 Loading class jdk/internal/ValueBased done
Event: 37.863 Loading class java/beans/ParameterDescriptor
Event: 37.864 Loading class java/beans/ParameterDescriptor done
Event: 38.504 Loading class java/util/LinkedHashMapBeanInfo
Event: 38.505 Loading class java/util/LinkedHashMapBeanInfo done
Event: 38.505 Loading class java/util/LinkedHashMapBeanInfo
Event: 38.505 Loading class java/util/LinkedHashMapBeanInfo done
Event: 38.505 Loading class java/util/LinkedHashMapCustomizer
Event: 38.505 Loading class java/util/LinkedHashMapCustomizer done
Event: 38.505 Loading class java/util/LinkedHashMapCustomizer
Event: 38.505 Loading class java/util/LinkedHashMapCustomizer done
Event: 39.208 Loading class jdk/internal/reflect/MethodHandleBooleanFieldAccessorImpl
Event: 39.209 Loading class jdk/internal/reflect/MethodHandleBooleanFieldAccessorImpl done

Classes unloaded (0 events):
No events

Classes redefined (0 events):
No events

Internal exceptions (20 events):
Event: 38.476 Thread 0x000001b57f712ee0 Exception <a 'java/lang/ClassNotFoundException'{0x000000070e87ead0}: config_f3s8z89otgeijcomrka6ja0svBeanInfo> (0x000000070e87ead0) 
thrown [s\src\hotspot\share\classfile\systemDictionary.cpp, line 312]
Event: 38.477 Thread 0x000001b57f712ee0 Exception <a 'java/lang/ClassNotFoundException'{0x000000070e887768}: config_f3s8z89otgeijcomrka6ja0svCustomizer> (0x000000070e887768) 
thrown [s\src\hotspot\share\classfile\systemDictionary.cpp, line 312]
Event: 38.505 Thread 0x000001b57f712ee0 Exception <a 'java/lang/ClassNotFoundException'{0x000000070e95e4f8}: java/util/LinkedHashMapBeanInfo> (0x000000070e95e4f8) 
thrown [s\src\hotspot\share\classfile\systemDictionary.cpp, line 312]
Event: 38.505 Thread 0x000001b57f712ee0 Exception <a 'java/lang/ClassNotFoundException'{0x000000070e9648c0}: java/util/LinkedHashMapCustomizer> (0x000000070e9648c0) 
thrown [s\src\hotspot\share\classfile\systemDictionary.cpp, line 312]
Event: 38.801 Thread 0x000001b57f712ee0 Exception <a 'java/lang/ClassNotFoundException'{0x000000070bd3f1f8}: build_e9egsow7wkpux7rki8hfz1pglBeanInfo> (0x000000070bd3f1f8) 
thrown [s\src\hotspot\share\classfile\systemDictionary.cpp, line 312]
Event: 38.802 Thread 0x000001b57f712ee0 Exception <a 'java/lang/ClassNotFoundException'{0x000000070bd45f68}: build_e9egsow7wkpux7rki8hfz1pglCustomizer> (0x000000070bd45f68) 
thrown [s\src\hotspot\share\classfile\systemDictionary.cpp, line 312]
Event: 38.902 Thread 0x000001b57f712ee0 Exception <a 'java/lang/ClassNotFoundException'{0x000000070b708a00}: org/gradle/api/internal/artifacts/configurations/DefaultConfigurationContainer_DecoratedBeanInfo> (0x000000070b708a00) 
thrown [s\src\hotspot\share\classfile\systemDictionary.cpp, line 312]
Event: 38.903 Thread 0x000001b57f712ee0 Exception <a 'java/lang/ClassNotFoundException'{0x000000070b721dc8}: org/gradle/api/internal/artifacts/configurations/DefaultConfigurationContainerBeanInfo> (0x000000070b721dc8) 
thrown [s\src\hotspot\share\classfile\systemDictionary.cpp, line 312]
Event: 38.904 Thread 0x000001b57f712ee0 Exception <a 'java/lang/ClassNotFoundException'{0x000000070b7389e8}: org/gradle/api/internal/AbstractValidatingNamedDomainObjectContainerBeanInfo> (0x000000070b7389e8) 
thrown [s\src\hotspot\share\classfile\systemDictionary.cpp, line 312]
Event: 38.904 Thread 0x000001b57f712ee0 Exception <a 'java/lang/ClassNotFoundException'{0x000000070b74f670}: org/gradle/api/internal/AbstractValidatingNamedDomainObjectContainerCustomizer> (0x000000070b74f670) 
thrown [s\src\hotspot\share\classfile\systemDictionary.cpp, line 312]
Event: 38.906 Thread 0x000001b57f712ee0 Exception <a 'java/lang/ClassNotFoundException'{0x000000070b775ed8}: org/gradle/api/internal/artifacts/configurations/DefaultConfigurationContainerCustomizer> (0x000000070b775ed8) 
thrown [s\src\hotspot\share\classfile\systemDictionary.cpp, line 312]
Event: 38.908 Thread 0x000001b57f712ee0 Exception <a 'java/lang/ClassNotFoundException'{0x000000070b7df278}: org/gradle/api/internal/artifacts/configurations/DefaultConfigurationContainer_DecoratedCustomizer> (0x000000070b7df278) 
thrown [s\src\hotspot\share\classfile\systemDictionary.cpp, line 312]
Event: 38.946 Thread 0x000001b57f712ee0 Exception <a 'java/lang/ClassNotFoundException'{0x000000070b5df6c0}: com/android/VersionBeanInfo> (0x000000070b5df6c0) 
thrown [s\src\hotspot\share\classfile\systemDictionary.cpp, line 312]
Event: 38.947 Thread 0x000001b57f712ee0 Exception <a 'java/lang/ClassNotFoundException'{0x000000070b5ecbf0}: com/android/VersionCustomizer> (0x000000070b5ecbf0) 
thrown [s\src\hotspot\share\classfile\systemDictionary.cpp, line 312]
Event: 39.072 Thread 0x000001b57f712ee0 Exception <a 'java/lang/ClassNotFoundException'{0x000000070e8903e0}: build_5r6j0051pgtevhzrrsum0cwdiBeanInfo> (0x000000070e8903e0) 
thrown [s\src\hotspot\share\classfile\systemDictionary.cpp, line 312]
Event: 39.072 Thread 0x000001b57f712ee0 Exception <a 'java/lang/ClassNotFoundException'{0x000000070e8971b0}: build_5r6j0051pgtevhzrrsum0cwdiCustomizer> (0x000000070e8971b0) 
thrown [s\src\hotspot\share\classfile\systemDictionary.cpp, line 312]
Event: 39.107 Thread 0x000001b57f712ee0 Exception <a 'java/lang/ClassNotFoundException'{0x000000070e710800}: build_5r6j0051pgtevhzrrsum0cwdi$_run_closure1BeanInfo> (0x000000070e710800) 
thrown [s\src\hotspot\share\classfile\systemDictionary.cpp, line 312]
Event: 39.108 Thread 0x000001b57f712ee0 Exception <a 'java/lang/ClassNotFoundException'{0x000000070e71b1b0}: build_5r6j0051pgtevhzrrsum0cwdi$_run_closure1Customizer> (0x000000070e71b1b0) 
thrown [s\src\hotspot\share\classfile\systemDictionary.cpp, line 312]
Event: 39.184 Thread 0x000001b57f712ee0 Exception <a 'java/lang/ClassNotFoundException'{0x000000070e357400}: build_66tpt61dcfwh9pj1y5xk205nyBeanInfo> (0x000000070e357400) 
thrown [s\src\hotspot\share\classfile\systemDictionary.cpp, line 312]
Event: 39.184 Thread 0x000001b57f712ee0 Exception <a 'java/lang/ClassNotFoundException'{0x000000070e35e1d8}: build_66tpt61dcfwh9pj1y5xk205nyCustomizer> (0x000000070e35e1d8) 
thrown [s\src\hotspot\share\classfile\systemDictionary.cpp, line 312]

ZGC Phase Switch (0 events):
No events

VM Operations (20 events):
Event: 37.955 Executing VM operation: HandshakeAllThreads (Deoptimize) done
Event: 38.436 Executing VM operation: ICBufferFull
Event: 38.436 Executing VM operation: ICBufferFull done
Event: 38.456 Executing VM operation: G1CollectForAllocation (G1 Evacuation Pause)
Event: 38.465 Executing VM operation: G1CollectForAllocation (G1 Evacuation Pause) done
Event: 39.038 Executing VM operation: G1CollectForAllocation (G1 Evacuation Pause)
Event: 39.047 Executing VM operation: G1CollectForAllocation (G1 Evacuation Pause) done
Event: 39.206 Executing VM operation: HandshakeAllThreads (Deoptimize)
Event: 39.206 Executing VM operation: HandshakeAllThreads (Deoptimize) done
Event: 39.534 Executing VM operation: ICBufferFull
Event: 39.534 Executing VM operation: ICBufferFull done
Event: 39.650 Executing VM operation: G1CollectForAllocation (G1 Evacuation Pause)
Event: 39.661 Executing VM operation: G1CollectForAllocation (G1 Evacuation Pause) done
Event: 39.810 Executing VM operation: G1PauseRemark
Event: 39.831 Executing VM operation: G1PauseRemark done
Event: 39.953 Executing VM operation: G1PauseCleanup
Event: 39.954 Executing VM operation: G1PauseCleanup done
Event: 39.961 Executing VM operation: G1CollectForAllocation (G1 Evacuation Pause)
Event: 39.971 Executing VM operation: G1CollectForAllocation (G1 Evacuation Pause) done
Event: 40.313 Executing VM operation: G1CollectForAllocation (G1 Evacuation Pause)

Memory protections (0 events):
No events

Nmethod flushes (20 events):
Event: 39.828 Thread 0x000001b562831220 flushing  nmethod 0x000001b54b9b2290
Event: 39.828 Thread 0x000001b562831220 flushing  nmethod 0x000001b54b9b3110
Event: 39.828 Thread 0x000001b562831220 flushing  nmethod 0x000001b54ba98410
Event: 39.828 Thread 0x000001b562831220 flushing  nmethod 0x000001b54ba99a10
Event: 39.828 Thread 0x000001b562831220 flushing  nmethod 0x000001b54ba9a310
Event: 39.828 Thread 0x000001b562831220 flushing  nmethod 0x000001b54ba9c190
Event: 39.828 Thread 0x000001b562831220 flushing  nmethod 0x000001b54baa2890
Event: 39.828 Thread 0x000001b562831220 flushing  nmethod 0x000001b54bee0310
Event: 39.828 Thread 0x000001b562831220 flushing  nmethod 0x000001b54bee0a10
Event: 39.828 Thread 0x000001b562831220 flushing  nmethod 0x000001b54bee1310
Event: 39.828 Thread 0x000001b562831220 flushing  nmethod 0x000001b54c0d7090
Event: 39.828 Thread 0x000001b562831220 flushing  nmethod 0x000001b54c0db110
Event: 39.828 Thread 0x000001b562831220 flushing  nmethod 0x000001b54c0dc610
Event: 39.828 Thread 0x000001b562831220 flushing  nmethod 0x000001b54c264090
Event: 39.828 Thread 0x000001b562831220 flushing  nmethod 0x000001b54c5af590
Event: 39.828 Thread 0x000001b562831220 flushing  nmethod 0x000001b54c654010
Event: 39.828 Thread 0x000001b562831220 flushing  nmethod 0x000001b54c6cd190
Event: 39.828 Thread 0x000001b562831220 flushing  nmethod 0x000001b54c83a490
Event: 39.828 Thread 0x000001b562831220 flushing  nmethod 0x000001b54c878790
Event: 39.828 Thread 0x000001b562831220 flushing  nmethod 0x000001b54c87cf10

Events (20 events):
Event: 24.453 Thread 0x000001b507f230e0 Thread added: 0x000001b50739cf60
Event: 24.453 Thread 0x000001b507f230e0 Thread added: 0x000001b50739a800
Event: 24.454 Thread 0x000001b507f230e0 Thread added: 0x000001b50739d5f0
Event: 25.779 Thread 0x000001b57f712ee0 Thread added: 0x000001b5073a2b40
Event: 25.988 Thread 0x000001b505e1a500 Thread exited: 0x000001b505e1a500
Event: 26.389 Thread 0x000001b57f712ee0 Thread added: 0x000001b5073a5fc0
Event: 26.488 Thread 0x000001b57f712ee0 Thread added: 0x000001b5073a6650
Event: 26.514 Thread 0x000001b57f712ee0 Thread added: 0x000001b5073a6ce0
Event: 27.801 Thread 0x000001b56286ec80 Thread added: 0x000001b505e189c0
Event: 29.294 Thread 0x000001b505e189c0 Thread exited: 0x000001b505e189c0
Event: 29.469 Thread 0x000001b57f712ee0 Thread added: 0x000001b508f34a60
Event: 30.587 Thread 0x000001b57f712ee0 Thread added: 0x000001b508f37ee0
Event: 30.603 Thread 0x000001b57f712ee0 Thread added: 0x000001b508f364a0
Event: 34.875 Thread 0x000001b57f712ee0 Thread added: 0x000001b508fb99a0
Event: 35.834 Thread 0x000001b56286ec80 Thread added: 0x000001b505e17c20
Event: 36.645 Thread 0x000001b57f712ee0 Thread added: 0x000001b50e44c6c0
Event: 37.539 Thread 0x000001b505e17c20 Thread exited: 0x000001b505e17c20
Event: 37.576 Thread 0x000001b56286ec80 Thread added: 0x000001b505e17c20
Event: 38.418 Thread 0x000001b57f712ee0 Thread added: 0x000001b508a0e0e0
Event: 38.445 Thread 0x000001b57f712ee0 Thread added: 0x000001b508a0e770


Dynamic libraries:
0x00007ff662230000 - 0x00007ff66223e000 	C:\Users\manon\.jdks\ms-21.0.7\bin\java.exe
0x00007ff985160000 - 0x00007ff9853c8000 	C:\WINDOWS\SYSTEM32\ntdll.dll
0x00007ff942040000 - 0x00007ff942060000 	C:\Program Files\Avast Software\Avast\aswhook.dll
0x00007ff984c10000 - 0x00007ff984cd9000 	C:\WINDOWS\System32\KERNEL32.DLL
0x00007ff982710000 - 0x00007ff982b02000 	C:\WINDOWS\System32\KERNELBASE.dll
0x00007ff982520000 - 0x00007ff98266b000 	C:\WINDOWS\System32\ucrtbase.dll
0x00007ff922e50000 - 0x00007ff922e68000 	C:\Users\manon\.jdks\ms-21.0.7\bin\jli.dll
0x00007ff922180000 - 0x00007ff92219d000 	C:\Users\manon\.jdks\ms-21.0.7\bin\VCRUNTIME140.dll
0x00007ff984840000 - 0x00007ff984a05000 	C:\WINDOWS\System32\USER32.dll
0x00007ff9822f0000 - 0x00007ff982317000 	C:\WINDOWS\System32\win32u.dll
0x00007ff984020000 - 0x00007ff98404b000 	C:\WINDOWS\System32\GDI32.dll
0x00007ff982b10000 - 0x00007ff982c3d000 	C:\WINDOWS\System32\gdi32full.dll
0x00007ff956dc0000 - 0x00007ff957053000 	C:\WINDOWS\WinSxS\amd64_microsoft.windows.common-controls_6595b64144ccf1df_6.0.26100.6899_none_3e0efeeae32e88c1\COMCTL32.dll
0x00007ff982470000 - 0x00007ff982513000 	C:\WINDOWS\System32\msvcp_win.dll
0x00007ff984da0000 - 0x00007ff984e49000 	C:\WINDOWS\System32\msvcrt.dll
0x00007ff984800000 - 0x00007ff98482f000 	C:\WINDOWS\System32\IMM32.DLL
0x00007ff96e580000 - 0x00007ff96e58c000 	C:\Users\manon\.jdks\ms-21.0.7\bin\vcruntime140_1.dll
0x00007ff922ed0000 - 0x00007ff922f5d000 	C:\Users\manon\.jdks\ms-21.0.7\bin\msvcp140.dll
0x00007ff91ddc0000 - 0x00007ff91eb58000 	C:\Users\manon\.jdks\ms-21.0.7\bin\server\jvm.dll
0x00007ff983e00000 - 0x00007ff983eb4000 	C:\WINDOWS\System32\ADVAPI32.dll
0x00007ff984ce0000 - 0x00007ff984d86000 	C:\WINDOWS\System32\sechost.dll
0x00007ff983040000 - 0x00007ff983158000 	C:\WINDOWS\System32\RPCRT4.dll
0x00007ff982fc0000 - 0x00007ff983034000 	C:\WINDOWS\System32\WS2_32.dll
0x00007ff97a240000 - 0x00007ff97a275000 	C:\WINDOWS\SYSTEM32\WINMM.dll
0x00007ff982150000 - 0x00007ff9821ae000 	C:\WINDOWS\SYSTEM32\POWRPROF.dll
0x00007ff96f230000 - 0x00007ff96f23b000 	C:\WINDOWS\SYSTEM32\VERSION.dll
0x00007ff982130000 - 0x00007ff982144000 	C:\WINDOWS\SYSTEM32\UMPDC.dll
0x00007ff9810c0000 - 0x00007ff9810db000 	C:\WINDOWS\SYSTEM32\kernel.appcore.dll
0x00007ff958870000 - 0x00007ff95887a000 	C:\Users\manon\.jdks\ms-21.0.7\bin\jimage.dll
0x00007ff97fa50000 - 0x00007ff97fc92000 	C:\WINDOWS\SYSTEM32\DBGHELP.DLL
0x00007ff9841a0000 - 0x00007ff98451b000 	C:\WINDOWS\System32\combase.dll
0x00007ff984050000 - 0x00007ff984127000 	C:\WINDOWS\System32\OLEAUT32.dll
0x00007ff96ef00000 - 0x00007ff96ef3c000 	C:\WINDOWS\SYSTEM32\dbgcore.DLL
0x00007ff982670000 - 0x00007ff982708000 	C:\WINDOWS\System32\bcryptPrimitives.dll
0x00007ff97ecf0000 - 0x00007ff97ecff000 	C:\Users\manon\.jdks\ms-21.0.7\bin\instrument.dll
0x00007ff922e80000 - 0x00007ff922ea0000 	C:\Users\manon\.jdks\ms-21.0.7\bin\java.dll
0x00007ff983220000 - 0x00007ff98396d000 	C:\WINDOWS\System32\SHELL32.dll
0x00007ff982c40000 - 0x00007ff982dab000 	C:\WINDOWS\System32\wintypes.dll
0x00007ff97ff10000 - 0x00007ff98076d000 	C:\WINDOWS\SYSTEM32\windows.storage.dll
0x00007ff984700000 - 0x00007ff9847f2000 	C:\WINDOWS\System32\SHCORE.dll
0x00007ff984130000 - 0x00007ff984192000 	C:\WINDOWS\System32\shlwapi.dll
0x00007ff982210000 - 0x00007ff982239000 	C:\WINDOWS\SYSTEM32\profapi.dll
0x00007ff91fad0000 - 0x00007ff91fba6000 	C:\Users\manon\.jdks\ms-21.0.7\bin\jsvml.dll
0x00007ff922140000 - 0x00007ff922158000 	C:\Users\manon\.jdks\ms-21.0.7\bin\zip.dll
0x00007ff942580000 - 0x00007ff942590000 	C:\Users\manon\.jdks\ms-21.0.7\bin\net.dll
0x00007ff9727a0000 - 0x00007ff9728bf000 	C:\WINDOWS\SYSTEM32\WINHTTP.dll
0x00007ff981630000 - 0x00007ff98169b000 	C:\WINDOWS\system32\mswsock.dll
0x00007ff922160000 - 0x00007ff922176000 	C:\Users\manon\.jdks\ms-21.0.7\bin\nio.dll
0x00007ff9712b0000 - 0x00007ff9712c0000 	C:\Users\manon\.jdks\ms-21.0.7\bin\verify.dll
0x00007ff971eb0000 - 0x00007ff971ed7000 	C:\Users\manon\.gradle\native\1def1411415f61bf3af743bc5b6707747c0891f09f0c88961ee8f79bc544acac\windows-amd64\native-platform.dll
0x00007ff95ca70000 - 0x00007ff95cae8000 	C:\Users\manon\.gradle\native\0.2.7\x86_64-windows-gnu\gradle-fileevents.dll
0x00007ff93e880000 - 0x00007ff93e88a000 	C:\Users\manon\.jdks\ms-21.0.7\bin\management.dll
0x00007ff93e870000 - 0x00007ff93e87b000 	C:\Users\manon\.jdks\ms-21.0.7\bin\management_ext.dll
0x00007ff984e70000 - 0x00007ff984e78000 	C:\WINDOWS\System32\PSAPI.DLL
0x00007ff980c10000 - 0x00007ff980c44000 	C:\WINDOWS\SYSTEM32\IPHLPAPI.DLL
0x00007ff984d90000 - 0x00007ff984d9a000 	C:\WINDOWS\System32\NSI.dll
0x00007ff93e850000 - 0x00007ff93e859000 	C:\Users\manon\.jdks\ms-21.0.7\bin\extnet.dll
0x00007ff9818e0000 - 0x00007ff9818fb000 	C:\WINDOWS\SYSTEM32\CRYPTSP.dll
0x00007ff981020000 - 0x00007ff98105b000 	C:\WINDOWS\system32\rsaenh.dll
0x00007ff9816d0000 - 0x00007ff9816fb000 	C:\WINDOWS\SYSTEM32\USERENV.dll
0x00007ff9821e0000 - 0x00007ff982206000 	C:\WINDOWS\SYSTEM32\bcrypt.dll
0x00007ff981900000 - 0x00007ff98190c000 	C:\WINDOWS\SYSTEM32\CRYPTBASE.dll
0x00007ff93e860000 - 0x00007ff93e86e000 	C:\Users\manon\.jdks\ms-21.0.7\bin\sunmscapi.dll
0x00007ff982db0000 - 0x00007ff982f27000 	C:\WINDOWS\System32\CRYPT32.dll
0x00007ff981b00000 - 0x00007ff981b30000 	C:\WINDOWS\SYSTEM32\ncrypt.dll
0x00007ff981ab0000 - 0x00007ff981aef000 	C:\WINDOWS\SYSTEM32\NTASN1.dll
0x00007ff942060000 - 0x00007ff942068000 	C:\WINDOWS\system32\wshunix.dll

dbghelp: loaded successfully - version: 4.0.5 - missing functions: none
symbol engine: initialized successfully - sym options: 0x614 - pdb path: .;C:\Users\manon\.jdks\ms-21.0.7\bin;C:\WINDOWS\SYSTEM32;C:\Program Files\Avast Software\Avast;C:\WINDOWS\WinSxS\amd64_microsoft.windows.common-controls_6595b64144ccf1df_6.0.26100.6899_none_3e0efeeae32e88c1;C:\Users\manon\.jdks\ms-21.0.7\bin\server;C:\Users\manon\.gradle\native\1def1411415f61bf3af743bc5b6707747c0891f09f0c88961ee8f79bc544acac\windows-amd64;C:\Users\manon\.gradle\native\0.2.7\x86_64-windows-gnu

VM Arguments:
jvm_args: -Dstdout.encoding=UTF-8 -Dstderr.encoding=UTF-8 --add-opens=java.base/java.lang=ALL-UNNAMED --add-opens=java.base/java.lang.invoke=ALL-UNNAMED --add-opens=java.base/java.util=ALL-UNNAMED --add-opens=java.prefs/java.util.prefs=ALL-UNNAMED --add-exports=jdk.compiler/com.sun.tools.javac.api=ALL-UNNAMED --add-exports=jdk.compiler/com.sun.tools.javac.util=ALL-UNNAMED --add-opens=java.base/java.util=ALL-UNNAMED --add-opens=java.prefs/java.util.prefs=ALL-UNNAMED --add-opens=java.base/java.nio.charset=ALL-UNNAMED --add-opens=java.base/java.net=ALL-UNNAMED --add-opens=java.base/java.util.concurrent.atomic=ALL-UNNAMED --add-opens=java.xml/javax.xml.namespace=ALL-UNNAMED -XX:MaxMetaspaceSize=512m -Xmx4096m -Dfile.encoding=UTF-8 -Duser.country=IN -Duser.language=en -Duser.variant -javaagent:C:\Users\manon\.gradle\wrapper\dists\gradle-8.14.3-bin\cv11ve7ro1n3o1j4so8xd9n66\gradle-8.14.3\lib\agents\gradle-instrumentation-agent-8.14.3.jar 
java_command: org.gradle.launcher.daemon.bootstrap.GradleDaemon 8.14.3
java_class_path (initial): C:\Users\manon\.gradle\wrapper\dists\gradle-8.14.3-bin\cv11ve7ro1n3o1j4so8xd9n66\gradle-8.14.3\lib\gradle-daemon-main-8.14.3.jar
Launcher Type: SUN_STANDARD

[Global flags]
     intx CICompilerCount                          = 4                                         {product} {ergonomic}
   size_t CompressedClassSpaceSize                 = 436207616                                 {product} {ergonomic}
     uint ConcGCThreads                            = 3                                         {product} {ergonomic}
     uint G1ConcRefinementThreads                  = 10                                        {product} {ergonomic}
   size_t G1HeapRegionSize                         = 2097152                                   {product} {ergonomic}
    uintx GCDrainStackTargetSize                   = 64                                        {product} {ergonomic}
   size_t InitialHeapSize                          = 130023424                                 {product} {ergonomic}
   size_t MarkStackSize                            = 4194304                                   {product} {ergonomic}
   size_t MaxHeapSize                              = 4294967296                                {product} {command line}
   size_t MaxMetaspaceSize                         = 536870912                                 {product} {command line}
   size_t MaxNewSize                               = 2575302656                                {product} {ergonomic}
   size_t MinHeapDeltaBytes                        = 2097152                                   {product} {ergonomic}
   size_t MinHeapSize                              = 8388608                                   {product} {ergonomic}
    uintx NonNMethodCodeHeapSize                   = 5839372                                {pd product} {ergonomic}
    uintx NonProfiledCodeHeapSize                  = 122909434                              {pd product} {ergonomic}
    uintx ProfiledCodeHeapSize                     = 122909434                              {pd product} {ergonomic}
    uintx ReservedCodeCacheSize                    = 251658240                              {pd product} {ergonomic}
     bool SegmentedCodeCache                       = true                                      {product} {ergonomic}
   size_t SoftMaxHeapSize                          = 4294967296                             {manageable} {ergonomic}
     bool UseCompressedOops                        = true                           {product lp64_product} {ergonomic}
     bool UseG1GC                                  = true                                      {product} {ergonomic}
     bool UseLargePagesIndividualAllocation        = false                                  {pd product} {ergonomic}

Logging:
Log output configuration:
 #0: stdout all=warning uptime,level,tags foldmultilines=false
 #1: stderr all=off uptime,level,tags foldmultilines=false

Environment Variables:
JAVA_HOME=C:\Users\manon\.jdks\ms-21.0.7
JAVA_TOOL_OPTIONS=-Dstdout.encoding=UTF-8 -Dstderr.encoding=UTF-8
PATH=C:\Users\manon\OneDrive\Desktop\sentinel\node_modules\.bin;C:\Users\manon\OneDrive\Desktop\sentinel\node_modules\.bin;C:\Users\manon\OneDrive\Desktop\node_modules\.bin;C:\Users\manon\OneDrive\node_modules\.bin;C:\Users\manon\node_modules\.bin;C:\Users\node_modules\.bin;C:\node_modules\.bin;C:\Users\manon\AppData\Roaming\npm\node_modules\npm\node_modules\@npmcli\run-script\lib\node-gyp-bin;C:\Users\manon\.jdks\ms-21.0.7\bin;C:\Windows\System32\;C:\Program Files\nodejs;C:\Users\manon\Downloads\apache-maven-3.9.10-bin\apache-maven-3.9.10\bin;C:\WINDOWS\system32;C:\WINDOWS;C:\WINDOWS\System32\Wbem;C:\WINDOWS\System32\WindowsPowerShell\v1.0\;C:\WINDOWS\System32\OpenSSH\;C:\Program Files\HP\HP One Agent;C:\Program Files\apache-maven-3.9.11\bin;C:\Program Files\Java\jdk-17.0.12\bin;C:\MinGW\bin;C:\Users\manon\AppData\Local\Android\Sdk\platform-tools;C:\Users\manon\AppData\Local\Android\Sdk\emulator;C:\Users\manon\AppData\Local\Android\Sdk\tools\bin;C:\Users\manon\AppData\Local\Android\Sdk\platform-tools;C:\Users\manon\AppData\Local\Android\Sdk\cmdline-tools\latest\bin;C:\Program Files\Git\cmd;C:\Windows\System32\;C:\Program Files\nodejs;C:\Users\manon\Downloads\apache-maven-3.9.10-bin\apache-maven-3.9.10\bin;C:\WINDOWS\system32;C:\WINDOWS;C:\WINDOWS\System32\Wbem;C:\WINDOWS\System32\WindowsPowerShell\v1.0\;C:\WINDOWS\System32\OpenSSH\;C:\Program Files\HP\HP One Agent;C:\Program Files\apache-maven-3.9.11\bin;C:\Program Files\Java\jdk-17.0.12\bin;C:\Program Files\Git\cmd;C:\MinGW\bin;C:\Users\manon\AppData\Local\Android\Sdk\platform-tools;C:\Users\manon\AppData\Local\Android\Sdk\emulator;C:\Users\manon\AppData\Local\Programs\Python\Python312\Scripts\;C:\Users\manon\AppData\Local\Programs\Python\Python312\;C:\Users\manon\AppData\Local\Microsoft\WindowsApps;C:\Users\manon\AppData\Roaming\npm;C:\Program Files\JetBrains\IntelliJ IDEA Community Edition 2023.2.2\bin;C:\Program Files\Java\jre1.8.0_451\bin;C:\Program Files\Java\jdk-17.0.12\bin;C:\Users\manon\AppData\Local\Programs\Microsoft VS Code\bin;C:\Users\manon\;
USERNAME=manon
LANG=en_US.UTF-8
OS=Windows_NT
PROCESSOR_IDENTIFIER=Intel64 Family 6 Model 154 Stepping 4, GenuineIntel
TMP=C:\Users\manon\AppData\Local\Temp
TEMP=C:\Users\manon\AppData\Local\Temp




Periodic native trim disabled

---------------  S Y S T E M  ---------------

OS:
 Windows 11 , 64 bit Build 26100 (10.0.26100.6725)
OS uptime: 1 days 19:31 hours
Hyper-V role detected

CPU: total 12 (initial active 12) (6 cores per cpu, 2 threads per core) family 6 model 154 stepping 4 microcode 0x432, cx8, cmov, fxsr, ht, mmx, 3dnowpref, sse, sse2, sse3, ssse3, sse4.1, sse4.2, popcnt, lzcnt, tsc, tscinvbit, avx, avx2, aes, erms, clmul, bmi1, bmi2, adx, sha, fma, vzeroupper, clflush, clflushopt, clwb, hv, serialize, rdtscp, rdpid, fsrm, f16c, cet_ibt, cet_ss
Processor Information for processor 0
  Max Mhz: 1300, Current Mhz: 1300, Mhz Limit: 1300
Processor Information for processor 1
  Max Mhz: 1300, Current Mhz: 1300, Mhz Limit: 1300
Processor Information for processor 2
  Max Mhz: 1300, Current Mhz: 1300, Mhz Limit: 1300
Processor Information for processor 3
  Max Mhz: 1300, Current Mhz: 1300, Mhz Limit: 1300
Processor Information for processor 4
  Max Mhz: 1300, Current Mhz: 900, Mhz Limit: 897
Processor Information for processor 5
  Max Mhz: 1300, Current Mhz: 900, Mhz Limit: 897
Processor Information for processor 6
  Max Mhz: 1300, Current Mhz: 900, Mhz Limit: 897
Processor Information for processor 7
  Max Mhz: 1300, Current Mhz: 900, Mhz Limit: 897
Processor Information for processor 8
  Max Mhz: 1300, Current Mhz: 900, Mhz Limit: 897
Processor Information for processor 9
  Max Mhz: 1300, Current Mhz: 900, Mhz Limit: 897
Processor Information for processor 10
  Max Mhz: 1300, Current Mhz: 900, Mhz Limit: 897
Processor Information for processor 11
  Max Mhz: 1300, Current Mhz: 900, Mhz Limit: 897

Memory: 4k page, system-wide physical 7863M (499M free)
TotalPageFile size 32439M (AvailPageFile size 13M)
current process WorkingSet (physical memory assigned to process): 556M, peak: 564M
current process commit charge ("private bytes"): 995M, peak: 1003M

vm_info: OpenJDK 64-Bit Server VM (21.0.7+6-LTS) for windows-amd64 JRE (21.0.7+6-LTS), built on 2025-04-09T22:17:25Z by "MicrosoftCorporation" with unknown MS VC++:1939

END.
