#
# There is insufficient memory for the Java Runtime Environment to continue.
# Native memory allocation (mmap) failed to map 243269632 bytes. Error detail: G1 virtual space
# Possible reasons:
#   The system is out of physical RAM or swap space
#   This process is running with CompressedOops enabled, and the Java Heap may be blocking the growth of the native heap
# Possible solutions:
#   Reduce memory load on the system
#   Increase physical memory or swap space
#   Check if swap backing store is full
#   Decrease Java heap size (-Xmx/-Xms)
#   Decrease number of Java threads
#   Decrease Java thread stack sizes (-Xss)
#   Set larger code cache with -XX:ReservedCodeCacheSize=
#   JVM is running with Zero Based Compressed Oops mode in which the Java heap is
#     placed in the first 32GB address space. The Java Heap base address is the
#     maximum limit for the native heap growth. Please use -XX:HeapBaseMinAddress
#     to set the Java Heap base and to place the Java Heap above 32GB virtual address.
# This output file may be truncated or incomplete.
#
#  Out of Memory Error (os_windows.cpp:3736), pid=16968, tid=7256
#
# JRE version: OpenJDK Runtime Environment Microsoft-11369940 (21.0.7+6) (build 21.0.7+6-LTS)
# Java VM: OpenJDK 64-Bit Server VM Microsoft-11369940 (21.0.7+6-LTS, mixed mode, sharing, tiered, compressed oops, compressed class ptrs, g1 gc, windows-amd64)
# No core dump will be written. Minidumps are not enabled by default on client versions of Windows
#

---------------  S U M M A R Y ------------

Command Line: -Dstdout.encoding=UTF-8 -Dstderr.encoding=UTF-8 --add-opens=java.base/java.lang=ALL-UNNAMED --add-opens=java.base/java.lang.invoke=ALL-UNNAMED --add-opens=java.base/java.util=ALL-UNNAMED --add-opens=java.prefs/java.util.prefs=ALL-UNNAMED --add-exports=jdk.compiler/com.sun.tools.javac.api=ALL-UNNAMED --add-exports=jdk.compiler/com.sun.tools.javac.util=ALL-UNNAMED --add-opens=java.base/java.util=ALL-UNNAMED --add-opens=java.prefs/java.util.prefs=ALL-UNNAMED --add-opens=java.base/java.nio.charset=ALL-UNNAMED --add-opens=java.base/java.net=ALL-UNNAMED --add-opens=java.base/java.util.concurrent.atomic=ALL-UNNAMED --add-opens=java.xml/javax.xml.namespace=ALL-UNNAMED -XX:MaxMetaspaceSize=512m -Xmx4096m -Dfile.encoding=UTF-8 -Duser.country=IN -Duser.language=en -Duser.variant -javaagent:C:\Users\manon\.gradle\wrapper\dists\gradle-8.14.3-bin\cv11ve7ro1n3o1j4so8xd9n66\gradle-8.14.3\lib\agents\gradle-instrumentation-agent-8.14.3.jar org.gradle.launcher.daemon.bootstrap.GradleDaemon 8.14.3

Host: 12th Gen Intel(R) Core(TM) i5-1235U, 12 cores, 7G,  Windows 11 , 64 bit Build 26100 (10.0.26100.5074)
Time: Sun Oct 12 13:20:12 2025 India Standard Time elapsed time: 23394.919145 seconds (0d 6h 29m 54s)

---------------  T H R E A D  ---------------

Current thread (0x0000014a49b94c30):  VMThread "VM Thread"          [id=7256, stack(0x000000046df00000,0x000000046e000000) (1024K)]

Stack: [0x000000046df00000,0x000000046e000000]
Native frames: (J=compiled Java code, j=interpreted, Vv=VM code, C=native code)
V  [jvm.dll+0x6d4bb9]
V  [jvm.dll+0x8afa11]
V  [jvm.dll+0x8b1f3e]
V  [jvm.dll+0x8b2623]
V  [jvm.dll+0x280816]
V  [jvm.dll+0x6d1385]
V  [jvm.dll+0x6c552a]
V  [jvm.dll+0x35b978]
V  [jvm.dll+0x3635f6]
V  [jvm.dll+0x3b4b9e]
V  [jvm.dll+0x3b4e48]
V  [jvm.dll+0x32f9bc]
V  [jvm.dll+0x32fa47]
V  [jvm.dll+0x373aec]
V  [jvm.dll+0x3722f8]
V  [jvm.dll+0x32f181]
V  [jvm.dll+0x37195a]
V  [jvm.dll+0x8b834f]
V  [jvm.dll+0x8b9704]
V  [jvm.dll+0x8b9c40]
V  [jvm.dll+0x8b9ee3]
V  [jvm.dll+0x85916b]
V  [jvm.dll+0x6d327d]
C  [ucrtbase.dll+0x37b0]
C  [KERNEL32.DLL+0x2e8d7]
C  [ntdll.dll+0x8d9c]

VM_Operation (0x00000004789fe460): G1CollectForAllocation, mode: safepoint, requested by thread 0x0000014a7b877ed0


---------------  P R O C E S S  ---------------

Threads class SMR info:
_java_thread_list=0x0000014a70f154b0, length=184, elements={
0x0000014a28188ef0, 0x0000014a49baf820, 0x0000014a49bb2280, 0x0000014a49bb4710,
0x0000014a49bb8180, 0x0000014a49bb8bd0, 0x0000014a49bba340, 0x0000014a49bbec40,
0x0000014a49bc0520, 0x0000014a690d4300, 0x0000014a69275d90, 0x0000014a6aa40f60,
0x0000014a6a806010, 0x0000014a6a9f1620, 0x0000014a69394c70, 0x0000014a693945e0,
0x0000014a69393f50, 0x0000014a69395300, 0x0000014a693973d0, 0x0000014a6c7aacb0,
0x0000014a6c7aa620, 0x0000014a6c824600, 0x0000014a6c737230, 0x0000014a6c7378c0,
0x0000014a6e849400, 0x0000014a6e84a7b0, 0x0000014a6e84e2c0, 0x0000014a6e84cf10,
0x0000014a6e84bb60, 0x0000014a6c73ce10, 0x0000014a6c7af4e0, 0x0000014a6e8558e0,
0x0000014a6e852460, 0x0000014a7aa05800, 0x0000014a7aa06520, 0x0000014a79eefb70,
0x0000014a7b997990, 0x0000014a77926420, 0x0000014a7a646150, 0x0000014a6b8ef150,
0x0000014a79672da0, 0x0000014a772e47a0, 0x0000014a77b17c00, 0x0000014a7ce12d40,
0x0000014a0470bd40, 0x0000014a0470b020, 0x0000014a6f31bb70, 0x0000014a7de77aa0,
0x0000014a6b8f0500, 0x0000014a77925070, 0x0000014a7c59a9f0, 0x0000014a7bfdc5d0,
0x0000014a7bfd9150, 0x0000014a7ae5d070, 0x0000014a7b293700, 0x0000014a7b14dba0,
0x0000014a7b9a3150, 0x0000014a7b9993d0, 0x0000014a76618090, 0x0000014a77530f80,
0x0000014a77531ca0, 0x0000014a7b999a60, 0x0000014a7b998d40, 0x0000014a7b998020,
0x0000014a7b997300, 0x0000014a7b9986b0, 0x0000014a7b9965e0, 0x0000014a7b99c1c0,
0x0000014a7b99c850, 0x0000014a7b99d570, 0x0000014a7b99bb30, 0x0000014a7b99cee0,
0x0000014a7b99a0f0, 0x0000014a7b99dc00, 0x0000014a7b99b4a0, 0x0000014a7b99ae10,
0x0000014a7b99a780, 0x0000014a7b99efb0, 0x0000014a7b9a1710, 0x0000014a7b9a1080,
0x0000014a7b9a0360, 0x0000014a7b99e290, 0x0000014a7b9a1da0, 0x0000014a7b99e920,
0x0000014a7b99f640, 0x0000014a7b99fcd0, 0x0000014a7b9a2430, 0x0000014a7b9a37e0,
0x0000014a7b9a3e70, 0x0000014a7b9a09f0, 0x0000014a7b9a7980, 0x0000014a7b9a4500,
0x0000014a7b9a5220, 0x0000014a7b9a5f40, 0x0000014a7b9a6c60, 0x0000014a77926ab0,
0x0000014a7b9a8010, 0x0000014a0470c3d0, 0x0000014a0470b6b0, 0x0000014a047095e0,
0x0000014a04709c70, 0x0000014a0470a990, 0x0000014a0470a300, 0x0000014a0470ca60,
0x0000014a7b0c93f0, 0x0000014a79672080, 0x0000014a79673430, 0x0000014a7cd78330,
0x0000014a7cd79050, 0x0000014a7cd789c0, 0x0000014a7cd76f80, 0x0000014a7cd77610,
0x0000014a7cd77ca0, 0x0000014a7cd796e0, 0x0000014a7cd79d70, 0x0000014a7cd7a400,
0x0000014a7ce14780, 0x0000014a6e14cb80, 0x0000014a6e14e5c0, 0x0000014a7ce126b0,
0x0000014a7ce133d0, 0x0000014a7ce13a60, 0x0000014a7ce11990, 0x0000014a7b9a4b90,
0x0000014a7b9a65d0, 0x0000014a7b9a86a0, 0x0000014a7b9a8d30, 0x0000014a7b9a58b0,
0x0000014a7b9aa770, 0x0000014a7b0c8d60, 0x0000014a7b9a93c0, 0x0000014a7b9a9a50,
0x0000014a7b9aa0e0, 0x0000014a7b9a72f0, 0x0000014a7b9ad560, 0x0000014a7b9ac840,
0x0000014a7b9adbf0, 0x0000014a7b9aced0, 0x0000014a7b9ae280, 0x0000014a7b9aae00,
0x0000014a7b9ab490, 0x0000014a7b9ac1b0, 0x0000014a7b9ae910, 0x0000014a7b9aefa0,
0x0000014a7b9abb20, 0x0000014a7b9af630, 0x0000014a7b9afcc0, 0x0000014a7b9b0350,
0x0000014a7b9b1d90, 0x0000014a7b9b3140, 0x0000014a7b9b37d0, 0x0000014a7b9b1070,
0x0000014a7ce14e10, 0x0000014a78527420, 0x0000014a78528e60, 0x0000014a78526700,
0x0000014a7b9b2420, 0x0000014a7b9b3e60, 0x0000014a7b9b4b80, 0x0000014a7b9b1700,
0x0000014a7b9b5210, 0x0000014a7b9b58a0, 0x0000014a77532330, 0x0000014a775308f0,
0x0000014a6e14be60, 0x0000014a6e14d8a0, 0x0000014a6e14ec50, 0x0000014a6e14b7d0,
0x0000014a6e14df30, 0x0000014a6e14c4f0, 0x0000014a6e14d210, 0x0000014a77659c00,
0x0000014a7765afb0, 0x0000014a7b9b44f0, 0x0000014a7b879280, 0x0000014a7b87a630,
0x0000014a7b879910, 0x0000014a7b877840, 0x0000014a7b879fa0, 0x0000014a7b87b350,
0x0000014a7b877ed0, 0x0000014a7b87b9e0, 0x0000014a7b878560, 0x0000014a7b878bf0
}

Java Threads: ( => current thread )
  0x0000014a28188ef0 JavaThread "main"                              [_thread_blocked, id=18760, stack(0x000000046d800000,0x000000046d900000) (1024K)]
  0x0000014a49baf820 JavaThread "Reference Handler"          daemon [_thread_blocked, id=17220, stack(0x000000046e000000,0x000000046e100000) (1024K)]
  0x0000014a49bb2280 JavaThread "Finalizer"                  daemon [_thread_blocked, id=8132, stack(0x000000046e100000,0x000000046e200000) (1024K)]
  0x0000014a49bb4710 JavaThread "Signal Dispatcher"          daemon [_thread_blocked, id=20252, stack(0x000000046e200000,0x000000046e300000) (1024K)]
  0x0000014a49bb8180 JavaThread "Attach Listener"            daemon [_thread_blocked, id=22304, stack(0x000000046e300000,0x000000046e400000) (1024K)]
  0x0000014a49bb8bd0 JavaThread "Service Thread"             daemon [_thread_blocked, id=12540, stack(0x000000046e400000,0x000000046e500000) (1024K)]
  0x0000014a49bba340 JavaThread "Monitor Deflation Thread"   daemon [_thread_blocked, id=12980, stack(0x000000046e500000,0x000000046e600000) (1024K)]
  0x0000014a49bbec40 JavaThread "C2 CompilerThread0"         daemon [_thread_blocked, id=12356, stack(0x000000046e600000,0x000000046e700000) (1024K)]
  0x0000014a49bc0520 JavaThread "C1 CompilerThread0"         daemon [_thread_blocked, id=15156, stack(0x000000046e700000,0x000000046e800000) (1024K)]
  0x0000014a690d4300 JavaThread "Common-Cleaner"             daemon [_thread_blocked, id=16668, stack(0x000000046e800000,0x000000046e900000) (1024K)]
  0x0000014a69275d90 JavaThread "Notification Thread"        daemon [_thread_blocked, id=7996, stack(0x000000046e900000,0x000000046ea00000) (1024K)]
  0x0000014a6aa40f60 JavaThread "Daemon health stats"               [_thread_blocked, id=13184, stack(0x000000046ef00000,0x000000046f000000) (1024K)]
  0x0000014a6a806010 JavaThread "Incoming local TCP Connector on port 53057"        [_thread_in_native, id=11284, stack(0x000000046f000000,0x000000046f100000) (1024K)]
  0x0000014a6a9f1620 JavaThread "Daemon periodic checks"            [_thread_blocked, id=16196, stack(0x000000046f100000,0x000000046f200000) (1024K)]
  0x0000014a69394c70 JavaThread "Cache worker for journal cache (C:\Users\manon\.gradle\caches\journal-1)"        [_thread_blocked, id=8076, stack(0x000000046fd00000,0x000000046fe00000) (1024K)]
  0x0000014a693945e0 JavaThread "File lock request listener"        [_thread_in_native, id=12244, stack(0x000000046fe00000,0x000000046ff00000) (1024K)]
  0x0000014a69393f50 JavaThread "Cache worker for file hash cache (C:\Users\manon\.gradle\caches\8.14.3\fileHashes)"        [_thread_blocked, id=11144, stack(0x0000000470000000,0x0000000470100000) (1024K)]
  0x0000014a69395300 JavaThread "File watcher server"        daemon [_thread_blocked, id=22128, stack(0x0000000470500000,0x0000000470600000) (1024K)]
  0x0000014a693973d0 JavaThread "File watcher consumer"      daemon [_thread_blocked, id=1500, stack(0x0000000470600000,0x0000000470700000) (1024K)]
  0x0000014a6c7aacb0 JavaThread "jar transforms"                    [_thread_blocked, id=1748, stack(0x0000000470700000,0x0000000470800000) (1024K)]
  0x0000014a6c7aa620 JavaThread "Cache worker for file content cache (C:\Users\manon\.gradle\caches\8.14.3\fileContent)"        [_thread_blocked, id=20280, stack(0x0000000470900000,0x0000000470a00000) (1024K)]
  0x0000014a6c824600 JavaThread "Memory manager"                    [_thread_blocked, id=3672, stack(0x0000000473600000,0x0000000473700000) (1024K)]
  0x0000014a6c737230 JavaThread "jar transforms Thread 2"           [_thread_blocked, id=22048, stack(0x0000000479c00000,0x0000000479d00000) (1024K)]
  0x0000014a6c7378c0 JavaThread "jar transforms Thread 3"           [_thread_blocked, id=16212, stack(0x000000046d600000,0x000000046d700000) (1024K)]
  0x0000014a6e849400 JavaThread "jar transforms Thread 4"           [_thread_blocked, id=11732, stack(0x000000047a100000,0x000000047a200000) (1024K)]
  0x0000014a6e84a7b0 JavaThread "jar transforms Thread 5"           [_thread_blocked, id=20416, stack(0x0000000473f00000,0x0000000474000000) (1024K)]
  0x0000014a6e84e2c0 JavaThread "jar transforms Thread 6"           [_thread_blocked, id=340, stack(0x0000000474000000,0x0000000474100000) (1024K)]
  0x0000014a6e84cf10 JavaThread "jar transforms Thread 7"           [_thread_blocked, id=10600, stack(0x000000047a400000,0x000000047a500000) (1024K)]
  0x0000014a6e84bb60 JavaThread "jar transforms Thread 8"           [_thread_blocked, id=10912, stack(0x000000047a500000,0x000000047a600000) (1024K)]
  0x0000014a6c73ce10 JavaThread "jar transforms Thread 9"           [_thread_blocked, id=15380, stack(0x000000047a600000,0x000000047a700000) (1024K)]
  0x0000014a6c7af4e0 JavaThread "jar transforms Thread 10"          [_thread_blocked, id=13828, stack(0x000000047a300000,0x000000047a400000) (1024K)]
  0x0000014a6e8558e0 JavaThread "jar transforms Thread 11"          [_thread_blocked, id=16644, stack(0x0000000474300000,0x0000000474400000) (1024K)]
  0x0000014a6e852460 JavaThread "jar transforms Thread 12"          [_thread_blocked, id=14432, stack(0x0000000474400000,0x0000000474500000) (1024K)]
  0x0000014a7aa05800 JavaThread "RMI Scheduler(0)"           daemon [_thread_blocked, id=21688, stack(0x0000000473700000,0x0000000473800000) (1024K)]
  0x0000014a7aa06520 JavaThread "RMI TCP Accept-0"           daemon [_thread_in_native, id=19784, stack(0x000000047bd00000,0x000000047be00000) (1024K)]
  0x0000014a79eefb70 JavaThread "Cache worker for Java compile cache (C:\Users\manon\.gradle\caches\8.14.3\javaCompile)"        [_thread_blocked, id=672, stack(0x000000047b600000,0x000000047b700000) (1024K)]
  0x0000014a7b997990 JavaThread "ForkJoinPool.commonPool-worker-142" daemon [_thread_blocked, id=15620, stack(0x0000000472500000,0x0000000472600000) (1024K)]
  0x0000014a77926420 JavaThread "ForkJoinPool.commonPool-worker-144" daemon [_thread_blocked, id=11280, stack(0x0000000472700000,0x0000000472800000) (1024K)]
  0x0000014a7a646150 JavaThread "ForkJoinPool.commonPool-worker-145" daemon [_thread_blocked, id=21148, stack(0x0000000472800000,0x0000000472900000) (1024K)]
  0x0000014a6b8ef150 JavaThread "ForkJoinPool.commonPool-worker-146" daemon [_thread_blocked, id=19332, stack(0x0000000472900000,0x0000000472a00000) (1024K)]
  0x0000014a79672da0 JavaThread "ForkJoinPool.commonPool-worker-147" daemon [_thread_blocked, id=7232, stack(0x0000000472a00000,0x0000000472b00000) (1024K)]
  0x0000014a772e47a0 JavaThread "ForkJoinPool.commonPool-worker-151" daemon [_thread_blocked, id=6328, stack(0x000000047a800000,0x000000047a900000) (1024K)]
  0x0000014a77b17c00 JavaThread "ForkJoinPool.commonPool-worker-149" daemon [_thread_blocked, id=18272, stack(0x000000047a900000,0x000000047aa00000) (1024K)]
  0x0000014a7ce12d40 JavaThread "ForkJoinPool.commonPool-worker-150" daemon [_thread_blocked, id=4616, stack(0x000000047aa00000,0x000000047ab00000) (1024K)]
  0x0000014a0470bd40 JavaThread "RMI GC Daemon"              daemon [_thread_blocked, id=16780, stack(0x000000047b200000,0x000000047b300000) (1024K)]
  0x0000014a0470b020 JavaThread "RMI Reaper"                        [_thread_blocked, id=14184, stack(0x000000047b400000,0x000000047b500000) (1024K)]
  0x0000014a6f31bb70 JavaThread "ForkJoinPool.commonPool-worker-152" daemon [_thread_blocked, id=12384, stack(0x0000000472600000,0x0000000472700000) (1024K)]
  0x0000014a7de77aa0 JavaThread "ForkJoinPool.commonPool-worker-153" daemon [_thread_blocked, id=9564, stack(0x0000000472c00000,0x0000000472d00000) (1024K)]
  0x0000014a6b8f0500 JavaThread "Daemon Thread 28"                  [_thread_blocked, id=3268, stack(0x000000046d500000,0x000000046d600000) (1024K)]
  0x0000014a77925070 JavaThread "Daemon worker Thread 28"           [_thread_blocked, id=17176, stack(0x000000046f300000,0x000000046f400000) (1024K)]
  0x0000014a7c59a9f0 JavaThread "Exec process Thread 111"           [_thread_blocked, id=21740, stack(0x000000047a000000,0x000000047a100000) (1024K)]
  0x0000014a7bfdc5d0 JavaThread "Exec process Thread 112"           [_thread_blocked, id=5696, stack(0x000000047a200000,0x000000047a300000) (1024K)]
  0x0000014a7bfd9150 JavaThread "Exec process Thread 113"           [_thread_blocked, id=21324, stack(0x000000047a700000,0x000000047a800000) (1024K)]
  0x0000014a7ae5d070 JavaThread "RMI TCP Connection(idle)"   daemon [_thread_blocked, id=16216, stack(0x000000047ae00000,0x000000047af00000) (1024K)]
  0x0000014a7b293700 JavaThread "Exec process Thread 114"           [_thread_blocked, id=13772, stack(0x000000047c000000,0x000000047c100000) (1024K)]
  0x0000014a7b14dba0 JavaThread "VFS cleanup Thread 36"             [_thread_blocked, id=1208, stack(0x000000046f800000,0x000000046f900000) (1024K)]
  0x0000014a7b9a3150 JavaThread "included builds"                   [_thread_blocked, id=3452, stack(0x0000000472e00000,0x0000000472f00000) (1024K)]
  0x0000014a7b9993d0 JavaThread "Handler for socket connection from /127.0.0.1:53057 to /127.0.0.1:1063"        [_thread_in_native, id=17336, stack(0x000000046d700000,0x000000046d800000) (1024K)]
  0x0000014a76618090 JavaThread "Cancel handler"                    [_thread_blocked, id=17848, stack(0x000000046f200000,0x000000046f300000) (1024K)]
  0x0000014a77530f80 JavaThread "Asynchronous log dispatcher for DefaultDaemonConnection: socket connection from /127.0.0.1:53057 to /127.0.0.1:1063"        [_thread_blocked, id=21876, stack(0x000000046f900000,0x000000046fa00000) (1024K)]
  0x0000014a77531ca0 JavaThread "Stdin handler"                     [_thread_blocked, id=22036, stack(0x000000046fa00000,0x000000046fb00000) (1024K)]
  0x0000014a7b999a60 JavaThread "Daemon client event forwarder"        [_thread_blocked, id=3696, stack(0x000000046fb00000,0x000000046fc00000) (1024K)]
  0x0000014a7b998d40 JavaThread "Cache worker for file hash cache (C:\Users\manon\OneDrive\Desktop\sentinel\android\.gradle\8.14.3\fileHashes)"        [_thread_blocked, id=5292, stack(0x000000046fc00000,0x000000046fd00000) (1024K)]
  0x0000014a7b998020 JavaThread "Cache worker for Build Output Cleanup Cache (C:\Users\manon\OneDrive\Desktop\sentinel\android\.gradle\buildOutputCleanup)"        [_thread_blocked, id=11644, stack(0x000000046ff00000,0x0000000470000000) (1024K)]
  0x0000014a7b997300 JavaThread "Cache worker for checksums cache (C:\Users\manon\OneDrive\Desktop\sentinel\android\.gradle\8.14.3\checksums)"        [_thread_blocked, id=4868, stack(0x0000000470300000,0x0000000470400000) (1024K)]
  0x0000014a7b9986b0 JavaThread "Cache worker for cache directory md-supplier (C:\Users\manon\.gradle\caches\8.14.3\md-supplier)"        [_thread_blocked, id=17388, stack(0x0000000470400000,0x0000000470500000) (1024K)]
  0x0000014a7b9965e0 JavaThread "Cache worker for cache directory md-rule (C:\Users\manon\.gradle\caches\8.14.3\md-rule)"        [_thread_blocked, id=11320, stack(0x0000000470800000,0x0000000470900000) (1024K)]
  0x0000014a7b99c1c0 JavaThread "Cache worker for Build Output Cleanup Cache (C:\Users\manon\OneDrive\Desktop\sentinel\node_modules\@react-native\gradle-plugin\.gradle\buildOutputCleanup)"        [_thread_blocked, id=13428, stack(0x0000000470a00000,0x0000000470b00000) (1024K)]
  0x0000014a7b99c850 JavaThread "Unconstrained build operations"        [_thread_blocked, id=13528, stack(0x0000000470b00000,0x0000000470c00000) (1024K)]
  0x0000014a7b99d570 JavaThread "Unconstrained build operations Thread 2"        [_thread_blocked, id=8316, stack(0x0000000470c00000,0x0000000470d00000) (1024K)]
  0x0000014a7b99bb30 JavaThread "Unconstrained build operations Thread 3"        [_thread_blocked, id=12480, stack(0x0000000470d00000,0x0000000470e00000) (1024K)]
  0x0000014a7b99cee0 JavaThread "Unconstrained build operations Thread 4"        [_thread_blocked, id=9964, stack(0x0000000470e00000,0x0000000470f00000) (1024K)]
  0x0000014a7b99a0f0 JavaThread "Unconstrained build operations Thread 5"        [_thread_blocked, id=21832, stack(0x0000000470f00000,0x0000000471000000) (1024K)]
  0x0000014a7b99dc00 JavaThread "Unconstrained build operations Thread 6"        [_thread_blocked, id=12916, stack(0x0000000471000000,0x0000000471100000) (1024K)]
  0x0000014a7b99b4a0 JavaThread "Unconstrained build operations Thread 7"        [_thread_blocked, id=8644, stack(0x0000000471100000,0x0000000471200000) (1024K)]
  0x0000014a7b99ae10 JavaThread "Unconstrained build operations Thread 8"        [_thread_blocked, id=8392, stack(0x0000000471200000,0x0000000471300000) (1024K)]
  0x0000014a7b99a780 JavaThread "Unconstrained build operations Thread 9"        [_thread_blocked, id=15536, stack(0x0000000471300000,0x0000000471400000) (1024K)]
  0x0000014a7b99efb0 JavaThread "Unconstrained build operations Thread 10"        [_thread_blocked, id=10720, stack(0x0000000471400000,0x0000000471500000) (1024K)]
  0x0000014a7b9a1710 JavaThread "Unconstrained build operations Thread 11"        [_thread_blocked, id=12796, stack(0x0000000471500000,0x0000000471600000) (1024K)]
  0x0000014a7b9a1080 JavaThread "Unconstrained build operations Thread 12"        [_thread_blocked, id=14116, stack(0x0000000471600000,0x0000000471700000) (1024K)]
  0x0000014a7b9a0360 JavaThread "Unconstrained build operations Thread 13"        [_thread_blocked, id=17244, stack(0x0000000471700000,0x0000000471800000) (1024K)]
  0x0000014a7b99e290 JavaThread "Unconstrained build operations Thread 14"        [_thread_blocked, id=5744, stack(0x0000000471800000,0x0000000471900000) (1024K)]
  0x0000014a7b9a1da0 JavaThread "Unconstrained build operations Thread 15"        [_thread_blocked, id=14084, stack(0x0000000471900000,0x0000000471a00000) (1024K)]
  0x0000014a7b99e920 JavaThread "Unconstrained build operations Thread 16"        [_thread_blocked, id=12472, stack(0x0000000471a00000,0x0000000471b00000) (1024K)]
  0x0000014a7b99f640 JavaThread "Unconstrained build operations Thread 17"        [_thread_blocked, id=9552, stack(0x0000000471b00000,0x0000000471c00000) (1024K)]
  0x0000014a7b99fcd0 JavaThread "Unconstrained build operations Thread 18"        [_thread_blocked, id=8460, stack(0x0000000471c00000,0x0000000471d00000) (1024K)]
  0x0000014a7b9a2430 JavaThread "Unconstrained build operations Thread 19"        [_thread_blocked, id=4328, stack(0x0000000471d00000,0x0000000471e00000) (1024K)]
  0x0000014a7b9a37e0 JavaThread "Unconstrained build operations Thread 20"        [_thread_blocked, id=17964, stack(0x0000000471e00000,0x0000000471f00000) (1024K)]
  0x0000014a7b9a3e70 JavaThread "Unconstrained build operations Thread 21"        [_thread_blocked, id=9072, stack(0x0000000471f00000,0x0000000472000000) (1024K)]
  0x0000014a7b9a09f0 JavaThread "Unconstrained build operations Thread 22"        [_thread_blocked, id=19200, stack(0x0000000472000000,0x0000000472100000) (1024K)]
  0x0000014a7b9a7980 JavaThread "Unconstrained build operations Thread 23"        [_thread_blocked, id=10816, stack(0x0000000472100000,0x0000000472200000) (1024K)]
  0x0000014a7b9a4500 JavaThread "Unconstrained build operations Thread 24"        [_thread_blocked, id=8224, stack(0x0000000472200000,0x0000000472300000) (1024K)]
  0x0000014a7b9a5220 JavaThread "Unconstrained build operations Thread 25"        [_thread_blocked, id=15252, stack(0x0000000472300000,0x0000000472400000) (1024K)]
  0x0000014a7b9a5f40 JavaThread "Unconstrained build operations Thread 26"        [_thread_blocked, id=17972, stack(0x0000000472400000,0x0000000472500000) (1024K)]
  0x0000014a7b9a6c60 JavaThread "build event listener"              [_thread_blocked, id=12968, stack(0x0000000472b00000,0x0000000472c00000) (1024K)]
  0x0000014a77926ab0 JavaThread "ForkJoinPool.commonPool-worker-154" daemon [_thread_blocked, id=18796, stack(0x0000000472d00000,0x0000000472e00000) (1024K)]
  0x0000014a7b9a8010 JavaThread "included builds"                   [_thread_blocked, id=17564, stack(0x0000000472f00000,0x0000000473000000) (1024K)]
  0x0000014a0470c3d0 JavaThread "Execution worker"                  [_thread_blocked, id=21836, stack(0x0000000473000000,0x0000000473100000) (1024K)]
  0x0000014a0470b6b0 JavaThread "Execution worker Thread 2"         [_thread_blocked, id=10672, stack(0x0000000473100000,0x0000000473200000) (1024K)]
  0x0000014a047095e0 JavaThread "Execution worker Thread 3"         [_thread_blocked, id=15248, stack(0x0000000473200000,0x0000000473300000) (1024K)]
  0x0000014a04709c70 JavaThread "Execution worker Thread 4"         [_thread_blocked, id=11180, stack(0x0000000473300000,0x0000000473400000) (1024K)]
  0x0000014a0470a990 JavaThread "Execution worker Thread 5"         [_thread_blocked, id=460, stack(0x0000000473400000,0x0000000473500000) (1024K)]
  0x0000014a0470a300 JavaThread "Execution worker Thread 6"         [_thread_blocked, id=20240, stack(0x0000000473500000,0x0000000473600000) (1024K)]
  0x0000014a0470ca60 JavaThread "Execution worker Thread 7"         [_thread_blocked, id=5620, stack(0x0000000473800000,0x0000000473900000) (1024K)]
  0x0000014a7b0c93f0 JavaThread "Cache worker for execution history cache (C:\Users\manon\OneDrive\Desktop\sentinel\node_modules\@react-native\gradle-plugin\.gradle\8.14.3\executionHistory)"        [_thread_blocked, id=14204, stack(0x0000000473900000,0x0000000473a00000) (1024K)]
  0x0000014a79672080 JavaThread "Execution worker Thread 8"         [_thread_blocked, id=10948, stack(0x0000000473a00000,0x0000000473b00000) (1024K)]
  0x0000014a79673430 JavaThread "Execution worker Thread 9"         [_thread_blocked, id=19684, stack(0x0000000473b00000,0x0000000473c00000) (1024K)]
  0x0000014a7cd78330 JavaThread "Execution worker Thread 10"        [_thread_blocked, id=9324, stack(0x0000000473c00000,0x0000000473d00000) (1024K)]
  0x0000014a7cd79050 JavaThread "Execution worker Thread 11"        [_thread_blocked, id=19152, stack(0x0000000473d00000,0x0000000473e00000) (1024K)]
  0x0000014a7cd789c0 JavaThread "Unconstrained build operations Thread 27"        [_thread_blocked, id=15864, stack(0x0000000473e00000,0x0000000473f00000) (1024K)]
  0x0000014a7cd76f80 JavaThread "Unconstrained build operations Thread 28"        [_thread_blocked, id=21400, stack(0x0000000474100000,0x0000000474200000) (1024K)]
  0x0000014a7cd77610 JavaThread "Unconstrained build operations Thread 29"        [_thread_blocked, id=19468, stack(0x0000000474200000,0x0000000474300000) (1024K)]
  0x0000014a7cd77ca0 JavaThread "Unconstrained build operations Thread 30"        [_thread_blocked, id=12860, stack(0x0000000474500000,0x0000000474600000) (1024K)]
  0x0000014a7cd796e0 JavaThread "Unconstrained build operations Thread 31"        [_thread_blocked, id=4264, stack(0x0000000474600000,0x0000000474700000) (1024K)]
  0x0000014a7cd79d70 JavaThread "Unconstrained build operations Thread 32"        [_thread_blocked, id=22432, stack(0x0000000474700000,0x0000000474800000) (1024K)]
  0x0000014a7cd7a400 JavaThread "Unconstrained build operations Thread 33"        [_thread_blocked, id=18716, stack(0x0000000474800000,0x0000000474900000) (1024K)]
  0x0000014a7ce14780 JavaThread "Unconstrained build operations Thread 34"        [_thread_blocked, id=14628, stack(0x0000000474900000,0x0000000474a00000) (1024K)]
  0x0000014a6e14cb80 JavaThread "Unconstrained build operations Thread 35"        [_thread_blocked, id=10992, stack(0x0000000474a00000,0x0000000474b00000) (1024K)]
  0x0000014a6e14e5c0 JavaThread "Unconstrained build operations Thread 36"        [_thread_blocked, id=2196, stack(0x0000000474b00000,0x0000000474c00000) (1024K)]
  0x0000014a7ce126b0 JavaThread "Unconstrained build operations Thread 37"        [_thread_blocked, id=6924, stack(0x0000000474c00000,0x0000000474d00000) (1024K)]
  0x0000014a7ce133d0 JavaThread "Unconstrained build operations Thread 38"        [_thread_blocked, id=14324, stack(0x0000000474d00000,0x0000000474e00000) (1024K)]
  0x0000014a7ce13a60 JavaThread "Unconstrained build operations Thread 39"        [_thread_blocked, id=15056, stack(0x0000000474e00000,0x0000000474f00000) (1024K)]
  0x0000014a7ce11990 JavaThread "Unconstrained build operations Thread 40"        [_thread_blocked, id=12352, stack(0x0000000474f00000,0x0000000475000000) (1024K)]
  0x0000014a7b9a4b90 JavaThread "Unconstrained build operations Thread 41"        [_thread_blocked, id=14008, stack(0x0000000475000000,0x0000000475100000) (1024K)]
  0x0000014a7b9a65d0 JavaThread "Unconstrained build operations Thread 42"        [_thread_blocked, id=20948, stack(0x0000000475100000,0x0000000475200000) (1024K)]
  0x0000014a7b9a86a0 JavaThread "Unconstrained build operations Thread 43"        [_thread_blocked, id=20368, stack(0x0000000475200000,0x0000000475300000) (1024K)]
  0x0000014a7b9a8d30 JavaThread "Unconstrained build operations Thread 44"        [_thread_blocked, id=12632, stack(0x0000000475300000,0x0000000475400000) (1024K)]
  0x0000014a7b9a58b0 JavaThread "Unconstrained build operations Thread 45"        [_thread_blocked, id=14928, stack(0x0000000475400000,0x0000000475500000) (1024K)]
  0x0000014a7b9aa770 JavaThread "Unconstrained build operations Thread 46"        [_thread_blocked, id=20524, stack(0x0000000475500000,0x0000000475600000) (1024K)]
  0x0000014a7b0c8d60 JavaThread "Unconstrained build operations Thread 47"        [_thread_blocked, id=2452, stack(0x0000000475600000,0x0000000475700000) (1024K)]
  0x0000014a7b9a93c0 JavaThread "Unconstrained build operations Thread 48"        [_thread_blocked, id=568, stack(0x0000000475700000,0x0000000475800000) (1024K)]
  0x0000014a7b9a9a50 JavaThread "Unconstrained build operations Thread 49"        [_thread_blocked, id=15716, stack(0x0000000475800000,0x0000000475900000) (1024K)]
  0x0000014a7b9aa0e0 JavaThread "Unconstrained build operations Thread 50"        [_thread_blocked, id=4200, stack(0x0000000475900000,0x0000000475a00000) (1024K)]
  0x0000014a7b9a72f0 JavaThread "Unconstrained build operations Thread 51"        [_thread_blocked, id=12872, stack(0x0000000475a00000,0x0000000475b00000) (1024K)]
  0x0000014a7b9ad560 JavaThread "Unconstrained build operations Thread 52"        [_thread_blocked, id=19680, stack(0x0000000475b00000,0x0000000475c00000) (1024K)]
  0x0000014a7b9ac840 JavaThread "Unconstrained build operations Thread 53"        [_thread_blocked, id=19240, stack(0x0000000475c00000,0x0000000475d00000) (1024K)]
  0x0000014a7b9adbf0 JavaThread "Unconstrained build operations Thread 54"        [_thread_blocked, id=18852, stack(0x0000000475d00000,0x0000000475e00000) (1024K)]
  0x0000014a7b9aced0 JavaThread "Unconstrained build operations Thread 55"        [_thread_blocked, id=19464, stack(0x0000000475e00000,0x0000000475f00000) (1024K)]
  0x0000014a7b9ae280 JavaThread "Unconstrained build operations Thread 56"        [_thread_blocked, id=13420, stack(0x0000000475f00000,0x0000000476000000) (1024K)]
  0x0000014a7b9aae00 JavaThread "Unconstrained build operations Thread 57"        [_thread_blocked, id=21028, stack(0x0000000476000000,0x0000000476100000) (1024K)]
  0x0000014a7b9ab490 JavaThread "Unconstrained build operations Thread 58"        [_thread_blocked, id=7384, stack(0x0000000476100000,0x0000000476200000) (1024K)]
  0x0000014a7b9ac1b0 JavaThread "Unconstrained build operations Thread 59"        [_thread_blocked, id=12660, stack(0x0000000476200000,0x0000000476300000) (1024K)]
  0x0000014a7b9ae910 JavaThread "Unconstrained build operations Thread 60"        [_thread_blocked, id=1764, stack(0x0000000476300000,0x0000000476400000) (1024K)]
  0x0000014a7b9aefa0 JavaThread "Unconstrained build operations Thread 61"        [_thread_blocked, id=21260, stack(0x0000000476400000,0x0000000476500000) (1024K)]
  0x0000014a7b9abb20 JavaThread "Unconstrained build operations Thread 62"        [_thread_blocked, id=20468, stack(0x0000000476500000,0x0000000476600000) (1024K)]
  0x0000014a7b9af630 JavaThread "Unconstrained build operations Thread 63"        [_thread_blocked, id=12816, stack(0x0000000476600000,0x0000000476700000) (1024K)]
  0x0000014a7b9afcc0 JavaThread "Unconstrained build operations Thread 64"        [_thread_blocked, id=10644, stack(0x0000000476700000,0x0000000476800000) (1024K)]
  0x0000014a7b9b0350 JavaThread "Unconstrained build operations Thread 65"        [_thread_blocked, id=3492, stack(0x0000000476800000,0x0000000476900000) (1024K)]
  0x0000014a7b9b1d90 JavaThread "Unconstrained build operations Thread 66"        [_thread_blocked, id=11592, stack(0x0000000476900000,0x0000000476a00000) (1024K)]
  0x0000014a7b9b3140 JavaThread "Unconstrained build operations Thread 67"        [_thread_blocked, id=10420, stack(0x0000000476a00000,0x0000000476b00000) (1024K)]
  0x0000014a7b9b37d0 JavaThread "Unconstrained build operations Thread 68"        [_thread_blocked, id=13464, stack(0x0000000476b00000,0x0000000476c00000) (1024K)]
  0x0000014a7b9b1070 JavaThread "Unconstrained build operations Thread 69"        [_thread_blocked, id=2688, stack(0x0000000476c00000,0x0000000476d00000) (1024K)]
  0x0000014a7ce14e10 JavaThread "Unconstrained build operations Thread 70"        [_thread_blocked, id=20916, stack(0x0000000476d00000,0x0000000476e00000) (1024K)]
  0x0000014a78527420 JavaThread "Unconstrained build operations Thread 71"        [_thread_blocked, id=16808, stack(0x0000000476e00000,0x0000000476f00000) (1024K)]
  0x0000014a78528e60 JavaThread "Unconstrained build operations Thread 72"        [_thread_blocked, id=16320, stack(0x0000000476f00000,0x0000000477000000) (1024K)]
  0x0000014a78526700 JavaThread "Unconstrained build operations Thread 73"        [_thread_blocked, id=10148, stack(0x0000000477000000,0x0000000477100000) (1024K)]
  0x0000014a7b9b2420 JavaThread "Unconstrained build operations Thread 74"        [_thread_blocked, id=19192, stack(0x0000000477100000,0x0000000477200000) (1024K)]
  0x0000014a7b9b3e60 JavaThread "Unconstrained build operations Thread 75"        [_thread_blocked, id=14188, stack(0x0000000477200000,0x0000000477300000) (1024K)]
  0x0000014a7b9b4b80 JavaThread "Unconstrained build operations Thread 76"        [_thread_blocked, id=7536, stack(0x0000000477300000,0x0000000477400000) (1024K)]
  0x0000014a7b9b1700 JavaThread "Unconstrained build operations Thread 77"        [_thread_blocked, id=21224, stack(0x0000000477400000,0x0000000477500000) (1024K)]
  0x0000014a7b9b5210 JavaThread "Unconstrained build operations Thread 78"        [_thread_blocked, id=3548, stack(0x0000000477500000,0x0000000477600000) (1024K)]
  0x0000014a7b9b58a0 JavaThread "Unconstrained build operations Thread 79"        [_thread_blocked, id=12148, stack(0x0000000477600000,0x0000000477700000) (1024K)]
  0x0000014a77532330 JavaThread "Unconstrained build operations Thread 80"        [_thread_blocked, id=16368, stack(0x0000000477700000,0x0000000477800000) (1024K)]
  0x0000014a775308f0 JavaThread "Unconstrained build operations Thread 81"        [_thread_blocked, id=15460, stack(0x0000000477800000,0x0000000477900000) (1024K)]
  0x0000014a6e14be60 JavaThread "Unconstrained build operations Thread 82"        [_thread_blocked, id=3092, stack(0x0000000477900000,0x0000000477a00000) (1024K)]
  0x0000014a6e14d8a0 JavaThread "Unconstrained build operations Thread 83"        [_thread_blocked, id=21848, stack(0x0000000477a00000,0x0000000477b00000) (1024K)]
  0x0000014a6e14ec50 JavaThread "Unconstrained build operations Thread 84"        [_thread_blocked, id=11932, stack(0x0000000477b00000,0x0000000477c00000) (1024K)]
  0x0000014a6e14b7d0 JavaThread "Unconstrained build operations Thread 85"        [_thread_blocked, id=19888, stack(0x0000000477c00000,0x0000000477d00000) (1024K)]
  0x0000014a6e14df30 JavaThread "Unconstrained build operations Thread 86"        [_thread_blocked, id=20424, stack(0x0000000477d00000,0x0000000477e00000) (1024K)]
  0x0000014a6e14c4f0 JavaThread "Unconstrained build operations Thread 87"        [_thread_blocked, id=13948, stack(0x0000000477e00000,0x0000000477f00000) (1024K)]
  0x0000014a6e14d210 JavaThread "Unconstrained build operations Thread 88"        [_thread_blocked, id=7644, stack(0x0000000477f00000,0x0000000478000000) (1024K)]
  0x0000014a77659c00 JavaThread "Unconstrained build operations Thread 89"        [_thread_blocked, id=9980, stack(0x0000000478000000,0x0000000478100000) (1024K)]
  0x0000014a7765afb0 JavaThread "Unconstrained build operations Thread 90"        [_thread_blocked, id=9236, stack(0x0000000478100000,0x0000000478200000) (1024K)]
  0x0000014a7b9b44f0 JavaThread "Unconstrained build operations Thread 91"        [_thread_blocked, id=4116, stack(0x0000000478200000,0x0000000478300000) (1024K)]
  0x0000014a7b879280 JavaThread "Unconstrained build operations Thread 92"        [_thread_blocked, id=21264, stack(0x0000000478300000,0x0000000478400000) (1024K)]
  0x0000014a7b87a630 JavaThread "Unconstrained build operations Thread 93"        [_thread_blocked, id=8580, stack(0x0000000478400000,0x0000000478500000) (1024K)]
  0x0000014a7b879910 JavaThread "Unconstrained build operations Thread 94"        [_thread_blocked, id=8136, stack(0x0000000478500000,0x0000000478600000) (1024K)]
  0x0000014a7b877840 JavaThread "Unconstrained build operations Thread 95"        [_thread_blocked, id=13632, stack(0x0000000478600000,0x0000000478700000) (1024K)]
  0x0000014a7b879fa0 JavaThread "Unconstrained build operations Thread 96"        [_thread_blocked, id=8556, stack(0x0000000478700000,0x0000000478800000) (1024K)]
  0x0000014a7b87b350 JavaThread "Unconstrained build operations Thread 97"        [_thread_blocked, id=2912, stack(0x0000000478800000,0x0000000478900000) (1024K)]
  0x0000014a7b877ed0 JavaThread "Unconstrained build operations Thread 98"        [_thread_blocked, id=9204, stack(0x0000000478900000,0x0000000478a00000) (1024K)]
  0x0000014a7b87b9e0 JavaThread "Unconstrained build operations Thread 99"        [_thread_blocked, id=21328, stack(0x0000000478a00000,0x0000000478b00000) (1024K)]
  0x0000014a7b878560 JavaThread "Unconstrained build operations Thread 100"        [_thread_blocked, id=13404, stack(0x0000000478b00000,0x0000000478c00000) (1024K)]
  0x0000014a7b878bf0 JavaThread "Unconstrained build operations Thread 101"        [_thread_blocked, id=1544, stack(0x0000000478c00000,0x0000000478d00000) (1024K)]
Total: 184

Other Threads:
=>0x0000014a49b94c30 VMThread "VM Thread"                           [id=7256, stack(0x000000046df00000,0x000000046e000000) (1024K)]
  0x0000014a49b806c0 WatcherThread "VM Periodic Task Thread"        [id=22264, stack(0x000000046de00000,0x000000046df00000) (1024K)]
  0x0000014a2a675970 WorkerThread "GC Thread#0"                     [id=16892, stack(0x000000046d900000,0x000000046da00000) (1024K)]
  0x0000014a69334630 WorkerThread "GC Thread#1"                     [id=18836, stack(0x000000046eb00000,0x000000046ec00000) (1024K)]
  0x0000014a6934b380 WorkerThread "GC Thread#2"                     [id=16932, stack(0x000000046ec00000,0x000000046ed00000) (1024K)]
  0x0000014a69af3c10 WorkerThread "GC Thread#3"                     [id=5788, stack(0x000000046ea00000,0x000000046eb00000) (1024K)]
  0x0000014a69af3fb0 WorkerThread "GC Thread#4"                     [id=21804, stack(0x000000046ed00000,0x000000046ee00000) (1024K)]
  0x0000014a69689330 WorkerThread "GC Thread#5"                     [id=11204, stack(0x000000046ee00000,0x000000046ef00000) (1024K)]
  0x0000014a693c5a90 WorkerThread "GC Thread#6"                     [id=11332, stack(0x000000046f400000,0x000000046f500000) (1024K)]
  0x0000014a69687730 WorkerThread "GC Thread#7"                     [id=8248, stack(0x000000046f500000,0x000000046f600000) (1024K)]
  0x0000014a69593ce0 WorkerThread "GC Thread#8"                     [id=8396, stack(0x000000046f600000,0x000000046f700000) (1024K)]
  0x0000014a69594080 WorkerThread "GC Thread#9"                     [id=4676, stack(0x000000046f700000,0x000000046f800000) (1024K)]
  0x0000014a2a686860 ConcurrentGCThread "G1 Main Marker"            [id=14004, stack(0x000000046da00000,0x000000046db00000) (1024K)]
  0x0000014a2a687270 WorkerThread "G1 Conc#0"                       [id=15104, stack(0x000000046db00000,0x000000046dc00000) (1024K)]
  0x0000014a69593940 WorkerThread "G1 Conc#1"                       [id=8104, stack(0x0000000470100000,0x0000000470200000) (1024K)]
  0x0000014a69594b60 WorkerThread "G1 Conc#2"                       [id=20604, stack(0x0000000470200000,0x0000000470300000) (1024K)]
  0x0000014a49a51ee0 ConcurrentGCThread "G1 Refine#0"               [id=5840, stack(0x000000046dc00000,0x000000046dd00000) (1024K)]
  0x0000014a49a52860 ConcurrentGCThread "G1 Service"                [id=20024, stack(0x000000046dd00000,0x000000046de00000) (1024K)]
Total: 18

Threads with active compile tasks:
C2 CompilerThread0  23394974 85172       4       org.gradle.api.internal.artifacts.ivyservice.ResolutionExecutor::getResolvers (136 bytes)
Total: 1

VM state: at safepoint (normal execution)

VM Mutex/Monitor currently owned by a thread:  ([mutex/lock_event])
[0x00007ffb38f16478] Threads_lock - owner thread: 0x0000014a49b94c30
[0x00007ffb38f16578] Heap_lock - owner thread: 0x0000014a7b877ed0

Heap address: 0x0000000700000000, size: 4096 MB, Compressed Oops mode: Zero based, Oop shift amount: 3

CDS archive(s) mapped at: [0x0000014a4a000000-0x0000014a4ac80000-0x0000014a4ac80000), size 13107200, SharedBaseAddress: 0x0000014a4a000000, ArchiveRelocationMode: 1.
Compressed class space mapped at: 0x0000014a4b000000-0x0000014a65000000, reserved size: 436207616
Narrow klass base: 0x0000014a4a000000, Narrow klass shift: 0, Narrow klass range: 0x100000000

GC Precious Log:
 CardTable entry size: 512
 Card Set container configuration: InlinePtr #cards 4 size 8 Array Of Cards #cards 16 size 48 Howl #buckets 8 coarsen threshold 3686 Howl Bitmap #cards 512 size 80 coarsen threshold 460 Card regions per heap region 1 cards per card region 4096
 CPUs: 12 total, 12 available
 Memory: 7863M
 Large Page Support: Disabled
 NUMA Support: Disabled
 Compressed Oops: Enabled (Zero based)
 Heap Region Size: 2M
 Heap Min Capacity: 8M
 Heap Initial Capacity: 124M
 Heap Max Capacity: 4G
 Pre-touch: Disabled
 Parallel Workers: 10
 Concurrent Workers: 3
 Concurrent Refinement Workers: 10
 Periodic GC: Disabled

Heap:
 garbage-first heap   total 1175552K, used 603621K [0x0000000700000000, 0x0000000800000000)
  region size 2048K, 23 young (47104K), 23 survivors (47104K)
 Metaspace       used 203253K, committed 207552K, reserved 622592K
  class space    used 25613K, committed 28160K, reserved 425984K

Heap Regions: E=young(eden), S=young(survivor), O=old, HS=humongous(starts), HC=humongous(continues), CS=collection set, F=free, TAMS=top-at-mark-start, PB=parsable bottom
|   0|0x0000000700000000, 0x0000000700200000, 0x0000000700200000|100%|HS|  |TAMS 0x0000000700000000| PB 0x0000000700000000| Complete 
|   1|0x0000000700200000, 0x0000000700400000, 0x0000000700400000|100%|HC|  |TAMS 0x0000000700200000| PB 0x0000000700200000| Complete 
|   2|0x0000000700400000, 0x00000007005ffb08, 0x0000000700600000| 99%| O|  |TAMS 0x0000000700400000| PB 0x0000000700400000| Untracked 
|   3|0x0000000700600000, 0x0000000700800000, 0x0000000700800000|100%| O|  |TAMS 0x0000000700600000| PB 0x0000000700600000| Untracked 
|   4|0x0000000700800000, 0x0000000700a00000, 0x0000000700a00000|100%| O|  |TAMS 0x0000000700800000| PB 0x0000000700800000| Untracked 
|   5|0x0000000700a00000, 0x0000000700c00000, 0x0000000700c00000|100%| O|  |TAMS 0x0000000700a00000| PB 0x0000000700a00000| Untracked 
|   6|0x0000000700c00000, 0x0000000700e00000, 0x0000000700e00000|100%| O|  |TAMS 0x0000000700c00000| PB 0x0000000700c00000| Untracked 
|   7|0x0000000700e00000, 0x0000000701000000, 0x0000000701000000|100%| O|  |TAMS 0x0000000700e00000| PB 0x0000000700e00000| Untracked 
|   8|0x0000000701000000, 0x0000000701200000, 0x0000000701200000|100%| O|  |TAMS 0x0000000701000000| PB 0x0000000701000000| Untracked 
|   9|0x0000000701200000, 0x00000007013ffff8, 0x0000000701400000| 99%| O|  |TAMS 0x0000000701200000| PB 0x0000000701200000| Untracked 
|  10|0x0000000701400000, 0x00000007015fffe0, 0x0000000701600000| 99%| O|  |TAMS 0x0000000701400000| PB 0x0000000701400000| Untracked 
|  11|0x0000000701600000, 0x00000007017fffe8, 0x0000000701800000| 99%| O|  |TAMS 0x0000000701600000| PB 0x0000000701600000| Untracked 
|  12|0x0000000701800000, 0x00000007019ffff8, 0x0000000701a00000| 99%| O|  |TAMS 0x0000000701800000| PB 0x0000000701800000| Untracked 
|  13|0x0000000701a00000, 0x0000000701bffff8, 0x0000000701c00000| 99%| O|  |TAMS 0x0000000701a00000| PB 0x0000000701a00000| Untracked 
|  14|0x0000000701c00000, 0x0000000701dffff0, 0x0000000701e00000| 99%| O|  |TAMS 0x0000000701c00000| PB 0x0000000701c00000| Untracked 
|  15|0x0000000701e00000, 0x0000000701fec338, 0x0000000702000000| 96%| O|  |TAMS 0x0000000701e00000| PB 0x0000000701e00000| Untracked 
|  16|0x0000000702000000, 0x00000007021fffb0, 0x0000000702200000| 99%| O|  |TAMS 0x0000000702000000| PB 0x0000000702000000| Untracked 
|  17|0x0000000702200000, 0x0000000702400000, 0x0000000702400000|100%| O|  |TAMS 0x0000000702200000| PB 0x0000000702200000| Untracked 
|  18|0x0000000702400000, 0x0000000702600000, 0x0000000702600000|100%| O|  |TAMS 0x0000000702400000| PB 0x0000000702400000| Untracked 
|  19|0x0000000702600000, 0x00000007027fffe8, 0x0000000702800000| 99%| O|  |TAMS 0x0000000702600000| PB 0x0000000702600000| Untracked 
|  20|0x0000000702800000, 0x00000007029ff1c8, 0x0000000702a00000| 99%| O|  |TAMS 0x0000000702800000| PB 0x0000000702800000| Untracked 
|  21|0x0000000702a00000, 0x0000000702bffff8, 0x0000000702c00000| 99%| O|  |TAMS 0x0000000702a00000| PB 0x0000000702a00000| Untracked 
|  22|0x0000000702c00000, 0x0000000702dffff8, 0x0000000702e00000| 99%| O|  |TAMS 0x0000000702c00000| PB 0x0000000702c00000| Untracked 
|  23|0x0000000702e00000, 0x0000000703000000, 0x0000000703000000|100%| O|  |TAMS 0x0000000702e00000| PB 0x0000000702e00000| Untracked 
|  24|0x0000000703000000, 0x00000007031ffff8, 0x0000000703200000| 99%| O|  |TAMS 0x0000000703000000| PB 0x0000000703000000| Untracked 
|  25|0x0000000703200000, 0x0000000703400000, 0x0000000703400000|100%| O|  |TAMS 0x0000000703200000| PB 0x0000000703200000| Untracked 
|  26|0x0000000703400000, 0x0000000703600000, 0x0000000703600000|100%|HS|  |TAMS 0x0000000703400000| PB 0x0000000703400000| Complete 
|  27|0x0000000703600000, 0x0000000703800000, 0x0000000703800000|100%|HC|  |TAMS 0x0000000703600000| PB 0x0000000703600000| Complete 
|  28|0x0000000703800000, 0x0000000703a00000, 0x0000000703a00000|100%|HS|  |TAMS 0x0000000703800000| PB 0x0000000703800000| Complete 
|  29|0x0000000703a00000, 0x0000000703c00000, 0x0000000703c00000|100%|HC|  |TAMS 0x0000000703a00000| PB 0x0000000703a00000| Complete 
|  30|0x0000000703c00000, 0x0000000703e00000, 0x0000000703e00000|100%| O|  |TAMS 0x0000000703c00000| PB 0x0000000703c00000| Untracked 
|  31|0x0000000703e00000, 0x0000000703ffffe0, 0x0000000704000000| 99%| O|  |TAMS 0x0000000703e00000| PB 0x0000000703e00000| Untracked 
|  32|0x0000000704000000, 0x00000007041ffff0, 0x0000000704200000| 99%| O|  |TAMS 0x0000000704000000| PB 0x0000000704000000| Untracked 
|  33|0x0000000704200000, 0x00000007043fffc8, 0x0000000704400000| 99%| O|  |TAMS 0x0000000704200000| PB 0x0000000704200000| Untracked 
|  34|0x0000000704400000, 0x00000007045fd5a0, 0x0000000704600000| 99%| O|  |TAMS 0x0000000704400000| PB 0x0000000704400000| Untracked 
|  35|0x0000000704600000, 0x00000007047fff80, 0x0000000704800000| 99%| O|  |TAMS 0x0000000704600000| PB 0x0000000704600000| Untracked 
|  36|0x0000000704800000, 0x00000007049fffe8, 0x0000000704a00000| 99%| O|  |TAMS 0x0000000704800000| PB 0x0000000704800000| Untracked 
|  37|0x0000000704a00000, 0x0000000704bffff0, 0x0000000704c00000| 99%| O|  |TAMS 0x0000000704a00000| PB 0x0000000704a00000| Untracked 
|  38|0x0000000704c00000, 0x0000000704dfffc8, 0x0000000704e00000| 99%| O|  |TAMS 0x0000000704c00000| PB 0x0000000704c00000| Untracked 
|  39|0x0000000704e00000, 0x0000000704ffffb8, 0x0000000705000000| 99%| O|  |TAMS 0x0000000704e00000| PB 0x0000000704e00000| Untracked 
|  40|0x0000000705000000, 0x0000000705200000, 0x0000000705200000|100%| O|  |TAMS 0x0000000705000000| PB 0x0000000705000000| Untracked 
|  41|0x0000000705200000, 0x00000007053ff280, 0x0000000705400000| 99%| O|  |TAMS 0x0000000705200000| PB 0x0000000705200000| Untracked 
|  42|0x0000000705400000, 0x00000007055fffe8, 0x0000000705600000| 99%| O|  |TAMS 0x0000000705400000| PB 0x0000000705400000| Untracked 
|  43|0x0000000705600000, 0x00000007057ffff0, 0x0000000705800000| 99%| O|  |TAMS 0x0000000705600000| PB 0x0000000705600000| Untracked 
|  44|0x0000000705800000, 0x00000007059b6820, 0x0000000705a00000| 85%| O|  |TAMS 0x0000000705800000| PB 0x0000000705800000| Untracked 
|  45|0x0000000705a00000, 0x0000000705bfffc8, 0x0000000705c00000| 99%| O|  |TAMS 0x0000000705a00000| PB 0x0000000705a00000| Untracked 
|  46|0x0000000705c00000, 0x0000000705dfffb8, 0x0000000705e00000| 99%| O|  |TAMS 0x0000000705c00000| PB 0x0000000705c00000| Untracked 
|  47|0x0000000705e00000, 0x0000000706000000, 0x0000000706000000|100%| O|  |TAMS 0x0000000705e00000| PB 0x0000000705e00000| Untracked 
|  48|0x0000000706000000, 0x00000007061dfcc0, 0x0000000706200000| 93%| O|  |TAMS 0x0000000706000000| PB 0x0000000706000000| Untracked 
|  49|0x0000000706200000, 0x00000007063fb8c8, 0x0000000706400000| 99%| O|  |TAMS 0x0000000706200000| PB 0x0000000706200000| Untracked 
|  50|0x0000000706400000, 0x00000007065ff598, 0x0000000706600000| 99%| O|  |TAMS 0x0000000706400000| PB 0x0000000706400000| Untracked 
|  51|0x0000000706600000, 0x00000007067fffa0, 0x0000000706800000| 99%| O|  |TAMS 0x0000000706600000| PB 0x0000000706600000| Untracked 
|  52|0x0000000706800000, 0x00000007069d3620, 0x0000000706a00000| 91%| O|  |TAMS 0x0000000706800000| PB 0x0000000706800000| Untracked 
|  53|0x0000000706a00000, 0x0000000706bfda78, 0x0000000706c00000| 99%| O|  |TAMS 0x0000000706a00000| PB 0x0000000706a00000| Untracked 
|  54|0x0000000706c00000, 0x0000000706dfff98, 0x0000000706e00000| 99%| O|  |TAMS 0x0000000706c00000| PB 0x0000000706c00000| Untracked 
|  55|0x0000000706e00000, 0x0000000706ffc400, 0x0000000707000000| 99%| O|  |TAMS 0x0000000706e00000| PB 0x0000000706e00000| Untracked 
|  56|0x0000000707000000, 0x0000000707200000, 0x0000000707200000|100%| O|  |TAMS 0x0000000707000000| PB 0x0000000707000000| Untracked 
|  57|0x0000000707200000, 0x0000000707400000, 0x0000000707400000|100%|HS|  |TAMS 0x0000000707200000| PB 0x0000000707200000| Complete 
|  58|0x0000000707400000, 0x0000000707600000, 0x0000000707600000|100%|HC|  |TAMS 0x0000000707400000| PB 0x0000000707400000| Complete 
|  59|0x0000000707600000, 0x00000007077ffff8, 0x0000000707800000| 99%| O|  |TAMS 0x0000000707600000| PB 0x0000000707600000| Untracked 
|  60|0x0000000707800000, 0x00000007079e9e38, 0x0000000707a00000| 95%| O|  |TAMS 0x0000000707800000| PB 0x0000000707800000| Untracked 
|  61|0x0000000707a00000, 0x0000000707bf3290, 0x0000000707c00000| 97%| O|  |TAMS 0x0000000707a00000| PB 0x0000000707a00000| Untracked 
|  62|0x0000000707c00000, 0x0000000707e00000, 0x0000000707e00000|100%|HS|  |TAMS 0x0000000707c00000| PB 0x0000000707c00000| Complete 
|  63|0x0000000707e00000, 0x0000000707fffff0, 0x0000000708000000| 99%| O|  |TAMS 0x0000000707e00000| PB 0x0000000707e00000| Untracked 
|  64|0x0000000708000000, 0x00000007081fffd8, 0x0000000708200000| 99%| O|  |TAMS 0x0000000708000000| PB 0x0000000708000000| Untracked 
|  65|0x0000000708200000, 0x0000000708400000, 0x0000000708400000|100%| O|  |TAMS 0x0000000708200000| PB 0x0000000708200000| Untracked 
|  66|0x0000000708400000, 0x00000007085ffff0, 0x0000000708600000| 99%| O|  |TAMS 0x0000000708400000| PB 0x0000000708400000| Untracked 
|  67|0x0000000708600000, 0x00000007087ffff0, 0x0000000708800000| 99%| O|  |TAMS 0x0000000708600000| PB 0x0000000708600000| Untracked 
|  68|0x0000000708800000, 0x0000000708a00000, 0x0000000708a00000|100%| O|  |TAMS 0x0000000708800000| PB 0x0000000708800000| Untracked 
|  69|0x0000000708a00000, 0x0000000708bffff8, 0x0000000708c00000| 99%| O|  |TAMS 0x0000000708a00000| PB 0x0000000708a00000| Untracked 
|  70|0x0000000708c00000, 0x0000000708e00000, 0x0000000708e00000|100%| O|  |TAMS 0x0000000708c00000| PB 0x0000000708c00000| Untracked 
|  71|0x0000000708e00000, 0x0000000708ffffd0, 0x0000000709000000| 99%| O|  |TAMS 0x0000000708e00000| PB 0x0000000708e00000| Untracked 
|  72|0x0000000709000000, 0x0000000709200000, 0x0000000709200000|100%|HS|  |TAMS 0x0000000709000000| PB 0x0000000709000000| Complete 
|  73|0x0000000709200000, 0x0000000709400000, 0x0000000709400000|100%|HC|  |TAMS 0x0000000709200000| PB 0x0000000709200000| Complete 
|  74|0x0000000709400000, 0x00000007095fffe0, 0x0000000709600000| 99%| O|  |TAMS 0x0000000709400000| PB 0x0000000709400000| Untracked 
|  75|0x0000000709600000, 0x0000000709800000, 0x0000000709800000|100%| O|  |TAMS 0x0000000709600000| PB 0x0000000709600000| Untracked 
|  76|0x0000000709800000, 0x00000007099fff70, 0x0000000709a00000| 99%| O|  |TAMS 0x0000000709800000| PB 0x0000000709800000| Untracked 
|  77|0x0000000709a00000, 0x0000000709c00000, 0x0000000709c00000|100%| O|  |TAMS 0x0000000709a00000| PB 0x0000000709a00000| Untracked 
|  78|0x0000000709c00000, 0x0000000709dfffe8, 0x0000000709e00000| 99%| O|  |TAMS 0x0000000709c00000| PB 0x0000000709c00000| Untracked 
|  79|0x0000000709e00000, 0x0000000709ffffb0, 0x000000070a000000| 99%| O|  |TAMS 0x0000000709e00000| PB 0x0000000709e00000| Untracked 
|  80|0x000000070a000000, 0x000000070a1ba118, 0x000000070a200000| 86%| O|  |TAMS 0x000000070a000000| PB 0x000000070a000000| Untracked 
|  81|0x000000070a200000, 0x000000070a400000, 0x000000070a400000|100%|HS|  |TAMS 0x000000070a200000| PB 0x000000070a200000| Complete 
|  82|0x000000070a400000, 0x000000070a600000, 0x000000070a600000|100%| O|  |TAMS 0x000000070a400000| PB 0x000000070a400000| Untracked 
|  83|0x000000070a600000, 0x000000070a7fd6a0, 0x000000070a800000| 99%| O|  |TAMS 0x000000070a600000| PB 0x000000070a600000| Untracked 
|  84|0x000000070a800000, 0x000000070a9f00d0, 0x000000070aa00000| 96%| O|  |TAMS 0x000000070a800000| PB 0x000000070a800000| Untracked 
|  85|0x000000070aa00000, 0x000000070abfff88, 0x000000070ac00000| 99%| O|  |TAMS 0x000000070aa00000| PB 0x000000070aa00000| Untracked 
|  86|0x000000070ac00000, 0x000000070adf8f08, 0x000000070ae00000| 98%| O|  |TAMS 0x000000070ac00000| PB 0x000000070ac00000| Untracked 
|  87|0x000000070ae00000, 0x000000070afffff0, 0x000000070b000000| 99%| O|  |TAMS 0x000000070ae00000| PB 0x000000070ae00000| Untracked 
|  88|0x000000070b000000, 0x000000070b1ffff0, 0x000000070b200000| 99%| O|  |TAMS 0x000000070b000000| PB 0x000000070b000000| Untracked 
|  89|0x000000070b200000, 0x000000070b3e8c30, 0x000000070b400000| 95%| O|  |TAMS 0x000000070b200000| PB 0x000000070b200000| Untracked 
|  90|0x000000070b400000, 0x000000070b5fffd8, 0x000000070b600000| 99%| O|  |TAMS 0x000000070b400000| PB 0x000000070b400000| Untracked 
|  91|0x000000070b600000, 0x000000070b7ffff8, 0x000000070b800000| 99%| O|  |TAMS 0x000000070b600000| PB 0x000000070b600000| Untracked 
|  92|0x000000070b800000, 0x000000070b9ffff8, 0x000000070ba00000| 99%| O|  |TAMS 0x000000070b800000| PB 0x000000070b800000| Untracked 
|  93|0x000000070ba00000, 0x000000070bbfffe8, 0x000000070bc00000| 99%| O|  |TAMS 0x000000070ba00000| PB 0x000000070ba00000| Untracked 
|  94|0x000000070bc00000, 0x000000070bdfffe8, 0x000000070be00000| 99%| O|  |TAMS 0x000000070bc00000| PB 0x000000070bc00000| Untracked 
|  95|0x000000070be00000, 0x000000070c000000, 0x000000070c000000|100%| O|  |TAMS 0x000000070be00000| PB 0x000000070be00000| Untracked 
|  96|0x000000070c000000, 0x000000070c1fffe8, 0x000000070c200000| 99%| O|  |TAMS 0x000000070c000000| PB 0x000000070c000000| Untracked 
|  97|0x000000070c200000, 0x000000070c3fffc0, 0x000000070c400000| 99%| O|  |TAMS 0x000000070c200000| PB 0x000000070c200000| Untracked 
|  98|0x000000070c400000, 0x000000070c600000, 0x000000070c600000|100%| O|  |TAMS 0x000000070c400000| PB 0x000000070c400000| Untracked 
|  99|0x000000070c600000, 0x000000070c7bfc98, 0x000000070c800000| 87%| O|  |TAMS 0x000000070c600000| PB 0x000000070c600000| Untracked 
| 100|0x000000070c800000, 0x000000070c9fffc8, 0x000000070ca00000| 99%| O|  |TAMS 0x000000070c800000| PB 0x000000070c800000| Untracked 
| 101|0x000000070ca00000, 0x000000070cbffff8, 0x000000070cc00000| 99%| O|  |TAMS 0x000000070ca00000| PB 0x000000070ca00000| Untracked 
| 102|0x000000070cc00000, 0x000000070cdf3430, 0x000000070ce00000| 97%| O|  |TAMS 0x000000070cc00000| PB 0x000000070cc00000| Untracked 
| 103|0x000000070ce00000, 0x000000070cfe77b0, 0x000000070d000000| 95%| O|  |TAMS 0x000000070ce00000| PB 0x000000070ce00000| Untracked 
| 104|0x000000070d000000, 0x000000070d200000, 0x000000070d200000|100%| O|  |TAMS 0x000000070d000000| PB 0x000000070d000000| Untracked 
| 105|0x000000070d200000, 0x000000070d400000, 0x000000070d400000|100%|HS|  |TAMS 0x000000070d200000| PB 0x000000070d200000| Complete 
| 106|0x000000070d400000, 0x000000070d600000, 0x000000070d600000|100%|HS|  |TAMS 0x000000070d400000| PB 0x000000070d400000| Complete 
| 107|0x000000070d600000, 0x000000070d800000, 0x000000070d800000|100%| O|  |TAMS 0x000000070d600000| PB 0x000000070d600000| Untracked 
| 108|0x000000070d800000, 0x000000070d9ffff8, 0x000000070da00000| 99%| O|  |TAMS 0x000000070d800000| PB 0x000000070d800000| Untracked 
| 109|0x000000070da00000, 0x000000070da00000, 0x000000070dc00000|  0%| F|  |TAMS 0x000000070da00000| PB 0x000000070da00000| Untracked 
| 110|0x000000070dc00000, 0x000000070dd95428, 0x000000070de00000| 79%| O|  |TAMS 0x000000070dc00000| PB 0x000000070dc00000| Untracked 
| 111|0x000000070de00000, 0x000000070dfffff8, 0x000000070e000000| 99%| O|  |TAMS 0x000000070de00000| PB 0x000000070de00000| Untracked 
| 112|0x000000070e000000, 0x000000070e1a6750, 0x000000070e200000| 82%| O|  |TAMS 0x000000070e000000| PB 0x000000070e000000| Untracked 
| 113|0x000000070e200000, 0x000000070e3ffff8, 0x000000070e400000| 99%| O|  |TAMS 0x000000070e200000| PB 0x000000070e200000| Untracked 
| 114|0x000000070e400000, 0x000000070e5ffff0, 0x000000070e600000| 99%| O|  |TAMS 0x000000070e400000| PB 0x000000070e400000| Untracked 
| 115|0x000000070e600000, 0x000000070e7fffd8, 0x000000070e800000| 99%| O|  |TAMS 0x000000070e600000| PB 0x000000070e600000| Untracked 
| 116|0x000000070e800000, 0x000000070ea00000, 0x000000070ea00000|100%| O|  |TAMS 0x000000070e800000| PB 0x000000070e800000| Untracked 
| 117|0x000000070ea00000, 0x000000070ec00000, 0x000000070ec00000|100%| O|  |TAMS 0x000000070ea00000| PB 0x000000070ea00000| Untracked 
| 118|0x000000070ec00000, 0x000000070edff3c8, 0x000000070ee00000| 99%| O|  |TAMS 0x000000070ec00000| PB 0x000000070ec00000| Untracked 
| 119|0x000000070ee00000, 0x000000070f000000, 0x000000070f000000|100%| O|  |TAMS 0x000000070ee00000| PB 0x000000070ee00000| Untracked 
| 120|0x000000070f000000, 0x000000070f200000, 0x000000070f200000|100%| O|  |TAMS 0x000000070f000000| PB 0x000000070f000000| Untracked 
| 121|0x000000070f200000, 0x000000070f400000, 0x000000070f400000|100%| O|  |TAMS 0x000000070f200000| PB 0x000000070f200000| Untracked 
| 122|0x000000070f400000, 0x000000070f5ffff0, 0x000000070f600000| 99%| O|  |TAMS 0x000000070f400000| PB 0x000000070f400000| Untracked 
| 123|0x000000070f600000, 0x000000070f7ffff8, 0x000000070f800000| 99%| O|Cm|TAMS 0x000000070f600000| PB 0x000000070f600000| Complete 
| 124|0x000000070f800000, 0x000000070f9fffe0, 0x000000070fa00000| 99%| O|  |TAMS 0x000000070f800000| PB 0x000000070f800000| Untracked 
| 125|0x000000070fa00000, 0x000000070fc00000, 0x000000070fc00000|100%| O|  |TAMS 0x000000070fa00000| PB 0x000000070fa00000| Untracked 
| 126|0x000000070fc00000, 0x000000070fe00000, 0x000000070fe00000|100%| O|  |TAMS 0x000000070fc00000| PB 0x000000070fc00000| Untracked 
| 127|0x000000070fe00000, 0x0000000710000000, 0x0000000710000000|100%| O|  |TAMS 0x000000070fe00000| PB 0x000000070fe00000| Untracked 
| 128|0x0000000710000000, 0x0000000710200000, 0x0000000710200000|100%| O|  |TAMS 0x0000000710000000| PB 0x0000000710000000| Untracked 
| 129|0x0000000710200000, 0x00000007103fffd0, 0x0000000710400000| 99%| O|  |TAMS 0x0000000710200000| PB 0x0000000710200000| Untracked 
| 130|0x0000000710400000, 0x0000000710600000, 0x0000000710600000|100%| O|  |TAMS 0x0000000710400000| PB 0x0000000710400000| Untracked 
| 131|0x0000000710600000, 0x00000007107ffff0, 0x0000000710800000| 99%| O|  |TAMS 0x0000000710600000| PB 0x0000000710600000| Untracked 
| 132|0x0000000710800000, 0x0000000710a00000, 0x0000000710a00000|100%| O|  |TAMS 0x0000000710800000| PB 0x0000000710800000| Untracked 
| 133|0x0000000710a00000, 0x0000000710a00000, 0x0000000710c00000|  0%| F|  |TAMS 0x0000000710a00000| PB 0x0000000710a00000| Untracked 
| 134|0x0000000710c00000, 0x0000000710dffff0, 0x0000000710e00000| 99%| O|  |TAMS 0x0000000710c00000| PB 0x0000000710c00000| Untracked 
| 135|0x0000000710e00000, 0x0000000710ffff58, 0x0000000711000000| 99%| O|Cm|TAMS 0x0000000710e00000| PB 0x0000000710e00000| Complete 
| 136|0x0000000711000000, 0x00000007111f7c10, 0x0000000711200000| 98%| O|Cm|TAMS 0x0000000711000000| PB 0x0000000711000000| Complete 
| 137|0x0000000711200000, 0x0000000711400000, 0x0000000711400000|100%| O|  |TAMS 0x0000000711200000| PB 0x0000000711200000| Untracked 
| 138|0x0000000711400000, 0x0000000711600000, 0x0000000711600000|100%| O|  |TAMS 0x0000000711400000| PB 0x0000000711400000| Untracked 
| 139|0x0000000711600000, 0x00000007117fffe8, 0x0000000711800000| 99%| O|  |TAMS 0x0000000711600000| PB 0x0000000711600000| Untracked 
| 140|0x0000000711800000, 0x0000000711940010, 0x0000000711a00000| 62%| O|Cm|TAMS 0x0000000711800000| PB 0x0000000711800000| Complete 
| 141|0x0000000711a00000, 0x0000000711bffff0, 0x0000000711c00000| 99%| O|  |TAMS 0x0000000711a00000| PB 0x0000000711a00000| Untracked 
| 142|0x0000000711c00000, 0x0000000711e00000, 0x0000000711e00000|100%| O|  |TAMS 0x0000000711c00000| PB 0x0000000711c00000| Untracked 
| 143|0x0000000711e00000, 0x0000000712000000, 0x0000000712000000|100%| O|  |TAMS 0x0000000711e00000| PB 0x0000000711e00000| Untracked 
| 144|0x0000000712000000, 0x0000000712200000, 0x0000000712200000|100%| O|  |TAMS 0x0000000712000000| PB 0x0000000712000000| Untracked 
| 145|0x0000000712200000, 0x0000000712400000, 0x0000000712400000|100%| O|  |TAMS 0x0000000712200000| PB 0x0000000712200000| Untracked 
| 146|0x0000000712400000, 0x0000000712600000, 0x0000000712600000|100%| O|  |TAMS 0x0000000712400000| PB 0x0000000712400000| Untracked 
| 147|0x0000000712600000, 0x0000000712800000, 0x0000000712800000|100%| O|  |TAMS 0x0000000712600000| PB 0x0000000712600000| Untracked 
| 148|0x0000000712800000, 0x0000000712a00000, 0x0000000712a00000|100%| O|  |TAMS 0x0000000712800000| PB 0x0000000712800000| Untracked 
| 149|0x0000000712a00000, 0x0000000712c00000, 0x0000000712c00000|100%| O|  |TAMS 0x0000000712a00000| PB 0x0000000712a00000| Untracked 
| 150|0x0000000712c00000, 0x0000000712e00000, 0x0000000712e00000|100%| O|  |TAMS 0x0000000712c00000| PB 0x0000000712c00000| Untracked 
| 151|0x0000000712e00000, 0x0000000713000000, 0x0000000713000000|100%| O|  |TAMS 0x0000000712e00000| PB 0x0000000712e00000| Untracked 
| 152|0x0000000713000000, 0x0000000713200000, 0x0000000713200000|100%| O|  |TAMS 0x0000000713000000| PB 0x0000000713000000| Untracked 
| 153|0x0000000713200000, 0x0000000713400000, 0x0000000713400000|100%| O|  |TAMS 0x0000000713200000| PB 0x0000000713200000| Untracked 
| 154|0x0000000713400000, 0x0000000713600000, 0x0000000713600000|100%| O|  |TAMS 0x0000000713400000| PB 0x0000000713400000| Untracked 
| 155|0x0000000713600000, 0x0000000713800000, 0x0000000713800000|100%| O|  |TAMS 0x0000000713600000| PB 0x0000000713600000| Untracked 
| 156|0x0000000713800000, 0x0000000713a00000, 0x0000000713a00000|100%| O|  |TAMS 0x0000000713800000| PB 0x0000000713800000| Untracked 
| 157|0x0000000713a00000, 0x0000000713c00000, 0x0000000713c00000|100%| O|  |TAMS 0x0000000713a00000| PB 0x0000000713a00000| Untracked 
| 158|0x0000000713c00000, 0x0000000713e00000, 0x0000000713e00000|100%| O|  |TAMS 0x0000000713c00000| PB 0x0000000713c00000| Untracked 
| 159|0x0000000713e00000, 0x0000000714000000, 0x0000000714000000|100%| O|  |TAMS 0x0000000713e00000| PB 0x0000000713e00000| Untracked 
| 160|0x0000000714000000, 0x0000000714200000, 0x0000000714200000|100%| O|  |TAMS 0x0000000714000000| PB 0x0000000714000000| Untracked 
| 161|0x0000000714200000, 0x0000000714200000, 0x0000000714400000|  0%| F|  |TAMS 0x0000000714200000| PB 0x0000000714200000| Untracked 
| 162|0x0000000714400000, 0x0000000714600000, 0x0000000714600000|100%| O|  |TAMS 0x0000000714400000| PB 0x0000000714400000| Untracked 
| 163|0x0000000714600000, 0x0000000714667be0, 0x0000000714800000| 20%| O|Cm|TAMS 0x0000000714600000| PB 0x0000000714600000| Complete 
| 164|0x0000000714800000, 0x0000000714a00000, 0x0000000714a00000|100%| O|  |TAMS 0x0000000714800000| PB 0x0000000714800000| Untracked 
| 165|0x0000000714a00000, 0x0000000714c00000, 0x0000000714c00000|100%| O|  |TAMS 0x0000000714a00000| PB 0x0000000714a00000| Untracked 
| 166|0x0000000714c00000, 0x0000000714e00000, 0x0000000714e00000|100%| O|  |TAMS 0x0000000714c00000| PB 0x0000000714c00000| Untracked 
| 167|0x0000000714e00000, 0x0000000715000000, 0x0000000715000000|100%| O|  |TAMS 0x0000000714e00000| PB 0x0000000714e00000| Untracked 
| 168|0x0000000715000000, 0x0000000715200000, 0x0000000715200000|100%| O|  |TAMS 0x0000000715000000| PB 0x0000000715000000| Untracked 
| 169|0x0000000715200000, 0x0000000715400000, 0x0000000715400000|100%| O|  |TAMS 0x0000000715200000| PB 0x0000000715200000| Untracked 
| 170|0x0000000715400000, 0x0000000715600000, 0x0000000715600000|100%| O|  |TAMS 0x0000000715400000| PB 0x0000000715400000| Untracked 
| 171|0x0000000715600000, 0x00000007156b8768, 0x0000000715800000| 36%| O|  |TAMS 0x0000000715600000| PB 0x0000000715600000| Untracked 
| 172|0x0000000715800000, 0x0000000715a00000, 0x0000000715a00000|100%| O|  |TAMS 0x0000000715800000| PB 0x0000000715800000| Untracked 
| 173|0x0000000715a00000, 0x0000000715c00000, 0x0000000715c00000|100%| O|  |TAMS 0x0000000715a00000| PB 0x0000000715a00000| Untracked 
| 174|0x0000000715c00000, 0x0000000715e00000, 0x0000000715e00000|100%| O|  |TAMS 0x0000000715c00000| PB 0x0000000715c00000| Untracked 
| 175|0x0000000715e00000, 0x0000000716000000, 0x0000000716000000|100%| O|  |TAMS 0x0000000715e00000| PB 0x0000000715e00000| Untracked 
| 176|0x0000000716000000, 0x0000000716200000, 0x0000000716200000|100%| O|  |TAMS 0x0000000716000000| PB 0x0000000716000000| Untracked 
| 177|0x0000000716200000, 0x0000000716400000, 0x0000000716400000|100%| O|  |TAMS 0x0000000716200000| PB 0x0000000716200000| Untracked 
| 178|0x0000000716400000, 0x0000000716600000, 0x0000000716600000|100%| O|  |TAMS 0x0000000716400000| PB 0x0000000716400000| Untracked 
| 179|0x0000000716600000, 0x0000000716800000, 0x0000000716800000|100%| O|  |TAMS 0x0000000716600000| PB 0x0000000716600000| Untracked 
| 180|0x0000000716800000, 0x0000000716a00000, 0x0000000716a00000|100%| O|  |TAMS 0x0000000716800000| PB 0x0000000716800000| Untracked 
| 181|0x0000000716a00000, 0x0000000716a00000, 0x0000000716c00000|  0%| F|  |TAMS 0x0000000716a00000| PB 0x0000000716a00000| Untracked 
| 182|0x0000000716c00000, 0x0000000716e00000, 0x0000000716e00000|100%| O|  |TAMS 0x0000000716c00000| PB 0x0000000716c00000| Untracked 
| 183|0x0000000716e00000, 0x0000000717000000, 0x0000000717000000|100%| O|  |TAMS 0x0000000716e00000| PB 0x0000000716e00000| Untracked 
| 184|0x0000000717000000, 0x0000000717200000, 0x0000000717200000|100%| O|  |TAMS 0x0000000717000000| PB 0x0000000717000000| Untracked 
| 185|0x0000000717200000, 0x0000000717400000, 0x0000000717400000|100%| O|  |TAMS 0x0000000717200000| PB 0x0000000717200000| Untracked 
| 186|0x0000000717400000, 0x0000000717600000, 0x0000000717600000|100%| O|  |TAMS 0x0000000717400000| PB 0x0000000717400000| Untracked 
| 187|0x0000000717600000, 0x0000000717800000, 0x0000000717800000|100%| O|  |TAMS 0x0000000717600000| PB 0x0000000717600000| Untracked 
| 188|0x0000000717800000, 0x0000000717a00000, 0x0000000717a00000|100%| O|  |TAMS 0x0000000717800000| PB 0x0000000717800000| Untracked 
| 189|0x0000000717a00000, 0x0000000717c00000, 0x0000000717c00000|100%| O|  |TAMS 0x0000000717a00000| PB 0x0000000717a00000| Untracked 
| 190|0x0000000717c00000, 0x0000000717e00000, 0x0000000717e00000|100%| O|  |TAMS 0x0000000717c00000| PB 0x0000000717c00000| Untracked 
| 191|0x0000000717e00000, 0x0000000718000000, 0x0000000718000000|100%| O|  |TAMS 0x0000000717e00000| PB 0x0000000717e00000| Untracked 
| 192|0x0000000718000000, 0x0000000718200000, 0x0000000718200000|100%| O|  |TAMS 0x0000000718000000| PB 0x0000000718000000| Untracked 
| 193|0x0000000718200000, 0x0000000718400000, 0x0000000718400000|100%| O|  |TAMS 0x0000000718200000| PB 0x0000000718200000| Untracked 
| 194|0x0000000718400000, 0x0000000718600000, 0x0000000718600000|100%| O|  |TAMS 0x0000000718400000| PB 0x0000000718400000| Untracked 
| 195|0x0000000718600000, 0x0000000718800000, 0x0000000718800000|100%| O|  |TAMS 0x0000000718600000| PB 0x0000000718600000| Untracked 
| 196|0x0000000718800000, 0x0000000718a00000, 0x0000000718a00000|100%| O|  |TAMS 0x0000000718800000| PB 0x0000000718800000| Untracked 
| 197|0x0000000718a00000, 0x0000000718c00000, 0x0000000718c00000|100%| O|  |TAMS 0x0000000718a00000| PB 0x0000000718a00000| Untracked 
| 198|0x0000000718c00000, 0x0000000718e00000, 0x0000000718e00000|100%| O|  |TAMS 0x0000000718c00000| PB 0x0000000718c00000| Untracked 
| 199|0x0000000718e00000, 0x0000000719000000, 0x0000000719000000|100%| O|  |TAMS 0x0000000718e00000| PB 0x0000000718e00000| Untracked 
| 200|0x0000000719000000, 0x0000000719200000, 0x0000000719200000|100%| O|  |TAMS 0x0000000719000000| PB 0x0000000719000000| Untracked 
| 201|0x0000000719200000, 0x0000000719400000, 0x0000000719400000|100%| O|  |TAMS 0x0000000719200000| PB 0x0000000719200000| Untracked 
| 202|0x0000000719400000, 0x0000000719600000, 0x0000000719600000|100%| O|  |TAMS 0x0000000719400000| PB 0x0000000719400000| Untracked 
| 203|0x0000000719600000, 0x0000000719800000, 0x0000000719800000|100%| O|  |TAMS 0x0000000719600000| PB 0x0000000719600000| Untracked 
| 204|0x0000000719800000, 0x0000000719a00000, 0x0000000719a00000|100%| O|  |TAMS 0x0000000719800000| PB 0x0000000719800000| Untracked 
| 205|0x0000000719a00000, 0x0000000719c00000, 0x0000000719c00000|100%| O|  |TAMS 0x0000000719a00000| PB 0x0000000719a00000| Untracked 
| 206|0x0000000719c00000, 0x0000000719e00000, 0x0000000719e00000|100%| O|  |TAMS 0x0000000719c00000| PB 0x0000000719c00000| Untracked 
| 207|0x0000000719e00000, 0x000000071a000000, 0x000000071a000000|100%| O|  |TAMS 0x0000000719e00000| PB 0x0000000719e00000| Untracked 
| 208|0x000000071a000000, 0x000000071a200000, 0x000000071a200000|100%| O|  |TAMS 0x000000071a000000| PB 0x000000071a000000| Untracked 
| 209|0x000000071a200000, 0x000000071a400000, 0x000000071a400000|100%| O|  |TAMS 0x000000071a200000| PB 0x000000071a200000| Untracked 
| 210|0x000000071a400000, 0x000000071a600000, 0x000000071a600000|100%| O|  |TAMS 0x000000071a400000| PB 0x000000071a400000| Untracked 
| 211|0x000000071a600000, 0x000000071a800000, 0x000000071a800000|100%| O|  |TAMS 0x000000071a600000| PB 0x000000071a600000| Untracked 
| 212|0x000000071a800000, 0x000000071aa00000, 0x000000071aa00000|100%| O|  |TAMS 0x000000071a800000| PB 0x000000071a800000| Untracked 
| 213|0x000000071aa00000, 0x000000071ac00000, 0x000000071ac00000|100%| O|  |TAMS 0x000000071aa00000| PB 0x000000071aa00000| Untracked 
| 214|0x000000071ac00000, 0x000000071ae00000, 0x000000071ae00000|100%| O|  |TAMS 0x000000071ac00000| PB 0x000000071ac00000| Untracked 
| 215|0x000000071ae00000, 0x000000071b000000, 0x000000071b000000|100%| O|  |TAMS 0x000000071ae00000| PB 0x000000071ae00000| Untracked 
| 216|0x000000071b000000, 0x000000071b200000, 0x000000071b200000|100%| O|  |TAMS 0x000000071b000000| PB 0x000000071b000000| Untracked 
| 217|0x000000071b200000, 0x000000071b400000, 0x000000071b400000|100%| O|  |TAMS 0x000000071b200000| PB 0x000000071b200000| Untracked 
| 218|0x000000071b400000, 0x000000071b600000, 0x000000071b600000|100%| O|  |TAMS 0x000000071b400000| PB 0x000000071b400000| Untracked 
| 219|0x000000071b600000, 0x000000071b800000, 0x000000071b800000|100%| O|  |TAMS 0x000000071b600000| PB 0x000000071b600000| Untracked 
| 220|0x000000071b800000, 0x000000071ba00000, 0x000000071ba00000|100%| O|  |TAMS 0x000000071b800000| PB 0x000000071b800000| Untracked 
| 221|0x000000071ba00000, 0x000000071bc00000, 0x000000071bc00000|100%| O|  |TAMS 0x000000071ba00000| PB 0x000000071ba00000| Untracked 
| 222|0x000000071bc00000, 0x000000071be00000, 0x000000071be00000|100%| O|  |TAMS 0x000000071bc00000| PB 0x000000071bc00000| Untracked 
| 223|0x000000071be00000, 0x000000071c000000, 0x000000071c000000|100%| O|  |TAMS 0x000000071be00000| PB 0x000000071be00000| Untracked 
| 224|0x000000071c000000, 0x000000071c200000, 0x000000071c200000|100%| O|  |TAMS 0x000000071c000000| PB 0x000000071c000000| Untracked 
| 225|0x000000071c200000, 0x000000071c400000, 0x000000071c400000|100%| O|  |TAMS 0x000000071c200000| PB 0x000000071c200000| Untracked 
| 226|0x000000071c400000, 0x000000071c600000, 0x000000071c600000|100%| O|  |TAMS 0x000000071c400000| PB 0x000000071c400000| Untracked 
| 227|0x000000071c600000, 0x000000071c800000, 0x000000071c800000|100%| O|  |TAMS 0x000000071c600000| PB 0x000000071c600000| Untracked 
| 228|0x000000071c800000, 0x000000071ca00000, 0x000000071ca00000|100%| O|  |TAMS 0x000000071c800000| PB 0x000000071c800000| Untracked 
| 229|0x000000071ca00000, 0x000000071cc00000, 0x000000071cc00000|100%| O|  |TAMS 0x000000071ca00000| PB 0x000000071ca00000| Untracked 
| 230|0x000000071cc00000, 0x000000071ce00000, 0x000000071ce00000|100%| O|  |TAMS 0x000000071cc00000| PB 0x000000071cc00000| Untracked 
| 231|0x000000071ce00000, 0x000000071d000000, 0x000000071d000000|100%| O|  |TAMS 0x000000071ce00000| PB 0x000000071ce00000| Untracked 
| 232|0x000000071d000000, 0x000000071d200000, 0x000000071d200000|100%| O|  |TAMS 0x000000071d000000| PB 0x000000071d000000| Untracked 
| 233|0x000000071d200000, 0x000000071d400000, 0x000000071d400000|100%| O|  |TAMS 0x000000071d200000| PB 0x000000071d200000| Untracked 
| 234|0x000000071d400000, 0x000000071d600000, 0x000000071d600000|100%| O|  |TAMS 0x000000071d400000| PB 0x000000071d400000| Untracked 
| 235|0x000000071d600000, 0x000000071d800000, 0x000000071d800000|100%| O|  |TAMS 0x000000071d600000| PB 0x000000071d600000| Untracked 
| 236|0x000000071d800000, 0x000000071da00000, 0x000000071da00000|100%| O|  |TAMS 0x000000071d800000| PB 0x000000071d800000| Untracked 
| 237|0x000000071da00000, 0x000000071dc00000, 0x000000071dc00000|100%| O|  |TAMS 0x000000071da00000| PB 0x000000071da00000| Untracked 
| 238|0x000000071dc00000, 0x000000071de00000, 0x000000071de00000|100%| O|  |TAMS 0x000000071dc00000| PB 0x000000071dc00000| Untracked 
| 239|0x000000071de00000, 0x000000071e000000, 0x000000071e000000|100%| O|  |TAMS 0x000000071de00000| PB 0x000000071de00000| Untracked 
| 240|0x000000071e000000, 0x000000071e200000, 0x000000071e200000|100%| O|  |TAMS 0x000000071e000000| PB 0x000000071e000000| Untracked 
| 241|0x000000071e200000, 0x000000071e400000, 0x000000071e400000|100%| O|  |TAMS 0x000000071e200000| PB 0x000000071e200000| Untracked 
| 242|0x000000071e400000, 0x000000071e600000, 0x000000071e600000|100%| O|  |TAMS 0x000000071e400000| PB 0x000000071e400000| Untracked 
| 243|0x000000071e600000, 0x000000071e800000, 0x000000071e800000|100%| O|  |TAMS 0x000000071e600000| PB 0x000000071e600000| Untracked 
| 244|0x000000071e800000, 0x000000071ea00000, 0x000000071ea00000|100%| O|  |TAMS 0x000000071e800000| PB 0x000000071e800000| Untracked 
| 245|0x000000071ea00000, 0x000000071ec00000, 0x000000071ec00000|100%| O|  |TAMS 0x000000071ea00000| PB 0x000000071ea00000| Untracked 
| 246|0x000000071ec00000, 0x000000071ee00000, 0x000000071ee00000|100%| O|  |TAMS 0x000000071ec00000| PB 0x000000071ec00000| Untracked 
| 247|0x000000071ee00000, 0x000000071f000000, 0x000000071f000000|100%| O|  |TAMS 0x000000071ee00000| PB 0x000000071ee00000| Untracked 
| 248|0x000000071f000000, 0x000000071f200000, 0x000000071f200000|100%| O|  |TAMS 0x000000071f000000| PB 0x000000071f000000| Untracked 
| 249|0x000000071f200000, 0x000000071f400000, 0x000000071f400000|100%| O|  |TAMS 0x000000071f200000| PB 0x000000071f200000| Untracked 
| 250|0x000000071f400000, 0x000000071f600000, 0x000000071f600000|100%| O|  |TAMS 0x000000071f400000| PB 0x000000071f400000| Untracked 
| 251|0x000000071f600000, 0x000000071f800000, 0x000000071f800000|100%| O|  |TAMS 0x000000071f600000| PB 0x000000071f600000| Untracked 
| 252|0x000000071f800000, 0x000000071fa00000, 0x000000071fa00000|100%| O|  |TAMS 0x000000071f800000| PB 0x000000071f800000| Untracked 
| 253|0x000000071fa00000, 0x000000071fc00000, 0x000000071fc00000|100%| O|  |TAMS 0x000000071fa00000| PB 0x000000071fa00000| Untracked 
| 254|0x000000071fc00000, 0x000000071fe00000, 0x000000071fe00000|100%| O|  |TAMS 0x000000071fc00000| PB 0x000000071fc00000| Untracked 
| 255|0x000000071fe00000, 0x0000000720000000, 0x0000000720000000|100%| O|  |TAMS 0x000000071fe00000| PB 0x000000071fe00000| Untracked 
| 256|0x0000000720000000, 0x0000000720200000, 0x0000000720200000|100%| O|  |TAMS 0x0000000720000000| PB 0x0000000720000000| Untracked 
| 257|0x0000000720200000, 0x0000000720400000, 0x0000000720400000|100%| O|  |TAMS 0x0000000720200000| PB 0x0000000720200000| Untracked 
| 258|0x0000000720400000, 0x0000000720600000, 0x0000000720600000|100%| O|  |TAMS 0x0000000720400000| PB 0x0000000720400000| Untracked 
| 259|0x0000000720600000, 0x0000000720800000, 0x0000000720800000|100%| O|  |TAMS 0x0000000720600000| PB 0x0000000720600000| Untracked 
| 260|0x0000000720800000, 0x0000000720a00000, 0x0000000720a00000|100%| O|  |TAMS 0x0000000720800000| PB 0x0000000720800000| Untracked 
| 261|0x0000000720a00000, 0x0000000720c00000, 0x0000000720c00000|100%| O|  |TAMS 0x0000000720a00000| PB 0x0000000720a00000| Untracked 
| 262|0x0000000720c00000, 0x0000000720e00000, 0x0000000720e00000|100%| O|  |TAMS 0x0000000720c00000| PB 0x0000000720c00000| Untracked 
| 263|0x0000000720e00000, 0x0000000721000000, 0x0000000721000000|100%| O|  |TAMS 0x0000000720e00000| PB 0x0000000720e00000| Untracked 
| 264|0x0000000721000000, 0x0000000721200000, 0x0000000721200000|100%| O|  |TAMS 0x0000000721000000| PB 0x0000000721000000| Untracked 
| 265|0x0000000721200000, 0x0000000721400000, 0x0000000721400000|100%| O|  |TAMS 0x0000000721200000| PB 0x0000000721200000| Untracked 
| 266|0x0000000721400000, 0x0000000721600000, 0x0000000721600000|100%| O|  |TAMS 0x0000000721400000| PB 0x0000000721400000| Untracked 
| 267|0x0000000721600000, 0x0000000721800000, 0x0000000721800000|100%| O|  |TAMS 0x0000000721600000| PB 0x0000000721600000| Untracked 
| 268|0x0000000721800000, 0x0000000721a00000, 0x0000000721a00000|100%| O|  |TAMS 0x0000000721800000| PB 0x0000000721800000| Untracked 
| 269|0x0000000721a00000, 0x0000000721c00000, 0x0000000721c00000|100%| O|  |TAMS 0x0000000721a00000| PB 0x0000000721a00000| Untracked 
| 270|0x0000000721c00000, 0x0000000721e00000, 0x0000000721e00000|100%| O|  |TAMS 0x0000000721c00000| PB 0x0000000721c00000| Untracked 
| 271|0x0000000721e00000, 0x0000000722000000, 0x0000000722000000|100%| O|  |TAMS 0x0000000721e00000| PB 0x0000000721e00000| Untracked 
| 272|0x0000000722000000, 0x0000000722200000, 0x0000000722200000|100%| O|  |TAMS 0x0000000722000000| PB 0x0000000722000000| Untracked 
| 273|0x0000000722200000, 0x0000000722400000, 0x0000000722400000|100%| O|  |TAMS 0x0000000722200000| PB 0x0000000722200000| Untracked 
| 274|0x0000000722400000, 0x0000000722600000, 0x0000000722600000|100%| O|  |TAMS 0x0000000722400000| PB 0x0000000722400000| Untracked 
| 275|0x0000000722600000, 0x0000000722800000, 0x0000000722800000|100%| O|  |TAMS 0x0000000722600000| PB 0x0000000722600000| Untracked 
| 276|0x0000000722800000, 0x0000000722a00000, 0x0000000722a00000|100%| O|  |TAMS 0x0000000722800000| PB 0x0000000722800000| Untracked 
| 277|0x0000000722a00000, 0x0000000722c00000, 0x0000000722c00000|100%| O|  |TAMS 0x0000000722a00000| PB 0x0000000722a00000| Untracked 
| 278|0x0000000722c00000, 0x0000000722e00000, 0x0000000722e00000|100%| O|  |TAMS 0x0000000722c00000| PB 0x0000000722c00000| Untracked 
| 279|0x0000000722e00000, 0x0000000722e00000, 0x0000000723000000|  0%| F|  |TAMS 0x0000000722e00000| PB 0x0000000722e00000| Untracked 
| 280|0x0000000723000000, 0x0000000723000000, 0x0000000723200000|  0%| F|  |TAMS 0x0000000723000000| PB 0x0000000723000000| Untracked 
| 281|0x0000000723200000, 0x0000000723200000, 0x0000000723400000|  0%| F|  |TAMS 0x0000000723200000| PB 0x0000000723200000| Untracked 
| 282|0x0000000723400000, 0x0000000723400000, 0x0000000723600000|  0%| F|  |TAMS 0x0000000723400000| PB 0x0000000723400000| Untracked 
| 283|0x0000000723600000, 0x0000000723600000, 0x0000000723800000|  0%| F|  |TAMS 0x0000000723600000| PB 0x0000000723600000| Untracked 
| 284|0x0000000723800000, 0x0000000723800000, 0x0000000723a00000|  0%| F|  |TAMS 0x0000000723800000| PB 0x0000000723800000| Untracked 
| 285|0x0000000723a00000, 0x0000000723a00000, 0x0000000723c00000|  0%| F|  |TAMS 0x0000000723a00000| PB 0x0000000723a00000| Untracked 
| 286|0x0000000723c00000, 0x0000000723c00000, 0x0000000723e00000|  0%| F|  |TAMS 0x0000000723c00000| PB 0x0000000723c00000| Untracked 
| 287|0x0000000723e00000, 0x0000000723e00000, 0x0000000724000000|  0%| F|  |TAMS 0x0000000723e00000| PB 0x0000000723e00000| Untracked 
| 288|0x0000000724000000, 0x0000000724000000, 0x0000000724200000|  0%| F|  |TAMS 0x0000000724000000| PB 0x0000000724000000| Untracked 
| 289|0x0000000724200000, 0x0000000724200000, 0x0000000724400000|  0%| F|  |TAMS 0x0000000724200000| PB 0x0000000724200000| Untracked 
| 290|0x0000000724400000, 0x0000000724400000, 0x0000000724600000|  0%| F|  |TAMS 0x0000000724400000| PB 0x0000000724400000| Untracked 
| 291|0x0000000724600000, 0x0000000724600000, 0x0000000724800000|  0%| F|  |TAMS 0x0000000724600000| PB 0x0000000724600000| Untracked 
| 292|0x0000000724800000, 0x0000000724800000, 0x0000000724a00000|  0%| F|  |TAMS 0x0000000724800000| PB 0x0000000724800000| Untracked 
| 293|0x0000000724a00000, 0x0000000724a00000, 0x0000000724c00000|  0%| F|  |TAMS 0x0000000724a00000| PB 0x0000000724a00000| Untracked 
| 294|0x0000000724c00000, 0x0000000724c00000, 0x0000000724e00000|  0%| F|  |TAMS 0x0000000724c00000| PB 0x0000000724c00000| Untracked 
| 295|0x0000000724e00000, 0x0000000724e00000, 0x0000000725000000|  0%| F|  |TAMS 0x0000000724e00000| PB 0x0000000724e00000| Untracked 
| 296|0x0000000725000000, 0x0000000725000000, 0x0000000725200000|  0%| F|  |TAMS 0x0000000725000000| PB 0x0000000725000000| Untracked 
| 297|0x0000000725200000, 0x0000000725200000, 0x0000000725400000|  0%| F|  |TAMS 0x0000000725200000| PB 0x0000000725200000| Untracked 
| 298|0x0000000725400000, 0x0000000725400000, 0x0000000725600000|  0%| F|  |TAMS 0x0000000725400000| PB 0x0000000725400000| Untracked 
| 299|0x0000000725600000, 0x0000000725600000, 0x0000000725800000|  0%| F|  |TAMS 0x0000000725600000| PB 0x0000000725600000| Untracked 
| 300|0x0000000725800000, 0x0000000725800000, 0x0000000725a00000|  0%| F|  |TAMS 0x0000000725800000| PB 0x0000000725800000| Untracked 
| 301|0x0000000725a00000, 0x0000000725a00000, 0x0000000725c00000|  0%| F|  |TAMS 0x0000000725a00000| PB 0x0000000725a00000| Untracked 
| 302|0x0000000725c00000, 0x0000000725c00000, 0x0000000725e00000|  0%| F|  |TAMS 0x0000000725c00000| PB 0x0000000725c00000| Untracked 
| 303|0x0000000725e00000, 0x0000000725e00000, 0x0000000726000000|  0%| F|  |TAMS 0x0000000725e00000| PB 0x0000000725e00000| Untracked 
| 304|0x0000000726000000, 0x0000000726000000, 0x0000000726200000|  0%| F|  |TAMS 0x0000000726000000| PB 0x0000000726000000| Untracked 
| 305|0x0000000726200000, 0x0000000726200000, 0x0000000726400000|  0%| F|  |TAMS 0x0000000726200000| PB 0x0000000726200000| Untracked 
| 306|0x0000000726400000, 0x0000000726400000, 0x0000000726600000|  0%| F|  |TAMS 0x0000000726400000| PB 0x0000000726400000| Untracked 
| 307|0x0000000726600000, 0x0000000726600000, 0x0000000726800000|  0%| F|  |TAMS 0x0000000726600000| PB 0x0000000726600000| Untracked 
| 308|0x0000000726800000, 0x0000000726800000, 0x0000000726a00000|  0%| F|  |TAMS 0x0000000726800000| PB 0x0000000726800000| Untracked 
| 309|0x0000000726a00000, 0x0000000726a00000, 0x0000000726c00000|  0%| F|  |TAMS 0x0000000726a00000| PB 0x0000000726a00000| Untracked 
| 310|0x0000000726c00000, 0x0000000726c00000, 0x0000000726e00000|  0%| F|  |TAMS 0x0000000726c00000| PB 0x0000000726c00000| Untracked 
| 311|0x0000000726e00000, 0x0000000726e00000, 0x0000000727000000|  0%| F|  |TAMS 0x0000000726e00000| PB 0x0000000726e00000| Untracked 
| 312|0x0000000727000000, 0x0000000727000000, 0x0000000727200000|  0%| F|  |TAMS 0x0000000727000000| PB 0x0000000727000000| Untracked 
| 313|0x0000000727200000, 0x0000000727200000, 0x0000000727400000|  0%| F|  |TAMS 0x0000000727200000| PB 0x0000000727200000| Untracked 
| 314|0x0000000727400000, 0x0000000727400000, 0x0000000727600000|  0%| F|  |TAMS 0x0000000727400000| PB 0x0000000727400000| Untracked 
| 315|0x0000000727600000, 0x0000000727600000, 0x0000000727800000|  0%| F|  |TAMS 0x0000000727600000| PB 0x0000000727600000| Untracked 
| 316|0x0000000727800000, 0x0000000727800000, 0x0000000727a00000|  0%| F|  |TAMS 0x0000000727800000| PB 0x0000000727800000| Untracked 
| 317|0x0000000727a00000, 0x0000000727a00000, 0x0000000727c00000|  0%| F|  |TAMS 0x0000000727a00000| PB 0x0000000727a00000| Untracked 
| 318|0x0000000727c00000, 0x0000000727c00000, 0x0000000727e00000|  0%| F|  |TAMS 0x0000000727c00000| PB 0x0000000727c00000| Untracked 
| 319|0x0000000727e00000, 0x0000000727e00000, 0x0000000728000000|  0%| F|  |TAMS 0x0000000727e00000| PB 0x0000000727e00000| Untracked 
| 320|0x0000000728000000, 0x0000000728000000, 0x0000000728200000|  0%| F|  |TAMS 0x0000000728000000| PB 0x0000000728000000| Untracked 
| 321|0x0000000728200000, 0x0000000728200000, 0x0000000728400000|  0%| F|  |TAMS 0x0000000728200000| PB 0x0000000728200000| Untracked 
| 322|0x0000000728400000, 0x0000000728400000, 0x0000000728600000|  0%| F|  |TAMS 0x0000000728400000| PB 0x0000000728400000| Untracked 
| 323|0x0000000728600000, 0x0000000728600000, 0x0000000728800000|  0%| F|  |TAMS 0x0000000728600000| PB 0x0000000728600000| Untracked 
| 324|0x0000000728800000, 0x0000000728800000, 0x0000000728a00000|  0%| F|  |TAMS 0x0000000728800000| PB 0x0000000728800000| Untracked 
| 325|0x0000000728a00000, 0x0000000728a00000, 0x0000000728c00000|  0%| F|  |TAMS 0x0000000728a00000| PB 0x0000000728a00000| Untracked 
| 326|0x0000000728c00000, 0x0000000728c00000, 0x0000000728e00000|  0%| F|  |TAMS 0x0000000728c00000| PB 0x0000000728c00000| Untracked 
| 327|0x0000000728e00000, 0x0000000728e00000, 0x0000000729000000|  0%| F|  |TAMS 0x0000000728e00000| PB 0x0000000728e00000| Untracked 
| 328|0x0000000729000000, 0x0000000729000000, 0x0000000729200000|  0%| F|  |TAMS 0x0000000729000000| PB 0x0000000729000000| Untracked 
| 329|0x0000000729200000, 0x0000000729200000, 0x0000000729400000|  0%| F|  |TAMS 0x0000000729200000| PB 0x0000000729200000| Untracked 
| 330|0x0000000729400000, 0x0000000729400000, 0x0000000729600000|  0%| F|  |TAMS 0x0000000729400000| PB 0x0000000729400000| Untracked 
| 331|0x0000000729600000, 0x0000000729600000, 0x0000000729800000|  0%| F|  |TAMS 0x0000000729600000| PB 0x0000000729600000| Untracked 
| 332|0x0000000729800000, 0x0000000729800000, 0x0000000729a00000|  0%| F|  |TAMS 0x0000000729800000| PB 0x0000000729800000| Untracked 
| 333|0x0000000729a00000, 0x0000000729a00000, 0x0000000729c00000|  0%| F|  |TAMS 0x0000000729a00000| PB 0x0000000729a00000| Untracked 
| 334|0x0000000729c00000, 0x0000000729c00000, 0x0000000729e00000|  0%| F|  |TAMS 0x0000000729c00000| PB 0x0000000729c00000| Untracked 
| 335|0x0000000729e00000, 0x0000000729e00000, 0x000000072a000000|  0%| F|  |TAMS 0x0000000729e00000| PB 0x0000000729e00000| Untracked 
| 336|0x000000072a000000, 0x000000072a1a0200, 0x000000072a200000| 81%| S|CS|TAMS 0x000000072a000000| PB 0x000000072a000000| Complete 
| 337|0x000000072a200000, 0x000000072a400000, 0x000000072a400000|100%| S|CS|TAMS 0x000000072a200000| PB 0x000000072a200000| Complete 
| 338|0x000000072a400000, 0x000000072a600000, 0x000000072a600000|100%| S|CS|TAMS 0x000000072a400000| PB 0x000000072a400000| Complete 
| 339|0x000000072a600000, 0x000000072a800000, 0x000000072a800000|100%| S|CS|TAMS 0x000000072a600000| PB 0x000000072a600000| Complete 
| 340|0x000000072a800000, 0x000000072aa00000, 0x000000072aa00000|100%| S|CS|TAMS 0x000000072a800000| PB 0x000000072a800000| Complete 
| 341|0x000000072aa00000, 0x000000072ac00000, 0x000000072ac00000|100%| S|CS|TAMS 0x000000072aa00000| PB 0x000000072aa00000| Complete 
| 342|0x000000072ac00000, 0x000000072ae00000, 0x000000072ae00000|100%| S|CS|TAMS 0x000000072ac00000| PB 0x000000072ac00000| Complete 
| 343|0x000000072ae00000, 0x000000072b000000, 0x000000072b000000|100%| S|CS|TAMS 0x000000072ae00000| PB 0x000000072ae00000| Complete 
| 344|0x000000072b000000, 0x000000072b200000, 0x000000072b200000|100%| S|CS|TAMS 0x000000072b000000| PB 0x000000072b000000| Complete 
| 345|0x000000072b200000, 0x000000072b400000, 0x000000072b400000|100%| S|CS|TAMS 0x000000072b200000| PB 0x000000072b200000| Complete 
| 346|0x000000072b400000, 0x000000072b600000, 0x000000072b600000|100%| S|CS|TAMS 0x000000072b400000| PB 0x000000072b400000| Complete 
| 347|0x000000072b600000, 0x000000072b800000, 0x000000072b800000|100%| S|CS|TAMS 0x000000072b600000| PB 0x000000072b600000| Complete 
| 348|0x000000072b800000, 0x000000072ba00000, 0x000000072ba00000|100%| S|CS|TAMS 0x000000072b800000| PB 0x000000072b800000| Complete 
| 349|0x000000072ba00000, 0x000000072bc00000, 0x000000072bc00000|100%| S|CS|TAMS 0x000000072ba00000| PB 0x000000072ba00000| Complete 
| 350|0x000000072bc00000, 0x000000072be00000, 0x000000072be00000|100%| S|CS|TAMS 0x000000072bc00000| PB 0x000000072bc00000| Complete 
| 351|0x000000072be00000, 0x000000072c000000, 0x000000072c000000|100%| S|CS|TAMS 0x000000072be00000| PB 0x000000072be00000| Complete 
| 352|0x000000072c000000, 0x000000072c200000, 0x000000072c200000|100%| S|CS|TAMS 0x000000072c000000| PB 0x000000072c000000| Complete 
| 353|0x000000072c200000, 0x000000072c400000, 0x000000072c400000|100%| S|CS|TAMS 0x000000072c200000| PB 0x000000072c200000| Complete 
| 354|0x000000072c400000, 0x000000072c600000, 0x000000072c600000|100%| S|CS|TAMS 0x000000072c400000| PB 0x000000072c400000| Complete 
| 355|0x000000072c600000, 0x000000072c800000, 0x000000072c800000|100%| S|CS|TAMS 0x000000072c600000| PB 0x000000072c600000| Complete 
| 356|0x000000072c800000, 0x000000072ca00000, 0x000000072ca00000|100%| S|CS|TAMS 0x000000072c800000| PB 0x000000072c800000| Complete 
| 357|0x000000072ca00000, 0x000000072cc00000, 0x000000072cc00000|100%| S|CS|TAMS 0x000000072ca00000| PB 0x000000072ca00000| Complete 
| 358|0x000000072cc00000, 0x000000072ce00000, 0x000000072ce00000|100%| S|CS|TAMS 0x000000072cc00000| PB 0x000000072cc00000| Complete 
| 359|0x000000072ce00000, 0x000000072ce00000, 0x000000072d000000|  0%| F|  |TAMS 0x000000072ce00000| PB 0x000000072ce00000| Untracked 
| 360|0x000000072d000000, 0x000000072d000000, 0x000000072d200000|  0%| F|  |TAMS 0x000000072d000000| PB 0x000000072d000000| Untracked 
| 361|0x000000072d200000, 0x000000072d200000, 0x000000072d400000|  0%| F|  |TAMS 0x000000072d200000| PB 0x000000072d200000| Untracked 
| 362|0x000000072d400000, 0x000000072d400000, 0x000000072d600000|  0%| F|  |TAMS 0x000000072d400000| PB 0x000000072d400000| Untracked 
| 363|0x000000072d600000, 0x000000072d600000, 0x000000072d800000|  0%| F|  |TAMS 0x000000072d600000| PB 0x000000072d600000| Untracked 
| 364|0x000000072d800000, 0x000000072d800000, 0x000000072da00000|  0%| F|  |TAMS 0x000000072d800000| PB 0x000000072d800000| Untracked 
| 365|0x000000072da00000, 0x000000072da00000, 0x000000072dc00000|  0%| F|  |TAMS 0x000000072da00000| PB 0x000000072da00000| Untracked 
| 366|0x000000072dc00000, 0x000000072dc00000, 0x000000072de00000|  0%| F|  |TAMS 0x000000072dc00000| PB 0x000000072dc00000| Untracked 
| 367|0x000000072de00000, 0x000000072de00000, 0x000000072e000000|  0%| F|  |TAMS 0x000000072de00000| PB 0x000000072de00000| Untracked 
| 368|0x000000072e000000, 0x000000072e000000, 0x000000072e200000|  0%| F|  |TAMS 0x000000072e000000| PB 0x000000072e000000| Untracked 
| 369|0x000000072e200000, 0x000000072e200000, 0x000000072e400000|  0%| F|  |TAMS 0x000000072e200000| PB 0x000000072e200000| Untracked 
| 370|0x000000072e400000, 0x000000072e400000, 0x000000072e600000|  0%| F|  |TAMS 0x000000072e400000| PB 0x000000072e400000| Untracked 
| 371|0x000000072e600000, 0x000000072e600000, 0x000000072e800000|  0%| F|  |TAMS 0x000000072e600000| PB 0x000000072e600000| Untracked 
| 372|0x000000072e800000, 0x000000072e800000, 0x000000072ea00000|  0%| F|  |TAMS 0x000000072e800000| PB 0x000000072e800000| Untracked 
| 373|0x000000072ea00000, 0x000000072ea00000, 0x000000072ec00000|  0%| F|  |TAMS 0x000000072ea00000| PB 0x000000072ea00000| Untracked 
| 374|0x000000072ec00000, 0x000000072ec00000, 0x000000072ee00000|  0%| F|  |TAMS 0x000000072ec00000| PB 0x000000072ec00000| Untracked 
| 375|0x000000072ee00000, 0x000000072ee00000, 0x000000072f000000|  0%| F|  |TAMS 0x000000072ee00000| PB 0x000000072ee00000| Untracked 
| 376|0x000000072f000000, 0x000000072f000000, 0x000000072f200000|  0%| F|  |TAMS 0x000000072f000000| PB 0x000000072f000000| Untracked 
| 377|0x000000072f200000, 0x000000072f200000, 0x000000072f400000|  0%| F|  |TAMS 0x000000072f200000| PB 0x000000072f200000| Untracked 
| 378|0x000000072f400000, 0x000000072f400000, 0x000000072f600000|  0%| F|  |TAMS 0x000000072f400000| PB 0x000000072f400000| Untracked 
| 379|0x000000072f600000, 0x000000072f600000, 0x000000072f800000|  0%| F|  |TAMS 0x000000072f600000| PB 0x000000072f600000| Untracked 
| 380|0x000000072f800000, 0x000000072f800000, 0x000000072fa00000|  0%| F|  |TAMS 0x000000072f800000| PB 0x000000072f800000| Untracked 
| 381|0x000000072fa00000, 0x000000072fa00000, 0x000000072fc00000|  0%| F|  |TAMS 0x000000072fa00000| PB 0x000000072fa00000| Untracked 
| 382|0x000000072fc00000, 0x000000072fc00000, 0x000000072fe00000|  0%| F|  |TAMS 0x000000072fc00000| PB 0x000000072fc00000| Untracked 
| 383|0x000000072fe00000, 0x000000072fe00000, 0x0000000730000000|  0%| F|  |TAMS 0x000000072fe00000| PB 0x000000072fe00000| Untracked 
| 384|0x0000000730000000, 0x0000000730000000, 0x0000000730200000|  0%| F|  |TAMS 0x0000000730000000| PB 0x0000000730000000| Untracked 
| 385|0x0000000730200000, 0x0000000730200000, 0x0000000730400000|  0%| F|  |TAMS 0x0000000730200000| PB 0x0000000730200000| Untracked 
| 386|0x0000000730400000, 0x0000000730400000, 0x0000000730600000|  0%| F|  |TAMS 0x0000000730400000| PB 0x0000000730400000| Untracked 
| 387|0x0000000730600000, 0x0000000730600000, 0x0000000730800000|  0%| F|  |TAMS 0x0000000730600000| PB 0x0000000730600000| Untracked 
| 388|0x0000000730800000, 0x0000000730800000, 0x0000000730a00000|  0%| F|  |TAMS 0x0000000730800000| PB 0x0000000730800000| Untracked 
| 389|0x0000000730a00000, 0x0000000730a00000, 0x0000000730c00000|  0%| F|  |TAMS 0x0000000730a00000| PB 0x0000000730a00000| Untracked 
| 390|0x0000000730c00000, 0x0000000730c00000, 0x0000000730e00000|  0%| F|  |TAMS 0x0000000730c00000| PB 0x0000000730c00000| Untracked 
| 391|0x0000000730e00000, 0x0000000730e00000, 0x0000000731000000|  0%| F|  |TAMS 0x0000000730e00000| PB 0x0000000730e00000| Untracked 
| 392|0x0000000731000000, 0x0000000731000000, 0x0000000731200000|  0%| F|  |TAMS 0x0000000731000000| PB 0x0000000731000000| Untracked 
| 393|0x0000000731200000, 0x0000000731200000, 0x0000000731400000|  0%| F|  |TAMS 0x0000000731200000| PB 0x0000000731200000| Untracked 
| 394|0x0000000731400000, 0x0000000731400000, 0x0000000731600000|  0%| F|  |TAMS 0x0000000731400000| PB 0x0000000731400000| Untracked 
| 395|0x0000000731600000, 0x0000000731600000, 0x0000000731800000|  0%| F|  |TAMS 0x0000000731600000| PB 0x0000000731600000| Untracked 
| 396|0x0000000731800000, 0x0000000731800000, 0x0000000731a00000|  0%| F|  |TAMS 0x0000000731800000| PB 0x0000000731800000| Untracked 
| 397|0x0000000731a00000, 0x0000000731a00000, 0x0000000731c00000|  0%| F|  |TAMS 0x0000000731a00000| PB 0x0000000731a00000| Untracked 
| 398|0x0000000731c00000, 0x0000000731c00000, 0x0000000731e00000|  0%| F|  |TAMS 0x0000000731c00000| PB 0x0000000731c00000| Untracked 
| 399|0x0000000731e00000, 0x0000000731e00000, 0x0000000732000000|  0%| F|  |TAMS 0x0000000731e00000| PB 0x0000000731e00000| Untracked 
| 400|0x0000000732000000, 0x0000000732000000, 0x0000000732200000|  0%| F|  |TAMS 0x0000000732000000| PB 0x0000000732000000| Untracked 
| 401|0x0000000732200000, 0x0000000732200000, 0x0000000732400000|  0%| F|  |TAMS 0x0000000732200000| PB 0x0000000732200000| Untracked 
| 402|0x0000000732400000, 0x0000000732400000, 0x0000000732600000|  0%| F|  |TAMS 0x0000000732400000| PB 0x0000000732400000| Untracked 
| 403|0x0000000732600000, 0x0000000732600000, 0x0000000732800000|  0%| F|  |TAMS 0x0000000732600000| PB 0x0000000732600000| Untracked 
| 404|0x0000000732800000, 0x0000000732800000, 0x0000000732a00000|  0%| F|  |TAMS 0x0000000732800000| PB 0x0000000732800000| Untracked 
| 405|0x0000000732a00000, 0x0000000732a00000, 0x0000000732c00000|  0%| F|  |TAMS 0x0000000732a00000| PB 0x0000000732a00000| Untracked 
| 406|0x0000000732c00000, 0x0000000732c00000, 0x0000000732e00000|  0%| F|  |TAMS 0x0000000732c00000| PB 0x0000000732c00000| Untracked 
| 407|0x0000000732e00000, 0x0000000732e00000, 0x0000000733000000|  0%| F|  |TAMS 0x0000000732e00000| PB 0x0000000732e00000| Untracked 
| 408|0x0000000733000000, 0x0000000733000000, 0x0000000733200000|  0%| F|  |TAMS 0x0000000733000000| PB 0x0000000733000000| Untracked 
| 409|0x0000000733200000, 0x0000000733200000, 0x0000000733400000|  0%| F|  |TAMS 0x0000000733200000| PB 0x0000000733200000| Untracked 
| 410|0x0000000733400000, 0x0000000733400000, 0x0000000733600000|  0%| F|  |TAMS 0x0000000733400000| PB 0x0000000733400000| Untracked 
| 411|0x0000000733600000, 0x0000000733600000, 0x0000000733800000|  0%| F|  |TAMS 0x0000000733600000| PB 0x0000000733600000| Untracked 
| 412|0x0000000733800000, 0x0000000733800000, 0x0000000733a00000|  0%| F|  |TAMS 0x0000000733800000| PB 0x0000000733800000| Untracked 
| 413|0x0000000733a00000, 0x0000000733a00000, 0x0000000733c00000|  0%| F|  |TAMS 0x0000000733a00000| PB 0x0000000733a00000| Untracked 
| 414|0x0000000733c00000, 0x0000000733c00000, 0x0000000733e00000|  0%| F|  |TAMS 0x0000000733c00000| PB 0x0000000733c00000| Untracked 
| 415|0x0000000733e00000, 0x0000000733e00000, 0x0000000734000000|  0%| F|  |TAMS 0x0000000733e00000| PB 0x0000000733e00000| Untracked 
| 416|0x0000000734000000, 0x0000000734000000, 0x0000000734200000|  0%| F|  |TAMS 0x0000000734000000| PB 0x0000000734000000| Untracked 
| 417|0x0000000734200000, 0x0000000734200000, 0x0000000734400000|  0%| F|  |TAMS 0x0000000734200000| PB 0x0000000734200000| Untracked 
| 418|0x0000000734400000, 0x0000000734400000, 0x0000000734600000|  0%| F|  |TAMS 0x0000000734400000| PB 0x0000000734400000| Untracked 
| 419|0x0000000734600000, 0x0000000734600000, 0x0000000734800000|  0%| F|  |TAMS 0x0000000734600000| PB 0x0000000734600000| Untracked 
| 420|0x0000000734800000, 0x0000000734800000, 0x0000000734a00000|  0%| F|  |TAMS 0x0000000734800000| PB 0x0000000734800000| Untracked 
| 421|0x0000000734a00000, 0x0000000734a00000, 0x0000000734c00000|  0%| F|  |TAMS 0x0000000734a00000| PB 0x0000000734a00000| Untracked 
| 422|0x0000000734c00000, 0x0000000734c00000, 0x0000000734e00000|  0%| F|  |TAMS 0x0000000734c00000| PB 0x0000000734c00000| Untracked 
| 423|0x0000000734e00000, 0x0000000734e00000, 0x0000000735000000|  0%| F|  |TAMS 0x0000000734e00000| PB 0x0000000734e00000| Untracked 
| 424|0x0000000735000000, 0x0000000735000000, 0x0000000735200000|  0%| F|  |TAMS 0x0000000735000000| PB 0x0000000735000000| Untracked 
| 425|0x0000000735200000, 0x0000000735200000, 0x0000000735400000|  0%| F|  |TAMS 0x0000000735200000| PB 0x0000000735200000| Untracked 
| 426|0x0000000735400000, 0x0000000735400000, 0x0000000735600000|  0%| F|  |TAMS 0x0000000735400000| PB 0x0000000735400000| Untracked 
| 427|0x0000000735600000, 0x0000000735600000, 0x0000000735800000|  0%| F|  |TAMS 0x0000000735600000| PB 0x0000000735600000| Untracked 
| 428|0x0000000735800000, 0x0000000735800000, 0x0000000735a00000|  0%| F|  |TAMS 0x0000000735800000| PB 0x0000000735800000| Untracked 
| 429|0x0000000735a00000, 0x0000000735a00000, 0x0000000735c00000|  0%| F|  |TAMS 0x0000000735a00000| PB 0x0000000735a00000| Untracked 
| 430|0x0000000735c00000, 0x0000000735c00000, 0x0000000735e00000|  0%| F|  |TAMS 0x0000000735c00000| PB 0x0000000735c00000| Untracked 
| 431|0x0000000735e00000, 0x0000000735e00000, 0x0000000736000000|  0%| F|  |TAMS 0x0000000735e00000| PB 0x0000000735e00000| Untracked 
| 432|0x0000000736000000, 0x0000000736000000, 0x0000000736200000|  0%| F|  |TAMS 0x0000000736000000| PB 0x0000000736000000| Untracked 
| 433|0x0000000736200000, 0x0000000736200000, 0x0000000736400000|  0%| F|  |TAMS 0x0000000736200000| PB 0x0000000736200000| Untracked 
| 434|0x0000000736400000, 0x0000000736400000, 0x0000000736600000|  0%| F|  |TAMS 0x0000000736400000| PB 0x0000000736400000| Untracked 
| 435|0x0000000736600000, 0x0000000736600000, 0x0000000736800000|  0%| F|  |TAMS 0x0000000736600000| PB 0x0000000736600000| Untracked 
| 436|0x0000000736800000, 0x0000000736800000, 0x0000000736a00000|  0%| F|  |TAMS 0x0000000736800000| PB 0x0000000736800000| Untracked 
| 437|0x0000000736a00000, 0x0000000736a00000, 0x0000000736c00000|  0%| F|  |TAMS 0x0000000736a00000| PB 0x0000000736a00000| Untracked 
| 438|0x0000000736c00000, 0x0000000736c00000, 0x0000000736e00000|  0%| F|  |TAMS 0x0000000736c00000| PB 0x0000000736c00000| Untracked 
| 439|0x0000000736e00000, 0x0000000736e00000, 0x0000000737000000|  0%| F|  |TAMS 0x0000000736e00000| PB 0x0000000736e00000| Untracked 
| 440|0x0000000737000000, 0x0000000737000000, 0x0000000737200000|  0%| F|  |TAMS 0x0000000737000000| PB 0x0000000737000000| Untracked 
| 441|0x0000000737200000, 0x0000000737200000, 0x0000000737400000|  0%| F|  |TAMS 0x0000000737200000| PB 0x0000000737200000| Untracked 
| 442|0x0000000737400000, 0x0000000737400000, 0x0000000737600000|  0%| F|  |TAMS 0x0000000737400000| PB 0x0000000737400000| Untracked 
| 443|0x0000000737600000, 0x0000000737600000, 0x0000000737800000|  0%| F|  |TAMS 0x0000000737600000| PB 0x0000000737600000| Untracked 
| 444|0x0000000737800000, 0x0000000737800000, 0x0000000737a00000|  0%| F|  |TAMS 0x0000000737800000| PB 0x0000000737800000| Untracked 
| 445|0x0000000737a00000, 0x0000000737a00000, 0x0000000737c00000|  0%| F|  |TAMS 0x0000000737a00000| PB 0x0000000737a00000| Untracked 
| 446|0x0000000737c00000, 0x0000000737c00000, 0x0000000737e00000|  0%| F|  |TAMS 0x0000000737c00000| PB 0x0000000737c00000| Untracked 
| 447|0x0000000737e00000, 0x0000000737e00000, 0x0000000738000000|  0%| F|  |TAMS 0x0000000737e00000| PB 0x0000000737e00000| Untracked 
| 448|0x0000000738000000, 0x0000000738000000, 0x0000000738200000|  0%| F|  |TAMS 0x0000000738000000| PB 0x0000000738000000| Untracked 
| 449|0x0000000738200000, 0x0000000738200000, 0x0000000738400000|  0%| F|  |TAMS 0x0000000738200000| PB 0x0000000738200000| Untracked 
| 450|0x0000000738400000, 0x0000000738400000, 0x0000000738600000|  0%| F|  |TAMS 0x0000000738400000| PB 0x0000000738400000| Untracked 
| 451|0x0000000738600000, 0x0000000738600000, 0x0000000738800000|  0%| F|  |TAMS 0x0000000738600000| PB 0x0000000738600000| Untracked 
| 452|0x0000000738800000, 0x0000000738800000, 0x0000000738a00000|  0%| F|  |TAMS 0x0000000738800000| PB 0x0000000738800000| Untracked 
| 453|0x0000000738a00000, 0x0000000738a00000, 0x0000000738c00000|  0%| F|  |TAMS 0x0000000738a00000| PB 0x0000000738a00000| Untracked 
| 454|0x0000000738c00000, 0x0000000738c00000, 0x0000000738e00000|  0%| F|  |TAMS 0x0000000738c00000| PB 0x0000000738c00000| Untracked 
| 455|0x0000000738e00000, 0x0000000738e00000, 0x0000000739000000|  0%| F|  |TAMS 0x0000000738e00000| PB 0x0000000738e00000| Untracked 
| 456|0x0000000739000000, 0x0000000739000000, 0x0000000739200000|  0%| F|  |TAMS 0x0000000739000000| PB 0x0000000739000000| Untracked 
| 457|0x0000000739200000, 0x0000000739200000, 0x0000000739400000|  0%| F|  |TAMS 0x0000000739200000| PB 0x0000000739200000| Untracked 
| 458|0x0000000739400000, 0x0000000739400000, 0x0000000739600000|  0%| F|  |TAMS 0x0000000739400000| PB 0x0000000739400000| Untracked 
| 459|0x0000000739600000, 0x0000000739600000, 0x0000000739800000|  0%| F|  |TAMS 0x0000000739600000| PB 0x0000000739600000| Untracked 
| 460|0x0000000739800000, 0x0000000739800000, 0x0000000739a00000|  0%| F|  |TAMS 0x0000000739800000| PB 0x0000000739800000| Untracked 
| 461|0x0000000739a00000, 0x0000000739a00000, 0x0000000739c00000|  0%| F|  |TAMS 0x0000000739a00000| PB 0x0000000739a00000| Untracked 
| 462|0x0000000739c00000, 0x0000000739c00000, 0x0000000739e00000|  0%| F|  |TAMS 0x0000000739c00000| PB 0x0000000739c00000| Untracked 
| 463|0x0000000739e00000, 0x0000000739e00000, 0x000000073a000000|  0%| F|  |TAMS 0x0000000739e00000| PB 0x0000000739e00000| Untracked 
| 464|0x000000073a000000, 0x000000073a000000, 0x000000073a200000|  0%| F|  |TAMS 0x000000073a000000| PB 0x000000073a000000| Untracked 
| 465|0x000000073a200000, 0x000000073a200000, 0x000000073a400000|  0%| F|  |TAMS 0x000000073a200000| PB 0x000000073a200000| Untracked 
| 466|0x000000073a400000, 0x000000073a400000, 0x000000073a600000|  0%| F|  |TAMS 0x000000073a400000| PB 0x000000073a400000| Untracked 
| 467|0x000000073a600000, 0x000000073a600000, 0x000000073a800000|  0%| F|  |TAMS 0x000000073a600000| PB 0x000000073a600000| Untracked 
| 468|0x000000073a800000, 0x000000073a800000, 0x000000073aa00000|  0%| F|  |TAMS 0x000000073a800000| PB 0x000000073a800000| Untracked 
| 469|0x000000073aa00000, 0x000000073aa00000, 0x000000073ac00000|  0%| F|  |TAMS 0x000000073aa00000| PB 0x000000073aa00000| Untracked 
| 470|0x000000073ac00000, 0x000000073ac00000, 0x000000073ae00000|  0%| F|  |TAMS 0x000000073ac00000| PB 0x000000073ac00000| Untracked 
| 471|0x000000073ae00000, 0x000000073ae00000, 0x000000073b000000|  0%| F|  |TAMS 0x000000073ae00000| PB 0x000000073ae00000| Untracked 
| 472|0x000000073b000000, 0x000000073b000000, 0x000000073b200000|  0%| F|  |TAMS 0x000000073b000000| PB 0x000000073b000000| Untracked 
| 473|0x000000073b200000, 0x000000073b200000, 0x000000073b400000|  0%| F|  |TAMS 0x000000073b200000| PB 0x000000073b200000| Untracked 
| 474|0x000000073b400000, 0x000000073b400000, 0x000000073b600000|  0%| F|  |TAMS 0x000000073b400000| PB 0x000000073b400000| Untracked 
| 475|0x000000073b600000, 0x000000073b600000, 0x000000073b800000|  0%| F|  |TAMS 0x000000073b600000| PB 0x000000073b600000| Untracked 
| 476|0x000000073b800000, 0x000000073b800000, 0x000000073ba00000|  0%| F|  |TAMS 0x000000073b800000| PB 0x000000073b800000| Untracked 
| 477|0x000000073ba00000, 0x000000073ba00000, 0x000000073bc00000|  0%| F|  |TAMS 0x000000073ba00000| PB 0x000000073ba00000| Untracked 
| 478|0x000000073bc00000, 0x000000073bc00000, 0x000000073be00000|  0%| F|  |TAMS 0x000000073bc00000| PB 0x000000073bc00000| Untracked 
| 479|0x000000073be00000, 0x000000073be00000, 0x000000073c000000|  0%| F|  |TAMS 0x000000073be00000| PB 0x000000073be00000| Untracked 
| 480|0x000000073c000000, 0x000000073c000000, 0x000000073c200000|  0%| F|  |TAMS 0x000000073c000000| PB 0x000000073c000000| Untracked 
| 481|0x000000073c200000, 0x000000073c200000, 0x000000073c400000|  0%| F|  |TAMS 0x000000073c200000| PB 0x000000073c200000| Untracked 
| 482|0x000000073c400000, 0x000000073c400000, 0x000000073c600000|  0%| F|  |TAMS 0x000000073c400000| PB 0x000000073c400000| Untracked 
| 483|0x000000073c600000, 0x000000073c600000, 0x000000073c800000|  0%| F|  |TAMS 0x000000073c600000| PB 0x000000073c600000| Untracked 
| 484|0x000000073c800000, 0x000000073c800000, 0x000000073ca00000|  0%| F|  |TAMS 0x000000073c800000| PB 0x000000073c800000| Untracked 
| 485|0x000000073ca00000, 0x000000073ca00000, 0x000000073cc00000|  0%| F|  |TAMS 0x000000073ca00000| PB 0x000000073ca00000| Untracked 
| 486|0x000000073cc00000, 0x000000073cc00000, 0x000000073ce00000|  0%| F|  |TAMS 0x000000073cc00000| PB 0x000000073cc00000| Untracked 
| 487|0x000000073ce00000, 0x000000073ce00000, 0x000000073d000000|  0%| F|  |TAMS 0x000000073ce00000| PB 0x000000073ce00000| Untracked 
| 488|0x000000073d000000, 0x000000073d000000, 0x000000073d200000|  0%| F|  |TAMS 0x000000073d000000| PB 0x000000073d000000| Untracked 
| 489|0x000000073d200000, 0x000000073d200000, 0x000000073d400000|  0%| F|  |TAMS 0x000000073d200000| PB 0x000000073d200000| Untracked 
| 490|0x000000073d400000, 0x000000073d400000, 0x000000073d600000|  0%| F|  |TAMS 0x000000073d400000| PB 0x000000073d400000| Untracked 
| 491|0x000000073d600000, 0x000000073d600000, 0x000000073d800000|  0%| F|  |TAMS 0x000000073d600000| PB 0x000000073d600000| Untracked 
| 492|0x000000073d800000, 0x000000073d800000, 0x000000073da00000|  0%| F|  |TAMS 0x000000073d800000| PB 0x000000073d800000| Untracked 
| 493|0x000000073da00000, 0x000000073da00000, 0x000000073dc00000|  0%| F|  |TAMS 0x000000073da00000| PB 0x000000073da00000| Untracked 
| 494|0x000000073dc00000, 0x000000073dc00000, 0x000000073de00000|  0%| F|  |TAMS 0x000000073dc00000| PB 0x000000073dc00000| Untracked 
| 495|0x000000073de00000, 0x000000073de00000, 0x000000073e000000|  0%| F|  |TAMS 0x000000073de00000| PB 0x000000073de00000| Untracked 
| 496|0x000000073e000000, 0x000000073e000000, 0x000000073e200000|  0%| F|  |TAMS 0x000000073e000000| PB 0x000000073e000000| Untracked 
| 497|0x000000073e200000, 0x000000073e200000, 0x000000073e400000|  0%| F|  |TAMS 0x000000073e200000| PB 0x000000073e200000| Untracked 
| 498|0x000000073e400000, 0x000000073e400000, 0x000000073e600000|  0%| F|  |TAMS 0x000000073e400000| PB 0x000000073e400000| Untracked 
| 499|0x000000073e600000, 0x000000073e600000, 0x000000073e800000|  0%| F|  |TAMS 0x000000073e600000| PB 0x000000073e600000| Untracked 
| 500|0x000000073e800000, 0x000000073e800000, 0x000000073ea00000|  0%| F|  |TAMS 0x000000073e800000| PB 0x000000073e800000| Untracked 
| 501|0x000000073ea00000, 0x000000073ea00000, 0x000000073ec00000|  0%| F|  |TAMS 0x000000073ea00000| PB 0x000000073ea00000| Untracked 
| 502|0x000000073ec00000, 0x000000073ec00000, 0x000000073ee00000|  0%| F|  |TAMS 0x000000073ec00000| PB 0x000000073ec00000| Untracked 
| 503|0x000000073ee00000, 0x000000073ee00000, 0x000000073f000000|  0%| F|  |TAMS 0x000000073ee00000| PB 0x000000073ee00000| Untracked 
| 504|0x000000073f000000, 0x000000073f000000, 0x000000073f200000|  0%| F|  |TAMS 0x000000073f000000| PB 0x000000073f000000| Untracked 
| 505|0x000000073f200000, 0x000000073f200000, 0x000000073f400000|  0%| F|  |TAMS 0x000000073f200000| PB 0x000000073f200000| Untracked 
| 506|0x000000073f400000, 0x000000073f400000, 0x000000073f600000|  0%| F|  |TAMS 0x000000073f400000| PB 0x000000073f400000| Untracked 
| 507|0x000000073f600000, 0x000000073f600000, 0x000000073f800000|  0%| F|  |TAMS 0x000000073f600000| PB 0x000000073f600000| Untracked 
| 508|0x000000073f800000, 0x000000073f800000, 0x000000073fa00000|  0%| F|  |TAMS 0x000000073f800000| PB 0x000000073f800000| Untracked 
| 509|0x000000073fa00000, 0x000000073fa00000, 0x000000073fc00000|  0%| F|  |TAMS 0x000000073fa00000| PB 0x000000073fa00000| Untracked 
| 510|0x000000073fc00000, 0x000000073fc00000, 0x000000073fe00000|  0%| F|  |TAMS 0x000000073fc00000| PB 0x000000073fc00000| Untracked 
| 511|0x000000073fe00000, 0x000000073fe00000, 0x0000000740000000|  0%| F|  |TAMS 0x000000073fe00000| PB 0x000000073fe00000| Untracked 
| 512|0x0000000740000000, 0x0000000740000000, 0x0000000740200000|  0%| F|  |TAMS 0x0000000740000000| PB 0x0000000740000000| Untracked 
| 513|0x0000000740200000, 0x0000000740200000, 0x0000000740400000|  0%| F|  |TAMS 0x0000000740200000| PB 0x0000000740200000| Untracked 
| 514|0x0000000740400000, 0x0000000740400000, 0x0000000740600000|  0%| F|  |TAMS 0x0000000740400000| PB 0x0000000740400000| Untracked 
| 515|0x0000000740600000, 0x0000000740600000, 0x0000000740800000|  0%| F|  |TAMS 0x0000000740600000| PB 0x0000000740600000| Untracked 
| 516|0x0000000740800000, 0x0000000740800000, 0x0000000740a00000|  0%| F|  |TAMS 0x0000000740800000| PB 0x0000000740800000| Untracked 
| 517|0x0000000740a00000, 0x0000000740a00000, 0x0000000740c00000|  0%| F|  |TAMS 0x0000000740a00000| PB 0x0000000740a00000| Untracked 
| 518|0x0000000740c00000, 0x0000000740c00000, 0x0000000740e00000|  0%| F|  |TAMS 0x0000000740c00000| PB 0x0000000740c00000| Untracked 
| 519|0x0000000740e00000, 0x0000000740e00000, 0x0000000741000000|  0%| F|  |TAMS 0x0000000740e00000| PB 0x0000000740e00000| Untracked 
| 520|0x0000000741000000, 0x0000000741000000, 0x0000000741200000|  0%| F|  |TAMS 0x0000000741000000| PB 0x0000000741000000| Untracked 
| 521|0x0000000741200000, 0x0000000741200000, 0x0000000741400000|  0%| F|  |TAMS 0x0000000741200000| PB 0x0000000741200000| Untracked 
| 522|0x0000000741400000, 0x0000000741400000, 0x0000000741600000|  0%| F|  |TAMS 0x0000000741400000| PB 0x0000000741400000| Untracked 
| 523|0x0000000741600000, 0x0000000741600000, 0x0000000741800000|  0%| F|  |TAMS 0x0000000741600000| PB 0x0000000741600000| Untracked 
| 524|0x0000000741800000, 0x0000000741800000, 0x0000000741a00000|  0%| F|  |TAMS 0x0000000741800000| PB 0x0000000741800000| Untracked 
| 525|0x0000000741a00000, 0x0000000741a00000, 0x0000000741c00000|  0%| F|  |TAMS 0x0000000741a00000| PB 0x0000000741a00000| Untracked 
| 526|0x0000000741c00000, 0x0000000741c00000, 0x0000000741e00000|  0%| F|  |TAMS 0x0000000741c00000| PB 0x0000000741c00000| Untracked 
| 527|0x0000000741e00000, 0x0000000741e00000, 0x0000000742000000|  0%| F|  |TAMS 0x0000000741e00000| PB 0x0000000741e00000| Untracked 
| 528|0x0000000742000000, 0x0000000742000000, 0x0000000742200000|  0%| F|  |TAMS 0x0000000742000000| PB 0x0000000742000000| Untracked 
| 529|0x0000000742200000, 0x0000000742200000, 0x0000000742400000|  0%| F|  |TAMS 0x0000000742200000| PB 0x0000000742200000| Untracked 
| 530|0x0000000742400000, 0x0000000742400000, 0x0000000742600000|  0%| F|  |TAMS 0x0000000742400000| PB 0x0000000742400000| Untracked 
| 531|0x0000000742600000, 0x0000000742600000, 0x0000000742800000|  0%| F|  |TAMS 0x0000000742600000| PB 0x0000000742600000| Untracked 
| 532|0x0000000742800000, 0x0000000742800000, 0x0000000742a00000|  0%| F|  |TAMS 0x0000000742800000| PB 0x0000000742800000| Untracked 
| 533|0x0000000742a00000, 0x0000000742a00000, 0x0000000742c00000|  0%| F|  |TAMS 0x0000000742a00000| PB 0x0000000742a00000| Untracked 
| 534|0x0000000742c00000, 0x0000000742c00000, 0x0000000742e00000|  0%| F|  |TAMS 0x0000000742c00000| PB 0x0000000742c00000| Untracked 
| 535|0x0000000742e00000, 0x0000000742e00000, 0x0000000743000000|  0%| F|  |TAMS 0x0000000742e00000| PB 0x0000000742e00000| Untracked 
| 536|0x0000000743000000, 0x0000000743000000, 0x0000000743200000|  0%| F|  |TAMS 0x0000000743000000| PB 0x0000000743000000| Untracked 
| 537|0x0000000743200000, 0x0000000743200000, 0x0000000743400000|  0%| F|  |TAMS 0x0000000743200000| PB 0x0000000743200000| Untracked 
| 538|0x0000000743400000, 0x0000000743400000, 0x0000000743600000|  0%| F|  |TAMS 0x0000000743400000| PB 0x0000000743400000| Untracked 
| 539|0x0000000743600000, 0x0000000743600000, 0x0000000743800000|  0%| F|  |TAMS 0x0000000743600000| PB 0x0000000743600000| Untracked 
| 540|0x0000000743800000, 0x0000000743800000, 0x0000000743a00000|  0%| F|  |TAMS 0x0000000743800000| PB 0x0000000743800000| Untracked 
| 541|0x0000000743a00000, 0x0000000743a00000, 0x0000000743c00000|  0%| F|  |TAMS 0x0000000743a00000| PB 0x0000000743a00000| Untracked 
| 542|0x0000000743c00000, 0x0000000743c00000, 0x0000000743e00000|  0%| F|  |TAMS 0x0000000743c00000| PB 0x0000000743c00000| Untracked 
| 543|0x0000000743e00000, 0x0000000743e00000, 0x0000000744000000|  0%| F|  |TAMS 0x0000000743e00000| PB 0x0000000743e00000| Untracked 
| 544|0x0000000744000000, 0x0000000744000000, 0x0000000744200000|  0%| F|  |TAMS 0x0000000744000000| PB 0x0000000744000000| Untracked 
| 545|0x0000000744200000, 0x0000000744200000, 0x0000000744400000|  0%| F|  |TAMS 0x0000000744200000| PB 0x0000000744200000| Untracked 
| 546|0x0000000744400000, 0x0000000744400000, 0x0000000744600000|  0%| F|  |TAMS 0x0000000744400000| PB 0x0000000744400000| Untracked 
| 547|0x0000000744600000, 0x0000000744600000, 0x0000000744800000|  0%| F|  |TAMS 0x0000000744600000| PB 0x0000000744600000| Untracked 
| 548|0x0000000744800000, 0x0000000744800000, 0x0000000744a00000|  0%| F|  |TAMS 0x0000000744800000| PB 0x0000000744800000| Untracked 
| 549|0x0000000744a00000, 0x0000000744a00000, 0x0000000744c00000|  0%| F|  |TAMS 0x0000000744a00000| PB 0x0000000744a00000| Untracked 
| 550|0x0000000744c00000, 0x0000000744c00000, 0x0000000744e00000|  0%| F|  |TAMS 0x0000000744c00000| PB 0x0000000744c00000| Untracked 
| 551|0x0000000744e00000, 0x0000000744e00000, 0x0000000745000000|  0%| F|  |TAMS 0x0000000744e00000| PB 0x0000000744e00000| Untracked 
| 552|0x0000000745000000, 0x0000000745000000, 0x0000000745200000|  0%| F|  |TAMS 0x0000000745000000| PB 0x0000000745000000| Untracked 
| 553|0x0000000745200000, 0x0000000745200000, 0x0000000745400000|  0%| F|  |TAMS 0x0000000745200000| PB 0x0000000745200000| Untracked 
| 554|0x0000000745400000, 0x0000000745400000, 0x0000000745600000|  0%| F|  |TAMS 0x0000000745400000| PB 0x0000000745400000| Untracked 
| 555|0x0000000745600000, 0x0000000745600000, 0x0000000745800000|  0%| F|  |TAMS 0x0000000745600000| PB 0x0000000745600000| Untracked 
| 556|0x0000000745800000, 0x0000000745800000, 0x0000000745a00000|  0%| F|  |TAMS 0x0000000745800000| PB 0x0000000745800000| Untracked 
| 557|0x0000000745a00000, 0x0000000745a00000, 0x0000000745c00000|  0%| F|  |TAMS 0x0000000745a00000| PB 0x0000000745a00000| Untracked 
| 558|0x0000000745c00000, 0x0000000745c00000, 0x0000000745e00000|  0%| F|  |TAMS 0x0000000745c00000| PB 0x0000000745c00000| Untracked 
| 559|0x0000000745e00000, 0x0000000745e00000, 0x0000000746000000|  0%| F|  |TAMS 0x0000000745e00000| PB 0x0000000745e00000| Untracked 
| 560|0x0000000746000000, 0x0000000746000000, 0x0000000746200000|  0%| F|  |TAMS 0x0000000746000000| PB 0x0000000746000000| Untracked 
| 677|0x0000000754a00000, 0x0000000754a00000, 0x0000000754c00000|  0%| F|  |TAMS 0x0000000754a00000| PB 0x0000000754a00000| Untracked 
| 683|0x0000000755600000, 0x0000000755600000, 0x0000000755800000|  0%| F|  |TAMS 0x0000000755600000| PB 0x0000000755600000| Untracked 
| 684|0x0000000755800000, 0x0000000755800000, 0x0000000755a00000|  0%| F|  |TAMS 0x0000000755800000| PB 0x0000000755800000| Untracked 
| 687|0x0000000755e00000, 0x0000000755e00000, 0x0000000756000000|  0%| F|  |TAMS 0x0000000755e00000| PB 0x0000000755e00000| Untracked 
| 688|0x0000000756000000, 0x0000000756000000, 0x0000000756200000|  0%| F|  |TAMS 0x0000000756000000| PB 0x0000000756000000| Untracked 
| 690|0x0000000756400000, 0x0000000756400000, 0x0000000756600000|  0%| F|  |TAMS 0x0000000756400000| PB 0x0000000756400000| Untracked 
| 691|0x0000000756600000, 0x0000000756600000, 0x0000000756800000|  0%| F|  |TAMS 0x0000000756600000| PB 0x0000000756600000| Untracked 
| 692|0x0000000756800000, 0x0000000756800000, 0x0000000756a00000|  0%| F|  |TAMS 0x0000000756800000| PB 0x0000000756800000| Untracked 
| 693|0x0000000756a00000, 0x0000000756a00000, 0x0000000756c00000|  0%| F|  |TAMS 0x0000000756a00000| PB 0x0000000756a00000| Untracked 
| 694|0x0000000756c00000, 0x0000000756c00000, 0x0000000756e00000|  0%| F|  |TAMS 0x0000000756c00000| PB 0x0000000756c00000| Untracked 
| 695|0x0000000756e00000, 0x0000000756e00000, 0x0000000757000000|  0%| F|  |TAMS 0x0000000756e00000| PB 0x0000000756e00000| Untracked 
| 696|0x0000000757000000, 0x0000000757000000, 0x0000000757200000|  0%| F|  |TAMS 0x0000000757000000| PB 0x0000000757000000| Untracked 
| 698|0x0000000757400000, 0x0000000757400000, 0x0000000757600000|  0%| F|  |TAMS 0x0000000757400000| PB 0x0000000757400000| Untracked 

Card table byte_map: [0x0000014a42a40000,0x0000014a43240000] _byte_map_base: 0x0000014a3f240000

Marking Bits: (CMBitMap*) 0x0000014a2a675f80
 Bits: [0x0000014a43240000, 0x0000014a47240000)

Polling page: 0x0000014a283a0000

Metaspace:

Usage:
  Non-class:    173.48 MB used.
      Class:     25.01 MB used.
       Both:    198.49 MB used.

Virtual space:
  Non-class space:      192.00 MB reserved,     175.19 MB ( 91%) committed,  3 nodes.
      Class space:      416.00 MB reserved,      27.50 MB (  7%) committed,  1 nodes.
             Both:      608.00 MB reserved,     202.69 MB ( 33%) committed. 

Chunk freelists:
   Non-Class:  16.61 MB
       Class:  5.30 MB
        Both:  21.91 MB

MaxMetaspaceSize: 512.00 MB
CompressedClassSpaceSize: 416.00 MB
Initial GC threshold: 21.00 MB
Current GC threshold: 342.81 MB
CDS: on
 - commit_granule_bytes: 65536.
 - commit_granule_words: 8192.
 - virtual_space_node_default_size: 8388608.
 - enlarge_chunks_in_place: 1.
 - use_allocation_guard: 0.


Internal statistics:

num_allocs_failed_limit: 12.
num_arena_births: 9372.
num_arena_deaths: 4002.
num_vsnodes_births: 4.
num_vsnodes_deaths: 0.
num_space_committed: 3348.
num_space_uncommitted: 28.
num_chunks_returned_to_freelist: 5255.
num_chunks_taken_from_freelist: 21899.
num_chunk_merges: 1753.
num_chunk_splits: 12581.
num_chunks_enlarged: 7133.
num_inconsistent_stats: 0.

CodeHeap 'non-profiled nmethods': size=120000Kb used=41853Kb max_used=48448Kb free=78146Kb
 bounds [0x0000014a3a7b0000, 0x0000014a3d700000, 0x0000014a41ce0000]
CodeHeap 'profiled nmethods': size=120000Kb used=61654Kb max_used=72797Kb free=58345Kb
 bounds [0x0000014a32ce0000, 0x0000014a37400000, 0x0000014a3a210000]
CodeHeap 'non-nmethods': size=5760Kb used=3266Kb max_used=3377Kb free=2493Kb
 bounds [0x0000014a3a210000, 0x0000014a3a590000, 0x0000014a3a7b0000]
 total_blobs=27338 nmethods=26079 adapters=1161
 compilation: enabled
              stopped_count=0, restarted_count=0
 full_count=0

Compilation events (20 events):
Event: 23392.416 Thread 0x0000014a49bbec40 nmethod 85161 0x0000014a3b94bb10 code [0x0000014a3b94bd20, 0x0000014a3b94c1b8]
Event: 23392.416 Thread 0x0000014a49bbec40 85163       4       org.jetbrains.kotlin.gradle.plugin.mpp.compilationImpl.KotlinCompilationImpl::getTarget (8 bytes)
Event: 23392.417 Thread 0x0000014a49bbec40 nmethod 85163 0x0000014a3ad07410 code [0x0000014a3ad075a0, 0x0000014a3ad07648]
Event: 23392.417 Thread 0x0000014a49bbec40 85162       4       org.gradle.internal.ImmutableActionSet$SetWithFewActions::unpackInto (10 bytes)
Event: 23392.426 Thread 0x0000014a49bbec40 nmethod 85162 0x0000014a3b860f10 code [0x0000014a3b861100, 0x0000014a3b861770]
Event: 23392.436 Thread 0x0000014a49bc0520 85165       3       org.gradle.kotlin.dsl.accessors.AccessorsClassPathKt::putContainerElementFactoryEntries (117 bytes)
Event: 23392.439 Thread 0x0000014a49bc0520 nmethod 85165 0x0000014a34262f10 code [0x0000014a34263480, 0x0000014a34266250]
Event: 23392.439 Thread 0x0000014a49bc0520 85166       3       org.gradle.kotlin.dsl.accessors.AccessorsClassPathKt::putSoftwareTypeEntries (97 bytes)
Event: 23392.442 Thread 0x0000014a49bc0520 nmethod 85166 0x0000014a364b5b10 code [0x0000014a364b5f80, 0x0000014a364b8180]
Event: 23392.560 Thread 0x0000014a49bbec40 85167       4       java.lang.invoke.LambdaForm$MH/0x0000014a4b224800::invoke (36 bytes)
Event: 23392.562 Thread 0x0000014a49bbec40 nmethod 85167 0x0000014a3b2daa90 code [0x0000014a3b2dac60, 0x0000014a3b2dae18]
Event: 23392.622 Thread 0x0000014a49bbec40 85168       4       org.gradle.api.internal.project.DefaultProject::assertEagerContext (19 bytes)
Event: 23392.627 Thread 0x0000014a49bbec40 nmethod 85168 0x0000014a3b251310 code [0x0000014a3b251500, 0x0000014a3b251890]
Event: 23392.647 Thread 0x0000014a49bc0520 85169       1       org.gradle.api.internal.artifacts.DefaultProjectComponentIdentifier::getProjectIdentity (5 bytes)
Event: 23392.647 Thread 0x0000014a49bc0520 nmethod 85169 0x0000014a3ad1ef10 code [0x0000014a3ad1f0a0, 0x0000014a3ad1f170]
Event: 23392.689 Thread 0x0000014a49bbec40 85170       4       org.gradle.api.internal.artifacts.ivyservice.resolveengine.graph.builder.ModuleResolveState::clearIncomingUnattachedConstraints (95 bytes)
Event: 23392.698 Thread 0x0000014a49bbec40 nmethod 85170 0x0000014a3b4cab10 code [0x0000014a3b4cacc0, 0x0000014a3b4cb0a0]
Event: 23392.779 Thread 0x0000014a49bbec40 85171       4       org.gradle.api.internal.artifacts.ivyservice.resolveengine.projectresult.ResolvedLocalComponentsResultGraphVisitor::complete (87 bytes)
Event: 23392.809 Thread 0x0000014a49bbec40 nmethod 85171 0x0000014a3d0ef310 code [0x0000014a3d0ef600, 0x0000014a3d0f0d60]
Event: 23392.809 Thread 0x0000014a49bbec40 85172       4       org.gradle.api.internal.artifacts.ivyservice.ResolutionExecutor::getResolvers (136 bytes)

GC Heap History (20 events):
Event: 23225.880 GC heap after
{Heap after GC invocations=252 (full 2):
 garbage-first heap   total 1175552K, used 438692K [0x0000000700000000, 0x0000000800000000)
  region size 2048K, 28 young (57344K), 28 survivors (57344K)
 Metaspace       used 203041K, committed 207488K, reserved 622592K
  class space    used 25615K, committed 28160K, reserved 425984K
}
Event: 23229.415 GC heap before
{Heap before GC invocations=252 (full 2):
 garbage-first heap   total 1175552K, used 522660K [0x0000000700000000, 0x0000000800000000)
  region size 2048K, 69 young (141312K), 28 survivors (57344K)
 Metaspace       used 203042K, committed 207488K, reserved 622592K
  class space    used 25615K, committed 28160K, reserved 425984K
}
Event: 23229.505 GC heap after
{Heap after GC invocations=253 (full 2):
 garbage-first heap   total 1175552K, used 456710K [0x0000000700000000, 0x0000000800000000)
  region size 2048K, 8 young (16384K), 8 survivors (16384K)
 Metaspace       used 203042K, committed 207488K, reserved 622592K
  class space    used 25615K, committed 28160K, reserved 425984K
}
Event: 23234.952 GC heap before
{Heap before GC invocations=254 (full 2):
 garbage-first heap   total 1175552K, used 763910K [0x0000000700000000, 0x0000000800000000)
  region size 2048K, 159 young (325632K), 8 survivors (16384K)
 Metaspace       used 203028K, committed 207488K, reserved 622592K
  class space    used 25612K, committed 28160K, reserved 425984K
}
Event: 23234.999 GC heap after
{Heap after GC invocations=255 (full 2):
 garbage-first heap   total 1175552K, used 493764K [0x0000000700000000, 0x0000000800000000)
  region size 2048K, 20 young (40960K), 20 survivors (40960K)
 Metaspace       used 203028K, committed 207488K, reserved 622592K
  class space    used 25612K, committed 28160K, reserved 425984K
}
Event: 23235.315 GC heap before
{Heap before GC invocations=255 (full 2):
 garbage-first heap   total 1175552K, used 528580K [0x0000000700000000, 0x0000000800000000)
  region size 2048K, 37 young (75776K), 20 survivors (40960K)
 Metaspace       used 203028K, committed 207488K, reserved 622592K
  class space    used 25612K, committed 28160K, reserved 425984K
}
Event: 23235.426 GC heap after
{Heap after GC invocations=256 (full 2):
 garbage-first heap   total 1175552K, used 486701K [0x0000000700000000, 0x0000000800000000)
  region size 2048K, 4 young (8192K), 4 survivors (8192K)
 Metaspace       used 203028K, committed 207488K, reserved 622592K
  class space    used 25612K, committed 28160K, reserved 425984K
}
Event: 23312.494 GC heap before
{Heap before GC invocations=256 (full 2):
 garbage-first heap   total 1175552K, used 726317K [0x0000000700000000, 0x0000000800000000)
  region size 2048K, 122 young (249856K), 4 survivors (8192K)
 Metaspace       used 203064K, committed 207488K, reserved 622592K
  class space    used 25612K, committed 28160K, reserved 425984K
}
Event: 23312.519 GC heap after
{Heap after GC invocations=257 (full 2):
 garbage-first heap   total 1175552K, used 495385K [0x0000000700000000, 0x0000000800000000)
  region size 2048K, 8 young (16384K), 8 survivors (16384K)
 Metaspace       used 203064K, committed 207488K, reserved 622592K
  class space    used 25612K, committed 28160K, reserved 425984K
}
Event: 23317.891 GC heap before
{Heap before GC invocations=257 (full 2):
 garbage-first heap   total 1175552K, used 968473K [0x0000000700000000, 0x0000000800000000)
  region size 2048K, 240 young (491520K), 8 survivors (16384K)
 Metaspace       used 203167K, committed 207488K, reserved 622592K
  class space    used 25612K, committed 28160K, reserved 425984K
}
Event: 23318.060 GC heap after
{Heap after GC invocations=258 (full 2):
 garbage-first heap   total 1175552K, used 566477K [0x0000000700000000, 0x0000000800000000)
  region size 2048K, 30 young (61440K), 30 survivors (61440K)
 Metaspace       used 203167K, committed 207488K, reserved 622592K
  class space    used 25612K, committed 28160K, reserved 425984K
}
Event: 23319.953 GC heap before
{Heap before GC invocations=258 (full 2):
 garbage-first heap   total 1175552K, used 572621K [0x0000000700000000, 0x0000000800000000)
  region size 2048K, 62 young (126976K), 30 survivors (61440K)
 Metaspace       used 203171K, committed 207488K, reserved 622592K
  class space    used 25612K, committed 28160K, reserved 425984K
}
Event: 23320.197 GC heap after
{Heap after GC invocations=259 (full 2):
 garbage-first heap   total 1175552K, used 522135K [0x0000000700000000, 0x0000000800000000)
  region size 2048K, 6 young (12288K), 6 survivors (12288K)
 Metaspace       used 203171K, committed 207488K, reserved 622592K
  class space    used 25612K, committed 28160K, reserved 425984K
}
Event: 23354.488 GC heap before
{Heap before GC invocations=260 (full 2):
 garbage-first heap   total 1175552K, used 823191K [0x0000000700000000, 0x0000000800000000)
  region size 2048K, 154 young (315392K), 6 survivors (12288K)
 Metaspace       used 203221K, committed 207552K, reserved 622592K
  class space    used 25613K, committed 28160K, reserved 425984K
}
Event: 23354.520 GC heap after
{Heap after GC invocations=261 (full 2):
 garbage-first heap   total 1175552K, used 535926K [0x0000000700000000, 0x0000000800000000)
  region size 2048K, 13 young (26624K), 13 survivors (26624K)
 Metaspace       used 203221K, committed 207552K, reserved 622592K
  class space    used 25613K, committed 28160K, reserved 425984K
}
Event: 23357.540 GC heap before
{Heap before GC invocations=261 (full 2):
 garbage-first heap   total 1175552K, used 814454K [0x0000000700000000, 0x0000000800000000)
  region size 2048K, 150 young (307200K), 13 survivors (26624K)
 Metaspace       used 203232K, committed 207552K, reserved 622592K
  class space    used 25613K, committed 28160K, reserved 425984K
}
Event: 23357.606 GC heap after
{Heap after GC invocations=262 (full 2):
 garbage-first heap   total 1175552K, used 559544K [0x0000000700000000, 0x0000000800000000)
  region size 2048K, 19 young (38912K), 19 survivors (38912K)
 Metaspace       used 203232K, committed 207552K, reserved 622592K
  class space    used 25613K, committed 28160K, reserved 425984K
}
Event: 23358.194 GC heap before
{Heap before GC invocations=262 (full 2):
 garbage-first heap   total 1175552K, used 645560K [0x0000000700000000, 0x0000000800000000)
  region size 2048K, 61 young (124928K), 19 survivors (38912K)
 Metaspace       used 203233K, committed 207552K, reserved 622592K
  class space    used 25613K, committed 28160K, reserved 425984K
}
Event: 23358.263 GC heap after
{Heap after GC invocations=263 (full 2):
 garbage-first heap   total 1175552K, used 574594K [0x0000000700000000, 0x0000000800000000)
  region size 2048K, 8 young (16384K), 8 survivors (16384K)
 Metaspace       used 203233K, committed 207552K, reserved 622592K
  class space    used 25613K, committed 28160K, reserved 425984K
}
Event: 23392.866 GC heap before
{Heap before GC invocations=263 (full 2):
 garbage-first heap   total 1175552K, used 996482K [0x0000000700000000, 0x0000000800000000)
  region size 2048K, 214 young (438272K), 8 survivors (16384K)
 Metaspace       used 203253K, committed 207552K, reserved 622592K
  class space    used 25613K, committed 28160K, reserved 425984K
}

Dll operation events (16 events):
Event: 0.015 Loaded shared library C:\Users\manon\.jdks\ms-21.0.7\bin\java.dll
Event: 0.041 Loaded shared library C:\Users\manon\.jdks\ms-21.0.7\bin\jsvml.dll
Event: 0.074 Loaded shared library C:\Users\manon\.jdks\ms-21.0.7\bin\zip.dll
Event: 0.082 Loaded shared library C:\Users\manon\.jdks\ms-21.0.7\bin\instrument.dll
Event: 0.086 Loaded shared library C:\Users\manon\.jdks\ms-21.0.7\bin\net.dll
Event: 0.087 Loaded shared library C:\Users\manon\.jdks\ms-21.0.7\bin\nio.dll
Event: 0.089 Loaded shared library C:\Users\manon\.jdks\ms-21.0.7\bin\zip.dll
Event: 0.320 Loaded shared library C:\Users\manon\.jdks\ms-21.0.7\bin\jimage.dll
Event: 0.442 Loaded shared library C:\Users\manon\.jdks\ms-21.0.7\bin\verify.dll
Event: 0.557 Loaded shared library C:\Users\manon\.gradle\native\1def1411415f61bf3af743bc5b6707747c0891f09f0c88961ee8f79bc544acac\windows-amd64\native-platform.dll
Event: 0.596 Loaded shared library C:\Users\manon\.gradle\native\0.2.7\x86_64-windows-gnu\gradle-fileevents.dll
Event: 6.083 Loaded shared library C:\Users\manon\.jdks\ms-21.0.7\bin\management.dll
Event: 6.086 Loaded shared library C:\Users\manon\.jdks\ms-21.0.7\bin\management_ext.dll
Event: 6.227 Loaded shared library C:\Users\manon\.jdks\ms-21.0.7\bin\extnet.dll
Event: 6.464 Loaded shared library C:\Users\manon\.jdks\ms-21.0.7\bin\sunmscapi.dll
Event: 234.300 Loaded shared library C:\Users\manon\.jdks\ms-21.0.7\bin\rmi.dll

Deoptimization events (20 events):
Event: 23327.197 Thread 0x0000014a7b0c8d60 DEOPT PACKING pc=0x0000014a33cadaa0 sp=0x0000000478afe630
Event: 23327.197 Thread 0x0000014a7b0c8d60 DEOPT UNPACKING pc=0x0000014a3a264e42 sp=0x0000000478afdac0 mode 0
Event: 23327.202 Thread 0x0000014a7b0c8d60 DEOPT PACKING pc=0x0000014a33cadaa0 sp=0x0000000478afe920
Event: 23327.202 Thread 0x0000014a7b0c8d60 DEOPT UNPACKING pc=0x0000014a3a264e42 sp=0x0000000478afddb0 mode 0
Event: 23327.207 Thread 0x0000014a7b0c8d60 DEOPT PACKING pc=0x0000014a33cadaa0 sp=0x0000000478afeab0
Event: 23327.207 Thread 0x0000014a7b0c8d60 DEOPT UNPACKING pc=0x0000014a3a264e42 sp=0x0000000478afdf40 mode 0
Event: 23337.444 Thread 0x0000014a7ae5d070 Uncommon trap: trap_request=0xffffffdc fr.pc=0x0000014a3d51a1f8 relative=0x0000000000002a18
Event: 23337.444 Thread 0x0000014a7ae5d070 Uncommon trap: reason=class_check action=make_not_entrant pc=0x0000014a3d51a1f8 method=java.util.concurrent.CopyOnWriteArrayList.toArray([Ljava/lang/Object;)[Ljava/lang/Object; @ 20 c2
Event: 23337.444 Thread 0x0000014a7ae5d070 DEOPT PACKING pc=0x0000014a3d51a1f8 sp=0x000000047aefeef0
Event: 23337.444 Thread 0x0000014a7ae5d070 DEOPT UNPACKING pc=0x0000014a3a2646a2 sp=0x000000047aefec38 mode 2
Event: 23353.892 Thread 0x0000014a77925070 DEOPT PACKING pc=0x0000014a350cdb95 sp=0x000000046f3f9910
Event: 23353.892 Thread 0x0000014a77925070 DEOPT UNPACKING pc=0x0000014a3a264e42 sp=0x000000046f3f8ec8 mode 0
Event: 23355.511 Thread 0x0000014a77925070 Uncommon trap: trap_request=0xffffffbe fr.pc=0x0000014a3d1031c4 relative=0x0000000000001124
Event: 23355.511 Thread 0x0000014a77925070 Uncommon trap: reason=profile_predicate action=maybe_recompile pc=0x0000014a3d1031c4 method=com.google.common.base.Joiner.join(Ljava/lang/Iterable;)Ljava/lang/String; @ 47 c2
Event: 23355.511 Thread 0x0000014a77925070 DEOPT PACKING pc=0x0000014a3d1031c4 sp=0x000000046f3f9bf0
Event: 23355.511 Thread 0x0000014a77925070 DEOPT UNPACKING pc=0x0000014a3a2646a2 sp=0x000000046f3f9b98 mode 2
Event: 23357.656 Thread 0x0000014a6c824600 Uncommon trap: trap_request=0xffffff45 fr.pc=0x0000014a3aaccf84 relative=0x0000000000000604
Event: 23357.656 Thread 0x0000014a6c824600 Uncommon trap: reason=unstable_if action=reinterpret pc=0x0000014a3aaccf84 method=java.lang.ThreadLocal$ThreadLocalMap.set(Ljava/lang/ThreadLocal;Ljava/lang/Object;)V @ 53 c2
Event: 23357.656 Thread 0x0000014a6c824600 DEOPT PACKING pc=0x0000014a3aaccf84 sp=0x00000004736ff460
Event: 23357.656 Thread 0x0000014a6c824600 DEOPT UNPACKING pc=0x0000014a3a2646a2 sp=0x00000004736ff338 mode 2

Classes loaded (20 events):
Event: 1033.570 Loading class javax/management/ReflectionException
Event: 1033.570 Loading class javax/management/ReflectionException done
Event: 1033.570 Loading class javax/management/InstanceNotFoundException
Event: 1033.570 Loading class javax/management/InstanceNotFoundException done
Event: 1033.683 Loading class java/nio/channels/CancelledKeyException
Event: 1033.684 Loading class java/nio/channels/CancelledKeyException done
Event: 1034.111 Loading class java/nio/channels/AsynchronousCloseException
Event: 1034.112 Loading class java/nio/channels/AsynchronousCloseException done
Event: 1034.120 Loading class sun/nio/ch/SocketChannelImpl$DefaultOptionsHolder
Event: 1034.121 Loading class sun/nio/ch/SocketChannelImpl$DefaultOptionsHolder done
Event: 1035.134 Loading class sun/net/ConnectionResetException
Event: 1035.134 Loading class sun/net/ConnectionResetException done
Event: 4969.608 Loading class sun/rmi/transport/ObjectTable$1
Event: 4969.618 Loading class sun/rmi/transport/ObjectTable$1 done
Event: 13125.580 Loading class java/lang/invoke/WrongMethodTypeException
Event: 13125.582 Loading class java/lang/invoke/WrongMethodTypeException done
Event: 13518.995 Loading class java/util/concurrent/locks/ReentrantReadWriteLock$Sync$HoldCounter
Event: 13518.998 Loading class java/util/concurrent/locks/ReentrantReadWriteLock$Sync$HoldCounter done
Event: 13593.800 Loading class java/nio/file/Path$1
Event: 13593.807 Loading class java/nio/file/Path$1 done

Classes unloaded (20 events):
Event: 23111.230 Thread 0x0000014a49b94c30 Unloading class 0x0000014a4bb91000 'jdk/internal/reflect/GeneratedSerializationConstructorAccessor276'
Event: 23111.230 Thread 0x0000014a49b94c30 Unloading class 0x0000014a4bb90800 'jdk/internal/reflect/GeneratedSerializationConstructorAccessor275'
Event: 23111.230 Thread 0x0000014a49b94c30 Unloading class 0x0000014a4bae9000 'jdk/internal/reflect/GeneratedSerializationConstructorAccessor274'
Event: 23111.230 Thread 0x0000014a49b94c30 Unloading class 0x0000014a4badfc00 'jdk/internal/reflect/GeneratedSerializationConstructorAccessor273'
Event: 23111.230 Thread 0x0000014a49b94c30 Unloading class 0x0000014a4b6f8400 'jdk/internal/reflect/GeneratedSerializationConstructorAccessor272'
Event: 23111.230 Thread 0x0000014a49b94c30 Unloading class 0x0000014a4b68a000 'jdk/internal/reflect/GeneratedSerializationConstructorAccessor271'
Event: 23111.230 Thread 0x0000014a49b94c30 Unloading class 0x0000014a4b683400 'jdk/internal/reflect/GeneratedSerializationConstructorAccessor270'
Event: 23111.230 Thread 0x0000014a49b94c30 Unloading class 0x0000014a4b680800 'java/lang/invoke/LambdaForm$MH+0x0000014a4b680800'
Event: 23111.230 Thread 0x0000014a49b94c30 Unloading class 0x0000014a4b67d000 'java/lang/invoke/LambdaForm$MH+0x0000014a4b67d000'
Event: 23111.231 Thread 0x0000014a49b94c30 Unloading class 0x0000014a4b64b000 'java/lang/invoke/LambdaForm$MH+0x0000014a4b64b000'
Event: 23111.231 Thread 0x0000014a49b94c30 Unloading class 0x0000014a4b649000 'java/lang/invoke/LambdaForm$MH+0x0000014a4b649000'
Event: 23111.231 Thread 0x0000014a49b94c30 Unloading class 0x0000014a4b648800 'java/lang/invoke/LambdaForm$MH+0x0000014a4b648800'
Event: 23111.231 Thread 0x0000014a49b94c30 Unloading class 0x0000014a4b63b800 'java/lang/invoke/LambdaForm$MH+0x0000014a4b63b800'
Event: 23111.231 Thread 0x0000014a49b94c30 Unloading class 0x0000014a4b629000 'java/lang/invoke/LambdaForm$MH+0x0000014a4b629000'
Event: 23230.079 Thread 0x0000014a49b94c30 Unloading class 0x0000014a4c0ddc00 'jdk/internal/reflect/GeneratedSerializationConstructorAccessor447'
Event: 23230.079 Thread 0x0000014a49b94c30 Unloading class 0x0000014a4b0e9000 'jdk/internal/reflect/GeneratedSerializationConstructorAccessor422'
Event: 23230.079 Thread 0x0000014a49b94c30 Unloading class 0x0000014a4b55c800 'jdk/internal/reflect/GeneratedSerializationConstructorAccessor412'
Event: 23230.080 Thread 0x0000014a49b94c30 Unloading class 0x0000014a4c088400 'jdk/internal/reflect/GeneratedSerializationConstructorAccessor409'
Event: 23230.080 Thread 0x0000014a49b94c30 Unloading class 0x0000014a4c088000 'jdk/internal/reflect/GeneratedSerializationConstructorAccessor408'
Event: 23230.080 Thread 0x0000014a49b94c30 Unloading class 0x0000014a4c2e4c00 'jdk/internal/reflect/GeneratedSerializationConstructorAccessor407'

Classes redefined (0 events):
No events

Internal exceptions (20 events):
Event: 23392.092 Thread 0x0000014a77925070 Exception <a 'sun/nio/fs/WindowsException'{0x00000007328dbe00}> (0x00000007328dbe00) 
thrown [s\src\hotspot\share\prims\jni.cpp, line 520]
Event: 23392.092 Thread 0x0000014a77925070 Exception <a 'sun/nio/fs/WindowsException'{0x00000007328dd740}> (0x00000007328dd740) 
thrown [s\src\hotspot\share\prims\jni.cpp, line 520]
Event: 23392.092 Thread 0x0000014a77925070 Exception <a 'sun/nio/fs/WindowsException'{0x00000007328df070}> (0x00000007328df070) 
thrown [s\src\hotspot\share\prims\jni.cpp, line 520]
Event: 23392.092 Thread 0x0000014a77925070 Exception <a 'sun/nio/fs/WindowsException'{0x00000007328e0980}> (0x00000007328e0980) 
thrown [s\src\hotspot\share\prims\jni.cpp, line 520]
Event: 23392.197 Thread 0x0000014a77925070 Exception <a 'sun/nio/fs/WindowsException'{0x0000000730e22900}> (0x0000000730e22900) 
thrown [s\src\hotspot\share\prims\jni.cpp, line 520]
Event: 23392.197 Thread 0x0000014a77925070 Exception <a 'sun/nio/fs/WindowsException'{0x0000000730e24408}> (0x0000000730e24408) 
thrown [s\src\hotspot\share\prims\jni.cpp, line 520]
Event: 23392.197 Thread 0x0000014a77925070 Exception <a 'sun/nio/fs/WindowsException'{0x0000000730e26ae0}> (0x0000000730e26ae0) 
thrown [s\src\hotspot\share\prims\jni.cpp, line 520]
Event: 23392.541 Thread 0x0000014a0470c3d0 Exception <a 'sun/nio/fs/WindowsException'{0x000000072f348040}> (0x000000072f348040) 
thrown [s\src\hotspot\share\prims\jni.cpp, line 520]
Event: 23392.541 Thread 0x0000014a0470c3d0 Exception <a 'sun/nio/fs/WindowsException'{0x000000072f34a320}> (0x000000072f34a320) 
thrown [s\src\hotspot\share\prims\jni.cpp, line 520]
Event: 23392.541 Thread 0x0000014a0470c3d0 Exception <a 'sun/nio/fs/WindowsException'{0x000000072f34c550}> (0x000000072f34c550) 
thrown [s\src\hotspot\share\prims\jni.cpp, line 520]
Event: 23392.542 Thread 0x0000014a0470c3d0 Exception <a 'sun/nio/fs/WindowsException'{0x000000072f34e428}> (0x000000072f34e428) 
thrown [s\src\hotspot\share\prims\jni.cpp, line 520]
Event: 23392.542 Thread 0x0000014a0470c3d0 Exception <a 'sun/nio/fs/WindowsException'{0x000000072f357488}> (0x000000072f357488) 
thrown [s\src\hotspot\share\prims\jni.cpp, line 520]
Event: 23392.567 Thread 0x0000014a0470a300 Exception <a 'sun/nio/fs/WindowsException'{0x000000072f684f08}> (0x000000072f684f08) 
thrown [s\src\hotspot\share\prims\jni.cpp, line 520]
Event: 23392.567 Thread 0x0000014a0470a300 Exception <a 'sun/nio/fs/WindowsException'{0x000000072f6872b0}> (0x000000072f6872b0) 
thrown [s\src\hotspot\share\prims\jni.cpp, line 520]
Event: 23392.568 Thread 0x0000014a0470a300 Exception <a 'sun/nio/fs/WindowsException'{0x000000072f6895b8}> (0x000000072f6895b8) 
thrown [s\src\hotspot\share\prims\jni.cpp, line 520]
Event: 23392.568 Thread 0x0000014a0470a300 Exception <a 'sun/nio/fs/WindowsException'{0x000000072f68b518}> (0x000000072f68b518) 
thrown [s\src\hotspot\share\prims\jni.cpp, line 520]
Event: 23392.806 Thread 0x0000014a0470c3d0 Exception <a 'sun/nio/fs/WindowsException'{0x000000072db86dc0}> (0x000000072db86dc0) 
thrown [s\src\hotspot\share\prims\jni.cpp, line 520]
Event: 23392.807 Thread 0x0000014a0470c3d0 Exception <a 'sun/nio/fs/WindowsException'{0x000000072db89218}> (0x000000072db89218) 
thrown [s\src\hotspot\share\prims\jni.cpp, line 520]
Event: 23392.807 Thread 0x0000014a0470c3d0 Exception <a 'sun/nio/fs/WindowsException'{0x000000072db8b5e0}> (0x000000072db8b5e0) 
thrown [s\src\hotspot\share\prims\jni.cpp, line 520]
Event: 23392.807 Thread 0x0000014a0470c3d0 Exception <a 'sun/nio/fs/WindowsException'{0x000000072db8d5e0}> (0x000000072db8d5e0) 
thrown [s\src\hotspot\share\prims\jni.cpp, line 520]

ZGC Phase Switch (0 events):
No events

VM Operations (20 events):
Event: 23356.521 Executing VM operation: Cleanup done
Event: 23357.521 Executing VM operation: Cleanup
Event: 23357.521 Executing VM operation: Cleanup done
Event: 23357.540 Executing VM operation: G1CollectForAllocation (G1 Evacuation Pause)
Event: 23357.606 Executing VM operation: G1CollectForAllocation (G1 Evacuation Pause) done
Event: 23358.194 Executing VM operation: G1CollectForAllocation (G1 Evacuation Pause)
Event: 23358.263 Executing VM operation: G1CollectForAllocation (G1 Evacuation Pause) done
Event: 23360.264 Executing VM operation: Cleanup
Event: 23360.264 Executing VM operation: Cleanup done
Event: 23362.264 Executing VM operation: Cleanup
Event: 23362.265 Executing VM operation: Cleanup done
Event: 23372.269 Executing VM operation: Cleanup
Event: 23372.269 Executing VM operation: Cleanup done
Event: 23387.508 Executing VM operation: HandshakeAllThreads (HandshakeForDeflation)
Event: 23387.508 Executing VM operation: HandshakeAllThreads (HandshakeForDeflation) done
Event: 23387.508 Executing VM operation: RendezvousGCThreads
Event: 23387.508 Executing VM operation: RendezvousGCThreads done
Event: 23392.511 Executing VM operation: Cleanup
Event: 23392.511 Executing VM operation: Cleanup done
Event: 23392.866 Executing VM operation: G1CollectForAllocation (G1 Evacuation Pause)

Memory protections (0 events):
No events

Nmethod flushes (20 events):
Event: 23318.843 Thread 0x0000014a49b94c30 flushing  nmethod 0x0000014a35ca9890
Event: 23318.843 Thread 0x0000014a49b94c30 flushing  nmethod 0x0000014a3602a310
Event: 23318.843 Thread 0x0000014a49b94c30 flushing  nmethod 0x0000014a36299090
Event: 23318.843 Thread 0x0000014a49b94c30 flushing  nmethod 0x0000014a36783890
Event: 23318.843 Thread 0x0000014a49b94c30 flushing  nmethod 0x0000014a36b71710
Event: 23318.843 Thread 0x0000014a49b94c30 flushing  nmethod 0x0000014a3b51f510
Event: 23318.844 Thread 0x0000014a49b94c30 flushing  nmethod 0x0000014a32e53210
Event: 23318.844 Thread 0x0000014a49b94c30 flushing  nmethod 0x0000014a32f00a10
Event: 23318.844 Thread 0x0000014a49b94c30 flushing  nmethod 0x0000014a32f06610
Event: 23318.844 Thread 0x0000014a49b94c30 flushing  nmethod 0x0000014a330f7d90
Event: 23318.844 Thread 0x0000014a49b94c30 flushing  nmethod 0x0000014a33606310
Event: 23318.844 Thread 0x0000014a49b94c30 flushing  nmethod 0x0000014a34573c90
Event: 23318.844 Thread 0x0000014a49b94c30 flushing  nmethod 0x0000014a3613a990
Event: 23318.844 Thread 0x0000014a49b94c30 flushing  nmethod 0x0000014a36141c90
Event: 23318.844 Thread 0x0000014a49b94c30 flushing  nmethod 0x0000014a3636a990
Event: 23318.844 Thread 0x0000014a49b94c30 flushing  nmethod 0x0000014a3652ca10
Event: 23318.844 Thread 0x0000014a49b94c30 flushing  nmethod 0x0000014a3652cd90
Event: 23318.844 Thread 0x0000014a49b94c30 flushing  nmethod 0x0000014a3693e110
Event: 23318.844 Thread 0x0000014a49b94c30 flushing  nmethod 0x0000014a36bd2e10
Event: 23318.845 Thread 0x0000014a49b94c30 flushing  nmethod 0x0000014a36bd5f10

Events (20 events):
Event: 23392.815 Thread 0x0000014a77925070 Thread added: 0x0000014a6e14be60
Event: 23392.815 Thread 0x0000014a77925070 Thread added: 0x0000014a6e14d8a0
Event: 23392.815 Thread 0x0000014a77925070 Thread added: 0x0000014a6e14ec50
Event: 23392.816 Thread 0x0000014a77925070 Thread added: 0x0000014a6e14b7d0
Event: 23392.816 Thread 0x0000014a77925070 Thread added: 0x0000014a6e14df30
Event: 23392.817 Thread 0x0000014a77925070 Thread added: 0x0000014a6e14c4f0
Event: 23392.817 Thread 0x0000014a77925070 Thread added: 0x0000014a6e14d210
Event: 23392.817 Thread 0x0000014a77925070 Thread added: 0x0000014a77659c00
Event: 23392.818 Thread 0x0000014a77925070 Thread added: 0x0000014a7765afb0
Event: 23392.856 Thread 0x0000014a77925070 Thread added: 0x0000014a7b9b44f0
Event: 23392.857 Thread 0x0000014a77925070 Thread added: 0x0000014a7b879280
Event: 23392.858 Thread 0x0000014a77925070 Thread added: 0x0000014a7b87a630
Event: 23392.858 Thread 0x0000014a77925070 Thread added: 0x0000014a7b879910
Event: 23392.858 Thread 0x0000014a77925070 Thread added: 0x0000014a7b877840
Event: 23392.859 Thread 0x0000014a77925070 Thread added: 0x0000014a7b879fa0
Event: 23392.859 Thread 0x0000014a77925070 Thread added: 0x0000014a7b87b350
Event: 23392.860 Thread 0x0000014a77925070 Thread added: 0x0000014a7b877ed0
Event: 23392.860 Thread 0x0000014a77925070 Thread added: 0x0000014a7b87b9e0
Event: 23392.861 Thread 0x0000014a77925070 Thread added: 0x0000014a7b878560
Event: 23392.861 Thread 0x0000014a77925070 Thread added: 0x0000014a7b878bf0


Dynamic libraries:
0x00007ff72ade0000 - 0x00007ff72adee000 	C:\Users\manon\.jdks\ms-21.0.7\bin\java.exe
0x00007ffbd6c40000 - 0x00007ffbd6ea9000 	C:\WINDOWS\SYSTEM32\ntdll.dll
0x00007ffb815e0000 - 0x00007ffb81600000 	C:\Program Files\Avast Software\Avast\aswhook.dll
0x00007ffbd5940000 - 0x00007ffbd5a09000 	C:\WINDOWS\System32\KERNEL32.DLL
0x00007ffbd3e70000 - 0x00007ffbd4263000 	C:\WINDOWS\System32\KERNELBASE.dll
0x00007ffbd0890000 - 0x00007ffbd092e000 	C:\WINDOWS\SYSTEM32\apphelp.dll
0x00007ffbd4300000 - 0x00007ffbd444b000 	C:\WINDOWS\System32\ucrtbase.dll
0x00007ffbb0650000 - 0x00007ffbb0668000 	C:\Users\manon\.jdks\ms-21.0.7\bin\jli.dll
0x00007ffbd5b10000 - 0x00007ffbd5cd4000 	C:\WINDOWS\System32\USER32.dll
0x00007ffbd4870000 - 0x00007ffbd4897000 	C:\WINDOWS\System32\win32u.dll
0x00007ffbd4cb0000 - 0x00007ffbd4cdb000 	C:\WINDOWS\System32\GDI32.dll
0x00007ffb7d410000 - 0x00007ffb7d42d000 	C:\Users\manon\.jdks\ms-21.0.7\bin\VCRUNTIME140.dll
0x00007ffbd4450000 - 0x00007ffbd457d000 	C:\WINDOWS\System32\gdi32full.dll
0x00007ffba6890000 - 0x00007ffba6b23000 	C:\WINDOWS\WinSxS\amd64_microsoft.windows.common-controls_6595b64144ccf1df_6.0.26100.5074_none_3e0d6f78e32fd63f\COMCTL32.dll
0x00007ffbd47c0000 - 0x00007ffbd4863000 	C:\WINDOWS\System32\msvcp_win.dll
0x00007ffbd5890000 - 0x00007ffbd5939000 	C:\WINDOWS\System32\msvcrt.dll
0x00007ffbd5680000 - 0x00007ffbd56af000 	C:\WINDOWS\System32\IMM32.DLL
0x00007ffbb0930000 - 0x00007ffbb093c000 	C:\Users\manon\.jdks\ms-21.0.7\bin\vcruntime140_1.dll
0x00007ffb746f0000 - 0x00007ffb7477d000 	C:\Users\manon\.jdks\ms-21.0.7\bin\msvcp140.dll
0x00007ffb38260000 - 0x00007ffb38ff8000 	C:\Users\manon\.jdks\ms-21.0.7\bin\server\jvm.dll
0x00007ffbd4e00000 - 0x00007ffbd4eb4000 	C:\WINDOWS\System32\ADVAPI32.dll
0x00007ffbd5300000 - 0x00007ffbd53a6000 	C:\WINDOWS\System32\sechost.dll
0x00007ffbd4ce0000 - 0x00007ffbd4df8000 	C:\WINDOWS\System32\RPCRT4.dll
0x00007ffbd5810000 - 0x00007ffbd5884000 	C:\WINDOWS\System32\WS2_32.dll
0x00007ffbd3c30000 - 0x00007ffbd3c8e000 	C:\WINDOWS\SYSTEM32\POWRPROF.dll
0x00007ffbc95d0000 - 0x00007ffbc9605000 	C:\WINDOWS\SYSTEM32\WINMM.dll
0x00007ffbc2560000 - 0x00007ffbc256b000 	C:\WINDOWS\SYSTEM32\VERSION.dll
0x00007ffbd3c10000 - 0x00007ffbd3c24000 	C:\WINDOWS\SYSTEM32\UMPDC.dll
0x00007ffbd2bb0000 - 0x00007ffbd2bcb000 	C:\WINDOWS\SYSTEM32\kernel.appcore.dll
0x00007ffbb0f90000 - 0x00007ffbb0f9a000 	C:\Users\manon\.jdks\ms-21.0.7\bin\jimage.dll
0x00007ffbd14f0000 - 0x00007ffbd1732000 	C:\WINDOWS\SYSTEM32\DBGHELP.DLL
0x00007ffbd4ec0000 - 0x00007ffbd523b000 	C:\WINDOWS\System32\combase.dll
0x00007ffbd6430000 - 0x00007ffbd6507000 	C:\WINDOWS\System32\OLEAUT32.dll
0x00007ffbc03f0000 - 0x00007ffbc042d000 	C:\WINDOWS\SYSTEM32\dbgcore.DLL
0x00007ffbd3dd0000 - 0x00007ffbd3e69000 	C:\WINDOWS\System32\bcryptPrimitives.dll
0x00007ffbb0ee0000 - 0x00007ffbb0eef000 	C:\Users\manon\.jdks\ms-21.0.7\bin\instrument.dll
0x00007ffbb0ea0000 - 0x00007ffbb0ec0000 	C:\Users\manon\.jdks\ms-21.0.7\bin\java.dll
0x00007ffbd5ce0000 - 0x00007ffbd642d000 	C:\WINDOWS\System32\SHELL32.dll
0x00007ffbd48a0000 - 0x00007ffbd4a0c000 	C:\WINDOWS\System32\wintypes.dll
0x00007ffbd1a00000 - 0x00007ffbd2259000 	C:\WINDOWS\SYSTEM32\windows.storage.dll
0x00007ffbd6b00000 - 0x00007ffbd6bf0000 	C:\WINDOWS\System32\SHCORE.dll
0x00007ffbd57a0000 - 0x00007ffbd5802000 	C:\WINDOWS\System32\shlwapi.dll
0x00007ffbd3cf0000 - 0x00007ffbd3d19000 	C:\WINDOWS\SYSTEM32\profapi.dll
0x00007ffb73870000 - 0x00007ffb73946000 	C:\Users\manon\.jdks\ms-21.0.7\bin\jsvml.dll
0x00007ffb779c0000 - 0x00007ffb779d8000 	C:\Users\manon\.jdks\ms-21.0.7\bin\zip.dll
0x00007ffbc4310000 - 0x00007ffbc4320000 	C:\Users\manon\.jdks\ms-21.0.7\bin\net.dll
0x00007ffbc3fc0000 - 0x00007ffbc40df000 	C:\WINDOWS\SYSTEM32\WINHTTP.dll
0x00007ffbd3130000 - 0x00007ffbd319b000 	C:\WINDOWS\system32\mswsock.dll
0x00007ffb79400000 - 0x00007ffb79416000 	C:\Users\manon\.jdks\ms-21.0.7\bin\nio.dll
0x00007ffbc3a30000 - 0x00007ffbc3a40000 	C:\Users\manon\.jdks\ms-21.0.7\bin\verify.dll
0x00007ffbb0a10000 - 0x00007ffbb0a37000 	C:\Users\manon\.gradle\native\1def1411415f61bf3af743bc5b6707747c0891f09f0c88961ee8f79bc544acac\windows-amd64\native-platform.dll
0x00007ffb9c320000 - 0x00007ffb9c398000 	C:\Users\manon\.gradle\native\0.2.7\x86_64-windows-gnu\gradle-fileevents.dll
0x00007ffbb0f80000 - 0x00007ffbb0f8a000 	C:\Users\manon\.jdks\ms-21.0.7\bin\management.dll
0x00007ffbb0e90000 - 0x00007ffbb0e9b000 	C:\Users\manon\.jdks\ms-21.0.7\bin\management_ext.dll
0x00007ffbd5790000 - 0x00007ffbd5798000 	C:\WINDOWS\System32\PSAPI.DLL
0x00007ffbd25d0000 - 0x00007ffbd2604000 	C:\WINDOWS\SYSTEM32\IPHLPAPI.DLL
0x00007ffbd52f0000 - 0x00007ffbd52fa000 	C:\WINDOWS\System32\NSI.dll
0x00007ffb82060000 - 0x00007ffb82069000 	C:\Users\manon\.jdks\ms-21.0.7\bin\extnet.dll
0x00007ffbd33d0000 - 0x00007ffbd33eb000 	C:\WINDOWS\SYSTEM32\CRYPTSP.dll
0x00007ffbd2af0000 - 0x00007ffbd2b2b000 	C:\WINDOWS\system32\rsaenh.dll
0x00007ffbd31d0000 - 0x00007ffbd31fb000 	C:\WINDOWS\SYSTEM32\USERENV.dll
0x00007ffbd3cc0000 - 0x00007ffbd3ce6000 	C:\WINDOWS\SYSTEM32\bcrypt.dll
0x00007ffbd33f0000 - 0x00007ffbd33fc000 	C:\WINDOWS\SYSTEM32\CRYPTBASE.dll
0x00007ffb82c80000 - 0x00007ffb82c8e000 	C:\Users\manon\.jdks\ms-21.0.7\bin\sunmscapi.dll
0x00007ffbd4580000 - 0x00007ffbd46f7000 	C:\WINDOWS\System32\CRYPT32.dll
0x00007ffbd35f0000 - 0x00007ffbd3620000 	C:\WINDOWS\SYSTEM32\ncrypt.dll
0x00007ffbd35a0000 - 0x00007ffbd35df000 	C:\WINDOWS\SYSTEM32\NTASN1.dll
0x00007ffb9bfb0000 - 0x00007ffb9bfb8000 	C:\WINDOWS\system32\wshunix.dll
0x00007ffbd2670000 - 0x00007ffbd2796000 	C:\WINDOWS\SYSTEM32\DNSAPI.dll
0x00007ffbc92e0000 - 0x00007ffbc92eb000 	C:\Windows\System32\rasadhlp.dll
0x00007ffbcb990000 - 0x00007ffbcba16000 	C:\WINDOWS\System32\fwpuclnt.dll
0x00007ffbd0660000 - 0x00007ffbd0667000 	C:\Users\manon\.jdks\ms-21.0.7\bin\rmi.dll
0x00007ffbd2cd0000 - 0x00007ffbd2d06000 	C:\WINDOWS\SYSTEM32\ntmarta.dll

dbghelp: loaded successfully - version: 4.0.5 - missing functions: none
symbol engine: initialized successfully - sym options: 0x614 - pdb path: .;C:\Users\manon\.jdks\ms-21.0.7\bin;C:\WINDOWS\SYSTEM32;C:\Program Files\Avast Software\Avast;C:\WINDOWS\WinSxS\amd64_microsoft.windows.common-controls_6595b64144ccf1df_6.0.26100.5074_none_3e0d6f78e32fd63f;C:\Users\manon\.jdks\ms-21.0.7\bin\server;C:\Users\manon\.gradle\native\1def1411415f61bf3af743bc5b6707747c0891f09f0c88961ee8f79bc544acac\windows-amd64;C:\Users\manon\.gradle\native\0.2.7\x86_64-windows-gnu

VM Arguments:
jvm_args: -Dstdout.encoding=UTF-8 -Dstderr.encoding=UTF-8 --add-opens=java.base/java.lang=ALL-UNNAMED --add-opens=java.base/java.lang.invoke=ALL-UNNAMED --add-opens=java.base/java.util=ALL-UNNAMED --add-opens=java.prefs/java.util.prefs=ALL-UNNAMED --add-exports=jdk.compiler/com.sun.tools.javac.api=ALL-UNNAMED --add-exports=jdk.compiler/com.sun.tools.javac.util=ALL-UNNAMED --add-opens=java.base/java.util=ALL-UNNAMED --add-opens=java.prefs/java.util.prefs=ALL-UNNAMED --add-opens=java.base/java.nio.charset=ALL-UNNAMED --add-opens=java.base/java.net=ALL-UNNAMED --add-opens=java.base/java.util.concurrent.atomic=ALL-UNNAMED --add-opens=java.xml/javax.xml.namespace=ALL-UNNAMED -XX:MaxMetaspaceSize=512m -Xmx4096m -Dfile.encoding=UTF-8 -Duser.country=IN -Duser.language=en -Duser.variant -javaagent:C:\Users\manon\.gradle\wrapper\dists\gradle-8.14.3-bin\cv11ve7ro1n3o1j4so8xd9n66\gradle-8.14.3\lib\agents\gradle-instrumentation-agent-8.14.3.jar 
java_command: org.gradle.launcher.daemon.bootstrap.GradleDaemon 8.14.3
java_class_path (initial): C:\Users\manon\.gradle\wrapper\dists\gradle-8.14.3-bin\cv11ve7ro1n3o1j4so8xd9n66\gradle-8.14.3\lib\gradle-daemon-main-8.14.3.jar
Launcher Type: SUN_STANDARD

[Global flags]
     intx CICompilerCount                          = 4                                         {product} {ergonomic}
   size_t CompressedClassSpaceSize                 = 436207616                                 {product} {ergonomic}
     uint ConcGCThreads                            = 3                                         {product} {ergonomic}
     uint G1ConcRefinementThreads                  = 10                                        {product} {ergonomic}
   size_t G1HeapRegionSize                         = 2097152                                   {product} {ergonomic}
    uintx GCDrainStackTargetSize                   = 64                                        {product} {ergonomic}
   size_t InitialHeapSize                          = 130023424                                 {product} {ergonomic}
   size_t MarkStackSize                            = 4194304                                   {product} {ergonomic}
   size_t MaxHeapSize                              = 4294967296                                {product} {command line}
   size_t MaxMetaspaceSize                         = 536870912                                 {product} {command line}
   size_t MaxNewSize                               = 2575302656                                {product} {ergonomic}
   size_t MinHeapDeltaBytes                        = 2097152                                   {product} {ergonomic}
   size_t MinHeapSize                              = 8388608                                   {product} {ergonomic}
    uintx NonNMethodCodeHeapSize                   = 5839372                                {pd product} {ergonomic}
    uintx NonProfiledCodeHeapSize                  = 122909434                              {pd product} {ergonomic}
    uintx ProfiledCodeHeapSize                     = 122909434                              {pd product} {ergonomic}
    uintx ReservedCodeCacheSize                    = 251658240                              {pd product} {ergonomic}
     bool SegmentedCodeCache                       = true                                      {product} {ergonomic}
   size_t SoftMaxHeapSize                          = 4294967296                             {manageable} {ergonomic}
     bool UseCompressedOops                        = true                           {product lp64_product} {ergonomic}
     bool UseG1GC                                  = true                                      {product} {ergonomic}
     bool UseLargePagesIndividualAllocation        = false                                  {pd product} {ergonomic}

Logging:
Log output configuration:
 #0: stdout all=warning uptime,level,tags foldmultilines=false
 #1: stderr all=off uptime,level,tags foldmultilines=false

Environment Variables:
JAVA_HOME=C:\Users\manon\.jdks\ms-21.0.7
JAVA_TOOL_OPTIONS=-Dstdout.encoding=UTF-8 -Dstderr.encoding=UTF-8
PATH=C:\Users\manon\OneDrive\Desktop\sentinel\node_modules\.bin;C:\Users\manon\OneDrive\Desktop\sentinel\node_modules\.bin;C:\Users\manon\OneDrive\Desktop\node_modules\.bin;C:\Users\manon\OneDrive\node_modules\.bin;C:\Users\manon\node_modules\.bin;C:\Users\node_modules\.bin;C:\node_modules\.bin;C:\Users\manon\AppData\Roaming\npm\node_modules\npm\node_modules\@npmcli\run-script\lib\node-gyp-bin;C:\Users\manon\.jdks\ms-21.0.7\bin;C:\Windows\System32\;C:\Program Files\nodejs;C:\Users\manon\Downloads\apache-maven-3.9.10-bin\apache-maven-3.9.10\bin;C:\WINDOWS\system32;C:\WINDOWS;C:\WINDOWS\System32\Wbem;C:\WINDOWS\System32\WindowsPowerShell\v1.0\;C:\WINDOWS\System32\OpenSSH\;C:\Program Files\HP\HP One Agent;C:\Program Files\apache-maven-3.9.11\bin;C:\Program Files\Java\jdk-17.0.12\bin;C:\MinGW\bin;C:\Users\manon\AppData\Local\Android\Sdk\platform-tools;C:\Users\manon\AppData\Local\Android\Sdk\emulator;C:\Users\manon\AppData\Local\Android\Sdk\tools\bin;C:\Users\manon\AppData\Local\Android\Sdk\platform-tools;C:\Users\manon\AppData\Local\Android\Sdk\cmdline-tools\latest\bin;C:\Program Files\Git\cmd;C:\Windows\System32\;C:\Program Files\nodejs;C:\Users\manon\Downloads\apache-maven-3.9.10-bin\apache-maven-3.9.10\bin;C:\WINDOWS\system32;C:\WINDOWS;C:\WINDOWS\System32\Wbem;C:\WINDOWS\System32\WindowsPowerShell\v1.0\;C:\WINDOWS\System32\OpenSSH\;C:\Program Files\HP\HP One Agent;C:\Program Files\apache-maven-3.9.11\bin;C:\Program Files\Java\jdk-17.0.12\bin;C:\Program Files\Git\cmd;C:\MinGW\bin;C:\Users\manon\AppData\Local\Android\Sdk\platform-tools;C:\Users\manon\AppData\Local\Android\Sdk\emulator;C:\Users\manon\AppData\Local\Programs\Python\Python312\Scripts\;C:\Users\manon\AppData\Local\Programs\Python\Python312\;C:\Users\manon\AppData\Local\Microsoft\WindowsApps;C:\Users\manon\AppData\Roaming\npm;C:\Program Files\JetBrains\IntelliJ IDEA Community Edition 2023.2.2\bin;C:\Program Files\Java\jre1.8.0_451\bin;C:\Program Files\Java\jdk-17.0.12\bin;C:\Users\manon\AppData\Local\Programs\Microsoft VS Code\bin;C:\Users\manon\;
USERNAME=manon
LANG=en_US.UTF-8
OS=Windows_NT
PROCESSOR_IDENTIFIER=Intel64 Family 6 Model 154 Stepping 4, GenuineIntel
TMP=C:\Users\manon\AppData\Local\Temp
TEMP=C:\Users\manon\AppData\Local\Temp




Periodic native trim disabled

---------------  S Y S T E M  ---------------

OS:
 Windows 11 , 64 bit Build 26100 (10.0.26100.5074)
OS uptime: 3 days 7:12 hours
Hyper-V role detected

CPU: total 12 (initial active 12) (6 cores per cpu, 2 threads per core) family 6 model 154 stepping 4 microcode 0x432, cx8, cmov, fxsr, ht, mmx, 3dnowpref, sse, sse2, sse3, ssse3, sse4.1, sse4.2, popcnt, lzcnt, tsc, tscinvbit, avx, avx2, aes, erms, clmul, bmi1, bmi2, adx, sha, fma, vzeroupper, clflush, clflushopt, clwb, hv, serialize, rdtscp, rdpid, fsrm, f16c, cet_ibt, cet_ss
Processor Information for processor 0
  Max Mhz: 1300, Current Mhz: 1300, Mhz Limit: 1300
Processor Information for processor 1
  Max Mhz: 1300, Current Mhz: 1300, Mhz Limit: 1300
Processor Information for processor 2
  Max Mhz: 1300, Current Mhz: 1300, Mhz Limit: 1300
Processor Information for processor 3
  Max Mhz: 1300, Current Mhz: 1300, Mhz Limit: 1300
Processor Information for processor 4
  Max Mhz: 1300, Current Mhz: 900, Mhz Limit: 897
Processor Information for processor 5
  Max Mhz: 1300, Current Mhz: 900, Mhz Limit: 897
Processor Information for processor 6
  Max Mhz: 1300, Current Mhz: 900, Mhz Limit: 897
Processor Information for processor 7
  Max Mhz: 1300, Current Mhz: 900, Mhz Limit: 897
Processor Information for processor 8
  Max Mhz: 1300, Current Mhz: 900, Mhz Limit: 897
Processor Information for processor 9
  Max Mhz: 1300, Current Mhz: 900, Mhz Limit: 897
Processor Information for processor 10
  Max Mhz: 1300, Current Mhz: 900, Mhz Limit: 897
Processor Information for processor 11
  Max Mhz: 1300, Current Mhz: 900, Mhz Limit: 897

Memory: 4k page, system-wide physical 7863M (663M free)
TotalPageFile size 32439M (AvailPageFile size 151M)
current process WorkingSet (physical memory assigned to process): 1273M, peak: 1711M
current process commit charge ("private bytes"): 1852M, peak: 3395M

vm_info: OpenJDK 64-Bit Server VM (21.0.7+6-LTS) for windows-amd64 JRE (21.0.7+6-LTS), built on 2025-04-09T22:17:25Z by "MicrosoftCorporation" with unknown MS VC++:1939

END.
