#
# There is insufficient memory for the Java Runtime Environment to continue.
# Native memory allocation (mmap) failed to map 677380096 bytes. Error detail: G1 virtual space
# Possible reasons:
#   The system is out of physical RAM or swap space
#   This process is running with CompressedOops enabled, and the Java Heap may be blocking the growth of the native heap
# Possible solutions:
#   Reduce memory load on the system
#   Increase physical memory or swap space
#   Check if swap backing store is full
#   Decrease Java heap size (-Xmx/-Xms)
#   Decrease number of Java threads
#   Decrease Java thread stack sizes (-Xss)
#   Set larger code cache with -XX:ReservedCodeCacheSize=
#   JVM is running with Zero Based Compressed Oops mode in which the Java heap is
#     placed in the first 32GB address space. The Java Heap base address is the
#     maximum limit for the native heap growth. Please use -XX:HeapBaseMinAddress
#     to set the Java Heap base and to place the Java Heap above 32GB virtual address.
# This output file may be truncated or incomplete.
#
#  Out of Memory Error (os_windows.cpp:3736), pid=18900, tid=13440
#
# JRE version: OpenJDK Runtime Environment Microsoft-11369940 (21.0.7+6) (build 21.0.7+6-LTS)
# Java VM: OpenJDK 64-Bit Server VM Microsoft-11369940 (21.0.7+6-LTS, mixed mode, sharing, tiered, compressed oops, compressed class ptrs, g1 gc, windows-amd64)
# No core dump will be written. Minidumps are not enabled by default on client versions of Windows
#

---------------  S U M M A R Y ------------

Command Line: -Dstdout.encoding=UTF-8 -Dstderr.encoding=UTF-8 --add-opens=java.base/java.lang=ALL-UNNAMED --add-opens=java.base/java.lang.invoke=ALL-UNNAMED --add-opens=java.base/java.util=ALL-UNNAMED --add-opens=java.prefs/java.util.prefs=ALL-UNNAMED --add-exports=jdk.compiler/com.sun.tools.javac.api=ALL-UNNAMED --add-exports=jdk.compiler/com.sun.tools.javac.util=ALL-UNNAMED --add-opens=java.base/java.util=ALL-UNNAMED --add-opens=java.prefs/java.util.prefs=ALL-UNNAMED --add-opens=java.base/java.nio.charset=ALL-UNNAMED --add-opens=java.base/java.net=ALL-UNNAMED --add-opens=java.base/java.util.concurrent.atomic=ALL-UNNAMED --add-opens=java.xml/javax.xml.namespace=ALL-UNNAMED -XX:MaxMetaspaceSize=512m -Xmx4096m -Dfile.encoding=UTF-8 -Duser.country=IN -Duser.language=en -Duser.variant -javaagent:C:\Users\manon\.gradle\wrapper\dists\gradle-8.14.3-bin\cv11ve7ro1n3o1j4so8xd9n66\gradle-8.14.3\lib\agents\gradle-instrumentation-agent-8.14.3.jar org.gradle.launcher.daemon.bootstrap.GradleDaemon 8.14.3

Host: 12th Gen Intel(R) Core(TM) i5-1235U, 12 cores, 7G,  Windows 11 , 64 bit Build 26100 (10.0.26100.5074)
Time: Sun Oct 12 13:28:43 2025 India Standard Time elapsed time: 494.432291 seconds (0d 0h 8m 14s)

---------------  T H R E A D  ---------------

Current thread (0x000001dc7232a010):  VMThread "VM Thread"          [id=13440, stack(0x000000809e100000,0x000000809e200000) (1024K)]

Stack: [0x000000809e100000,0x000000809e200000]
Native frames: (J=compiled Java code, j=interpreted, Vv=VM code, C=native code)
V  [jvm.dll+0x6d4bb9]
V  [jvm.dll+0x8afa11]
V  [jvm.dll+0x8b1f3e]
V  [jvm.dll+0x8b2623]
V  [jvm.dll+0x280816]
V  [jvm.dll+0x6d1385]
V  [jvm.dll+0x6c552a]
V  [jvm.dll+0x35b978]
V  [jvm.dll+0x3635f6]
V  [jvm.dll+0x3b4b9e]
V  [jvm.dll+0x3b4e48]
V  [jvm.dll+0x32f9bc]
V  [jvm.dll+0x332216]
V  [jvm.dll+0x33c418]
V  [jvm.dll+0x371bbf]
V  [jvm.dll+0x8b834f]
V  [jvm.dll+0x8b9704]
V  [jvm.dll+0x8b9c40]
V  [jvm.dll+0x8b9ee3]
V  [jvm.dll+0x85916b]
V  [jvm.dll+0x6d327d]
C  [ucrtbase.dll+0x37b0]
C  [KERNEL32.DLL+0x2e8d7]
C  [ntdll.dll+0x8d9c]

VM_Operation (0x000000809dcff5f0): G1PauseRemark, mode: safepoint, requested by thread 0x000001dc534b7550


---------------  P R O C E S S  ---------------

Threads class SMR info:
_java_thread_list=0x000001dc219f8f10, length=227, elements={
0x000001dc5107a140, 0x000001dc72345e10, 0x000001dc72346960, 0x000001dc723476e0,
0x000001dc7234b680, 0x000001dc7234c6e0, 0x000001dc7234fa70, 0x000001dc72354420,
0x000001dc723573f0, 0x000001dc770b90a0, 0x000001dc77232100, 0x000001dc77fabb60,
0x000001dc77fac1f0, 0x000001dc77fac880, 0x000001dc78ba2210, 0x000001dc78ba28a0,
0x000001dc78b9fab0, 0x000001dc78ba5d20, 0x000001dc78ba63b0, 0x000001dc78ba35c0,
0x000001dc78ba70d0, 0x000001dc794ca1e0, 0x000001dc7a5376f0, 0x000001dc7a539130,
0x000001dc7a539e50, 0x000001dc7a537060, 0x000001dc7a537d80, 0x000001dc794ca870,
0x000001dc794cc940, 0x000001dc7b978e10, 0x000001dc7b97bc00, 0x000001dc7bc69e30,
0x000001dc7bc6a4c0, 0x000001dc7bc6ab50, 0x000001dc7bc6ecf0, 0x000001dc7bc6b870,
0x000001dc7b4759b0, 0x000001dc7b476040, 0x000001dc7e5dee90, 0x000001dc7eb19f90,
0x000001dc7bc70dc0, 0x000001dc22c393b0, 0x000001dc23588ef0, 0x000001dc2358a2a0,
0x000001dc23589c10, 0x000001dc2358a930, 0x000001dc240e7990, 0x000001dc7bc6fa10,
0x000001dc7bc72170, 0x000001dc7bc73bb0, 0x000001dc20d3ce50, 0x000001dc7bc74240,
0x000001dc7bc71ae0, 0x000001dc7bc76310, 0x000001dc7bc77030, 0x000001dc7bc748d0,
0x000001dc7bc769a0, 0x000001dc7bc77d50, 0x000001dc7bc776c0, 0x000001dc215d76b0,
0x000001dc215d7d40, 0x000001dc215d6300, 0x000001dc215d83d0, 0x000001dc215d55e0,
0x000001dc215d6990, 0x000001dc240887c0, 0x000001dc24088e50, 0x000001dc2408af20,
0x000001dc24089b70, 0x000001dc2408b5b0, 0x000001dc2408a200, 0x000001dc2408a890,
0x000001dc794d30b0, 0x000001dc794d1670, 0x000001dc7bc74f60, 0x000001dc7bc783e0,
0x000001dc7bc78a70, 0x000001dc7bc75c80, 0x000001dc7bc79100, 0x000001dc7b971160,
0x000001dc213d1ac0, 0x000001dc213d4220, 0x000001dc2408bc40, 0x000001dc240894e0,
0x000001dc20acd7d0, 0x000001dc20accab0, 0x000001dc213d2150, 0x000001dc7e93eab0,
0x000001dc20aca9e0, 0x000001dc240e86b0, 0x000001dc240e93d0, 0x000001dc240e9a60,
0x000001dc240e8d40, 0x000001dc240ea0f0, 0x000001dc240e6c70, 0x000001dc240e7300,
0x000001dc22cf6880, 0x000001dc22cf8fe0, 0x000001dc22cf6f10, 0x000001dc22cf8950,
0x000001dc7da88b60, 0x000001dc7da877b0, 0x000001dc21287530, 0x000001dc21288250,
0x000001dc21286ea0, 0x000001dc212888e0, 0x000001dc21289600, 0x000001dc21289c90,
0x000001dc2128a320, 0x000001dc1f83dfe0, 0x000001dc1f83f390, 0x000001dc1f840dd0,
0x000001dc1f8400b0, 0x000001dc1f83e670, 0x000001dc1f841460, 0x000001dc1f83ed00,
0x000001dc1f83fa20, 0x000001dc1f840740, 0x000001dc20e71900, 0x000001dc20e72620,
0x000001dc20e71f90, 0x000001dc20e70550, 0x000001dc20e72cb0, 0x000001dc20e6f830,
0x000001dc20e6fec0, 0x000001dc20e70be0, 0x000001dc20e71270, 0x000001dc21ffb540,
0x000001dc21ffa190, 0x000001dc21ffa820, 0x000001dc21ffaeb0, 0x000001dc21ff80c0,
0x000001dc203744b0, 0x000001dc20375ef0, 0x000001dc20376580, 0x000001dc20376c10,
0x000001dc20375860, 0x000001dc20aca350, 0x000001dc20acd140, 0x000001dc20acb070,
0x000001dc20acb700, 0x000001dc20acbd90, 0x000001dc7e940b80, 0x000001dc7e93e420,
0x000001dc7df6cf80, 0x000001dc21546a40, 0x000001dc21548b10, 0x000001dc215470d0,
0x000001dc21547df0, 0x000001dc21549830, 0x000001dc7b970440, 0x000001dc7b971e80,
0x000001dc7b973230, 0x000001dc7b9717f0, 0x000001dc20d3ad80, 0x000001dc20d3a6f0,
0x000001dc20d3baa0, 0x000001dc20d3b410, 0x000001dc20d3a060, 0x000001dc20d3c7c0,
0x000001dc20d3c130, 0x000001dc224f7880, 0x000001dc224f4400, 0x000001dc224f5120,
0x000001dc224f71f0, 0x000001dc794d2390, 0x000001dc794d1d00, 0x000001dc794d2a20,
0x000001dc794d4af0, 0x000001dc794d3740, 0x000001dc22c61570, 0x000001dc22c61c00,
0x000001dc22c5f4a0, 0x000001dc22c62290, 0x000001dc22c5fb30, 0x000001dc22c62920,
0x000001dc22c601c0, 0x000001dc22c60850, 0x000001dc21548480, 0x000001dc21547760,
0x000001dc21549ec0, 0x000001dc7eb1b340, 0x000001dc7eb1b9d0, 0x000001dc7eb18550,
0x000001dc7eb18be0, 0x000001dc22752fb0, 0x000001dc22751c00, 0x000001dc22752920,
0x000001dc22753640, 0x000001dc224f4a90, 0x000001dc7eb19270, 0x000001dc7eb19900,
0x000001dc22750ee0, 0x000001dc22751570, 0x000001dc22753cd0, 0x000001dc22754360,
0x000001dc7ea126b0, 0x000001dc20acc420, 0x000001dc20b56710, 0x000001dc20b59500,
0x000001dc231959d0, 0x000001dc224f57b0, 0x000001dc72231ba0, 0x000001dc20b99de0,
0x000001dc20b983a0, 0x000001dc20b9ab00, 0x000001dc20b9a470, 0x000001dc20b990c0,
0x000001dc20b98a30, 0x000001dc20b9b190, 0x000001dc20b9b820, 0x000001dc794c6040,
0x000001dc794c8e30, 0x000001dc794c9b50, 0x000001dc21ff9470, 0x000001dc22cf7c30,
0x000001dc22cf5b60, 0x000001dc22cf82c0, 0x000001dc22c3b480, 0x000001dc22c39a40,
0x000001dc22c3a0d0, 0x000001dc23192be0, 0x000001dc23193270, 0x000001dc213d27e0,
0x000001dc213d0da0, 0x000001dc213d2e70, 0x000001dc23193900
}

Java Threads: ( => current thread )
  0x000001dc5107a140 JavaThread "main"                              [_thread_blocked, id=11500, stack(0x000000809da00000,0x000000809db00000) (1024K)]
  0x000001dc72345e10 JavaThread "Reference Handler"          daemon [_thread_blocked, id=15600, stack(0x000000809e200000,0x000000809e300000) (1024K)]
  0x000001dc72346960 JavaThread "Finalizer"                  daemon [_thread_blocked, id=7856, stack(0x000000809e300000,0x000000809e400000) (1024K)]
  0x000001dc723476e0 JavaThread "Signal Dispatcher"          daemon [_thread_blocked, id=7276, stack(0x000000809e400000,0x000000809e500000) (1024K)]
  0x000001dc7234b680 JavaThread "Attach Listener"            daemon [_thread_blocked, id=10428, stack(0x000000809e500000,0x000000809e600000) (1024K)]
  0x000001dc7234c6e0 JavaThread "Service Thread"             daemon [_thread_blocked, id=18072, stack(0x000000809e600000,0x000000809e700000) (1024K)]
  0x000001dc7234fa70 JavaThread "Monitor Deflation Thread"   daemon [_thread_blocked, id=20532, stack(0x000000809e700000,0x000000809e800000) (1024K)]
  0x000001dc72354420 JavaThread "C2 CompilerThread0"         daemon [_thread_blocked, id=17856, stack(0x000000809e800000,0x000000809e900000) (1024K)]
  0x000001dc723573f0 JavaThread "C1 CompilerThread0"         daemon [_thread_blocked, id=12520, stack(0x000000809e900000,0x000000809ea00000) (1024K)]
  0x000001dc770b90a0 JavaThread "Common-Cleaner"             daemon [_thread_blocked, id=19396, stack(0x000000809ea00000,0x000000809eb00000) (1024K)]
  0x000001dc77232100 JavaThread "Notification Thread"        daemon [_thread_blocked, id=19136, stack(0x000000809ec00000,0x000000809ed00000) (1024K)]
  0x000001dc77fabb60 JavaThread "Daemon health stats"               [_thread_blocked, id=19844, stack(0x000000809f000000,0x000000809f100000) (1024K)]
  0x000001dc77fac1f0 JavaThread "Incoming local TCP Connector on port 1067"        [_thread_in_native, id=5408, stack(0x000000809f100000,0x000000809f200000) (1024K)]
  0x000001dc77fac880 JavaThread "Daemon periodic checks"            [_thread_blocked, id=10388, stack(0x000000809f300000,0x000000809f400000) (1024K)]
  0x000001dc78ba2210 JavaThread "Cache worker for journal cache (C:\Users\manon\.gradle\caches\journal-1)"        [_thread_blocked, id=16592, stack(0x00000080a0000000,0x00000080a0100000) (1024K)]
  0x000001dc78ba28a0 JavaThread "File lock request listener"        [_thread_in_native, id=16128, stack(0x00000080a0100000,0x00000080a0200000) (1024K)]
  0x000001dc78b9fab0 JavaThread "Cache worker for file hash cache (C:\Users\manon\.gradle\caches\8.14.3\fileHashes)"        [_thread_blocked, id=16784, stack(0x00000080a0200000,0x00000080a0300000) (1024K)]
  0x000001dc78ba5d20 JavaThread "File watcher server"        daemon [_thread_blocked, id=17472, stack(0x00000080a0800000,0x00000080a0900000) (1024K)]
  0x000001dc78ba63b0 JavaThread "File watcher consumer"      daemon [_thread_blocked, id=22416, stack(0x00000080a0900000,0x00000080a0a00000) (1024K)]
  0x000001dc78ba35c0 JavaThread "jar transforms"                    [_thread_blocked, id=12720, stack(0x00000080a0a00000,0x00000080a0b00000) (1024K)]
  0x000001dc78ba70d0 JavaThread "Cache worker for file content cache (C:\Users\manon\.gradle\caches\8.14.3\fileContent)"        [_thread_blocked, id=7944, stack(0x00000080a0c00000,0x00000080a0d00000) (1024K)]
  0x000001dc794ca1e0 JavaThread "Memory manager"                    [_thread_blocked, id=22236, stack(0x00000080a3700000,0x00000080a3800000) (1024K)]
  0x000001dc7a5376f0 JavaThread "ForkJoinPool.commonPool-worker-1" daemon [_thread_blocked, id=14248, stack(0x00000080a3900000,0x00000080a3a00000) (1024K)]
  0x000001dc7a539130 JavaThread "ForkJoinPool.commonPool-worker-4" daemon [_thread_blocked, id=15900, stack(0x00000080a3c00000,0x00000080a3d00000) (1024K)]
  0x000001dc7a539e50 JavaThread "ForkJoinPool.commonPool-worker-7" daemon [_thread_blocked, id=1548, stack(0x00000080a3e00000,0x00000080a3f00000) (1024K)]
  0x000001dc7a537060 JavaThread "ForkJoinPool.commonPool-worker-6" daemon [_thread_blocked, id=7448, stack(0x00000080a3f00000,0x00000080a4000000) (1024K)]
  0x000001dc7a537d80 JavaThread "ForkJoinPool.commonPool-worker-8" daemon [_thread_blocked, id=16772, stack(0x00000080a4000000,0x00000080a4100000) (1024K)]
  0x000001dc794ca870 JavaThread "ForkJoinPool.commonPool-worker-9" daemon [_thread_blocked, id=16708, stack(0x00000080a4100000,0x00000080a4200000) (1024K)]
  0x000001dc794cc940 JavaThread "ForkJoinPool.commonPool-worker-10" daemon [_thread_blocked, id=5588, stack(0x00000080a4200000,0x00000080a4300000) (1024K)]
  0x000001dc7b978e10 JavaThread "jar transforms Thread 2"           [_thread_blocked, id=14528, stack(0x00000080a9e00000,0x00000080a9f00000) (1024K)]
  0x000001dc7b97bc00 JavaThread "jar transforms Thread 3"           [_thread_blocked, id=15128, stack(0x00000080a5100000,0x00000080a5200000) (1024K)]
  0x000001dc7bc69e30 JavaThread "jar transforms Thread 4"           [_thread_blocked, id=14508, stack(0x00000080aa500000,0x00000080aa600000) (1024K)]
  0x000001dc7bc6a4c0 JavaThread "jar transforms Thread 5"           [_thread_blocked, id=12632, stack(0x00000080aa600000,0x00000080aa700000) (1024K)]
  0x000001dc7bc6ab50 JavaThread "jar transforms Thread 6"           [_thread_blocked, id=17336, stack(0x00000080aa700000,0x00000080aa800000) (1024K)]
  0x000001dc7bc6ecf0 JavaThread "jar transforms Thread 7"           [_thread_blocked, id=11700, stack(0x00000080aaa00000,0x00000080aab00000) (1024K)]
  0x000001dc7bc6b870 JavaThread "jar transforms Thread 8"           [_thread_blocked, id=2020, stack(0x00000080aab00000,0x00000080aac00000) (1024K)]
  0x000001dc7b4759b0 JavaThread "jar transforms Thread 9"           [_thread_blocked, id=20728, stack(0x00000080aac00000,0x00000080aad00000) (1024K)]
  0x000001dc7b476040 JavaThread "jar transforms Thread 10"          [_thread_blocked, id=10212, stack(0x00000080aad00000,0x00000080aae00000) (1024K)]
  0x000001dc7e5dee90 JavaThread "jar transforms Thread 11"          [_thread_blocked, id=15952, stack(0x00000080aae00000,0x00000080aaf00000) (1024K)]
  0x000001dc7eb19f90 JavaThread "jar transforms Thread 12"          [_thread_blocked, id=15320, stack(0x00000080aaf00000,0x00000080ab000000) (1024K)]
  0x000001dc7bc70dc0 JavaThread "ForkJoinPool.commonPool-worker-12" daemon [_thread_blocked, id=6324, stack(0x00000080a4300000,0x00000080a4400000) (1024K)]
  0x000001dc22c393b0 JavaThread "Cache worker for Java compile cache (C:\Users\manon\.gradle\caches\8.14.3\javaCompile)"        [_thread_blocked, id=8132, stack(0x00000080ab000000,0x00000080ab100000) (1024K)]
  0x000001dc23588ef0 JavaThread "RMI Scheduler(0)"           daemon [_thread_blocked, id=19480, stack(0x00000080aa900000,0x00000080aaa00000) (1024K)]
  0x000001dc2358a2a0 JavaThread "RMI GC Daemon"              daemon [_thread_blocked, id=2680, stack(0x00000080ab200000,0x00000080ab300000) (1024K)]
  0x000001dc23589c10 JavaThread "RMI TCP Accept-0"           daemon [_thread_in_native, id=8196, stack(0x00000080ab300000,0x00000080ab400000) (1024K)]
  0x000001dc2358a930 JavaThread "RMI Reaper"                        [_thread_blocked, id=20368, stack(0x00000080ab400000,0x00000080ab500000) (1024K)]
  0x000001dc240e7990 JavaThread "Daemon Thread 3"                   [_thread_blocked, id=15204, stack(0x000000809d700000,0x000000809d800000) (1024K)]
  0x000001dc7bc6fa10 JavaThread "Handler for socket connection from /127.0.0.1:1067 to /127.0.0.1:42072"        [_thread_in_native, id=12532, stack(0x000000809d800000,0x000000809d900000) (1024K)]
  0x000001dc7bc72170 JavaThread "Cancel handler"                    [_thread_blocked, id=19788, stack(0x000000809d900000,0x000000809da00000) (1024K)]
  0x000001dc7bc73bb0 JavaThread "Daemon worker Thread 3"            [_thread_blocked, id=21100, stack(0x000000809f200000,0x000000809f300000) (1024K)]
  0x000001dc20d3ce50 JavaThread "Asynchronous log dispatcher for DefaultDaemonConnection: socket connection from /127.0.0.1:1067 to /127.0.0.1:42072"        [_thread_blocked, id=16864, stack(0x000000809f400000,0x000000809f500000) (1024K)]
  0x000001dc7bc74240 JavaThread "Stdin handler"                     [_thread_blocked, id=2724, stack(0x000000809f500000,0x000000809f600000) (1024K)]
  0x000001dc7bc71ae0 JavaThread "Daemon client event forwarder"        [_thread_blocked, id=13800, stack(0x000000809fb00000,0x000000809fc00000) (1024K)]
  0x000001dc7bc76310 JavaThread "Cache worker for file hash cache (C:\Users\manon\OneDrive\Desktop\sentinel\android\.gradle\8.14.3\fileHashes)"        [_thread_blocked, id=400, stack(0x000000809fc00000,0x000000809fd00000) (1024K)]
  0x000001dc7bc77030 JavaThread "Cache worker for Build Output Cleanup Cache (C:\Users\manon\OneDrive\Desktop\sentinel\android\.gradle\buildOutputCleanup)"        [_thread_blocked, id=12456, stack(0x000000809fd00000,0x000000809fe00000) (1024K)]
  0x000001dc7bc748d0 JavaThread "Cache worker for checksums cache (C:\Users\manon\OneDrive\Desktop\sentinel\android\.gradle\8.14.3\checksums)"        [_thread_blocked, id=21352, stack(0x000000809fe00000,0x000000809ff00000) (1024K)]
  0x000001dc7bc769a0 JavaThread "Cache worker for cache directory md-supplier (C:\Users\manon\.gradle\caches\8.14.3\md-supplier)"        [_thread_blocked, id=12420, stack(0x000000809ff00000,0x00000080a0000000) (1024K)]
  0x000001dc7bc77d50 JavaThread "Cache worker for cache directory md-rule (C:\Users\manon\.gradle\caches\8.14.3\md-rule)"        [_thread_blocked, id=10588, stack(0x00000080a0300000,0x00000080a0400000) (1024K)]
  0x000001dc7bc776c0 JavaThread "Cache worker for Build Output Cleanup Cache (C:\Users\manon\OneDrive\Desktop\sentinel\node_modules\@react-native\gradle-plugin\.gradle\buildOutputCleanup)"        [_thread_blocked, id=19348, stack(0x00000080a0600000,0x00000080a0700000) (1024K)]
  0x000001dc215d76b0 JavaThread "Unconstrained build operations"        [_thread_blocked, id=16032, stack(0x00000080a0700000,0x00000080a0800000) (1024K)]
  0x000001dc215d7d40 JavaThread "Unconstrained build operations Thread 2"        [_thread_blocked, id=4432, stack(0x00000080a0b00000,0x00000080a0c00000) (1024K)]
  0x000001dc215d6300 JavaThread "Unconstrained build operations Thread 3"        [_thread_blocked, id=6124, stack(0x00000080a0d00000,0x00000080a0e00000) (1024K)]
  0x000001dc215d83d0 JavaThread "Unconstrained build operations Thread 4"        [_thread_blocked, id=18760, stack(0x00000080a0e00000,0x00000080a0f00000) (1024K)]
  0x000001dc215d55e0 JavaThread "Unconstrained build operations Thread 5"        [_thread_blocked, id=8560, stack(0x00000080a1000000,0x00000080a1100000) (1024K)]
  0x000001dc215d6990 JavaThread "Unconstrained build operations Thread 6"        [_thread_blocked, id=18288, stack(0x00000080a1100000,0x00000080a1200000) (1024K)]
  0x000001dc240887c0 JavaThread "Unconstrained build operations Thread 7"        [_thread_blocked, id=2376, stack(0x00000080a1200000,0x00000080a1300000) (1024K)]
  0x000001dc24088e50 JavaThread "Unconstrained build operations Thread 8"        [_thread_blocked, id=3124, stack(0x00000080a1300000,0x00000080a1400000) (1024K)]
  0x000001dc2408af20 JavaThread "Unconstrained build operations Thread 9"        [_thread_blocked, id=18488, stack(0x00000080a1400000,0x00000080a1500000) (1024K)]
  0x000001dc24089b70 JavaThread "Unconstrained build operations Thread 10"        [_thread_blocked, id=14280, stack(0x00000080a1500000,0x00000080a1600000) (1024K)]
  0x000001dc2408b5b0 JavaThread "Unconstrained build operations Thread 11"        [_thread_blocked, id=22084, stack(0x00000080a1600000,0x00000080a1700000) (1024K)]
  0x000001dc2408a200 JavaThread "Unconstrained build operations Thread 12"        [_thread_blocked, id=3528, stack(0x00000080a1700000,0x00000080a1800000) (1024K)]
  0x000001dc2408a890 JavaThread "Unconstrained build operations Thread 13"        [_thread_blocked, id=10956, stack(0x00000080a1800000,0x00000080a1900000) (1024K)]
  0x000001dc794d30b0 JavaThread "Unconstrained build operations Thread 14"        [_thread_blocked, id=3660, stack(0x00000080a1900000,0x00000080a1a00000) (1024K)]
  0x000001dc794d1670 JavaThread "Unconstrained build operations Thread 15"        [_thread_blocked, id=18160, stack(0x00000080a1a00000,0x00000080a1b00000) (1024K)]
  0x000001dc7bc74f60 JavaThread "Unconstrained build operations Thread 16"        [_thread_blocked, id=16560, stack(0x00000080a1b00000,0x00000080a1c00000) (1024K)]
  0x000001dc7bc783e0 JavaThread "Unconstrained build operations Thread 17"        [_thread_blocked, id=13468, stack(0x00000080a1c00000,0x00000080a1d00000) (1024K)]
  0x000001dc7bc78a70 JavaThread "Unconstrained build operations Thread 18"        [_thread_blocked, id=4700, stack(0x00000080a1d00000,0x00000080a1e00000) (1024K)]
  0x000001dc7bc75c80 JavaThread "Unconstrained build operations Thread 19"        [_thread_blocked, id=17364, stack(0x00000080a1e00000,0x00000080a1f00000) (1024K)]
  0x000001dc7bc79100 JavaThread "Unconstrained build operations Thread 20"        [_thread_blocked, id=15248, stack(0x00000080a1f00000,0x00000080a2000000) (1024K)]
  0x000001dc7b971160 JavaThread "Unconstrained build operations Thread 21"        [_thread_blocked, id=5700, stack(0x00000080a2000000,0x00000080a2100000) (1024K)]
  0x000001dc213d1ac0 JavaThread "Unconstrained build operations Thread 22"        [_thread_blocked, id=21912, stack(0x00000080a2100000,0x00000080a2200000) (1024K)]
  0x000001dc213d4220 JavaThread "Unconstrained build operations Thread 23"        [_thread_blocked, id=18328, stack(0x00000080a2200000,0x00000080a2300000) (1024K)]
  0x000001dc2408bc40 JavaThread "Unconstrained build operations Thread 24"        [_thread_blocked, id=8252, stack(0x00000080a2300000,0x00000080a2400000) (1024K)]
  0x000001dc240894e0 JavaThread "Unconstrained build operations Thread 25"        [_thread_blocked, id=20868, stack(0x00000080a2400000,0x00000080a2500000) (1024K)]
  0x000001dc20acd7d0 JavaThread "Unconstrained build operations Thread 26"        [_thread_blocked, id=1836, stack(0x00000080a2500000,0x00000080a2600000) (1024K)]
  0x000001dc20accab0 JavaThread "build event listener"              [_thread_blocked, id=21812, stack(0x00000080a2600000,0x00000080a2700000) (1024K)]
  0x000001dc213d2150 JavaThread "ForkJoinPool.commonPool-worker-14" daemon [_thread_blocked, id=7724, stack(0x00000080a2700000,0x00000080a2800000) (1024K)]
  0x000001dc7e93eab0 JavaThread "ForkJoinPool.commonPool-worker-15" daemon [_thread_blocked, id=22076, stack(0x00000080a2800000,0x00000080a2900000) (1024K)]
  0x000001dc20aca9e0 JavaThread "included builds"                   [_thread_blocked, id=17204, stack(0x00000080a2900000,0x00000080a2a00000) (1024K)]
  0x000001dc240e86b0 JavaThread "Execution worker"                  [_thread_blocked, id=14836, stack(0x00000080a2a00000,0x00000080a2b00000) (1024K)]
  0x000001dc240e93d0 JavaThread "Execution worker Thread 2"         [_thread_blocked, id=20036, stack(0x00000080a2b00000,0x00000080a2c00000) (1024K)]
  0x000001dc240e9a60 JavaThread "Execution worker Thread 3"         [_thread_blocked, id=9336, stack(0x00000080a2c00000,0x00000080a2d00000) (1024K)]
  0x000001dc240e8d40 JavaThread "Execution worker Thread 4"         [_thread_blocked, id=17044, stack(0x00000080a2d00000,0x00000080a2e00000) (1024K)]
  0x000001dc240ea0f0 JavaThread "Execution worker Thread 5"         [_thread_blocked, id=5756, stack(0x00000080a2e00000,0x00000080a2f00000) (1024K)]
  0x000001dc240e6c70 JavaThread "Execution worker Thread 6"         [_thread_blocked, id=7936, stack(0x00000080a2f00000,0x00000080a3000000) (1024K)]
  0x000001dc240e7300 JavaThread "Execution worker Thread 7"         [_thread_blocked, id=1116, stack(0x00000080a3000000,0x00000080a3100000) (1024K)]
  0x000001dc22cf6880 JavaThread "Execution worker Thread 8"         [_thread_blocked, id=4908, stack(0x00000080a3100000,0x00000080a3200000) (1024K)]
  0x000001dc22cf8fe0 JavaThread "Execution worker Thread 9"         [_thread_blocked, id=20140, stack(0x00000080a3200000,0x00000080a3300000) (1024K)]
  0x000001dc22cf6f10 JavaThread "Execution worker Thread 10"        [_thread_blocked, id=12460, stack(0x00000080a3300000,0x00000080a3400000) (1024K)]
  0x000001dc22cf8950 JavaThread "Execution worker Thread 11"        [_thread_blocked, id=9604, stack(0x00000080a3400000,0x00000080a3500000) (1024K)]
  0x000001dc7da88b60 JavaThread "Cache worker for execution history cache (C:\Users\manon\OneDrive\Desktop\sentinel\node_modules\@react-native\gradle-plugin\.gradle\8.14.3\executionHistory)"        [_thread_blocked, id=21624, stack(0x00000080a3500000,0x00000080a3600000) (1024K)]
  0x000001dc7da877b0 JavaThread "Unconstrained build operations Thread 27"        [_thread_blocked, id=14860, stack(0x00000080a3600000,0x00000080a3700000) (1024K)]
  0x000001dc21287530 JavaThread "Unconstrained build operations Thread 28"        [_thread_blocked, id=7536, stack(0x00000080a3800000,0x00000080a3900000) (1024K)]
  0x000001dc21288250 JavaThread "Unconstrained build operations Thread 29"        [_thread_blocked, id=20452, stack(0x00000080a3a00000,0x00000080a3b00000) (1024K)]
  0x000001dc21286ea0 JavaThread "Unconstrained build operations Thread 30"        [_thread_blocked, id=9852, stack(0x00000080a3b00000,0x00000080a3c00000) (1024K)]
  0x000001dc212888e0 JavaThread "Unconstrained build operations Thread 31"        [_thread_blocked, id=7264, stack(0x00000080a3d00000,0x00000080a3e00000) (1024K)]
  0x000001dc21289600 JavaThread "Unconstrained build operations Thread 32"        [_thread_blocked, id=8376, stack(0x00000080a4400000,0x00000080a4500000) (1024K)]
  0x000001dc21289c90 JavaThread "Unconstrained build operations Thread 33"        [_thread_blocked, id=8200, stack(0x00000080a4500000,0x00000080a4600000) (1024K)]
  0x000001dc2128a320 JavaThread "Unconstrained build operations Thread 34"        [_thread_blocked, id=11876, stack(0x00000080a4600000,0x00000080a4700000) (1024K)]
  0x000001dc1f83dfe0 JavaThread "Unconstrained build operations Thread 35"        [_thread_blocked, id=17992, stack(0x00000080a4700000,0x00000080a4800000) (1024K)]
  0x000001dc1f83f390 JavaThread "Unconstrained build operations Thread 36"        [_thread_blocked, id=14744, stack(0x00000080a4800000,0x00000080a4900000) (1024K)]
  0x000001dc1f840dd0 JavaThread "Unconstrained build operations Thread 37"        [_thread_blocked, id=13532, stack(0x00000080a4900000,0x00000080a4a00000) (1024K)]
  0x000001dc1f8400b0 JavaThread "Unconstrained build operations Thread 38"        [_thread_blocked, id=2960, stack(0x00000080a4a00000,0x00000080a4b00000) (1024K)]
  0x000001dc1f83e670 JavaThread "Unconstrained build operations Thread 39"        [_thread_blocked, id=1968, stack(0x00000080a4b00000,0x00000080a4c00000) (1024K)]
  0x000001dc1f841460 JavaThread "Unconstrained build operations Thread 40"        [_thread_blocked, id=8644, stack(0x00000080a4c00000,0x00000080a4d00000) (1024K)]
  0x000001dc1f83ed00 JavaThread "Unconstrained build operations Thread 41"        [_thread_blocked, id=228, stack(0x00000080a4d00000,0x00000080a4e00000) (1024K)]
  0x000001dc1f83fa20 JavaThread "Unconstrained build operations Thread 42"        [_thread_blocked, id=12860, stack(0x00000080a4e00000,0x00000080a4f00000) (1024K)]
  0x000001dc1f840740 JavaThread "Unconstrained build operations Thread 43"        [_thread_blocked, id=4328, stack(0x00000080a4f00000,0x00000080a5000000) (1024K)]
  0x000001dc20e71900 JavaThread "Unconstrained build operations Thread 44"        [_thread_blocked, id=4264, stack(0x00000080a5000000,0x00000080a5100000) (1024K)]
  0x000001dc20e72620 JavaThread "Unconstrained build operations Thread 45"        [_thread_blocked, id=6228, stack(0x00000080a5200000,0x00000080a5300000) (1024K)]
  0x000001dc20e71f90 JavaThread "Unconstrained build operations Thread 46"        [_thread_blocked, id=21648, stack(0x00000080a5300000,0x00000080a5400000) (1024K)]
  0x000001dc20e70550 JavaThread "Unconstrained build operations Thread 47"        [_thread_blocked, id=13528, stack(0x00000080a0f00000,0x00000080a1000000) (1024K)]
  0x000001dc20e72cb0 JavaThread "Unconstrained build operations Thread 48"        [_thread_blocked, id=20916, stack(0x00000080a5400000,0x00000080a5500000) (1024K)]
  0x000001dc20e6f830 JavaThread "Unconstrained build operations Thread 49"        [_thread_blocked, id=9964, stack(0x00000080a5500000,0x00000080a5600000) (1024K)]
  0x000001dc20e6fec0 JavaThread "Unconstrained build operations Thread 50"        [_thread_blocked, id=14184, stack(0x00000080a5600000,0x00000080a5700000) (1024K)]
  0x000001dc20e70be0 JavaThread "Unconstrained build operations Thread 51"        [_thread_blocked, id=5292, stack(0x00000080a5700000,0x00000080a5800000) (1024K)]
  0x000001dc20e71270 JavaThread "Unconstrained build operations Thread 52"        [_thread_blocked, id=13428, stack(0x00000080a5800000,0x00000080a5900000) (1024K)]
  0x000001dc21ffb540 JavaThread "Unconstrained build operations Thread 53"        [_thread_blocked, id=20612, stack(0x00000080a5900000,0x00000080a5a00000) (1024K)]
  0x000001dc21ffa190 JavaThread "Unconstrained build operations Thread 54"        [_thread_blocked, id=14204, stack(0x00000080a5a00000,0x00000080a5b00000) (1024K)]
  0x000001dc21ffa820 JavaThread "Unconstrained build operations Thread 55"        [_thread_blocked, id=15864, stack(0x00000080a5b00000,0x00000080a5c00000) (1024K)]
  0x000001dc21ffaeb0 JavaThread "Unconstrained build operations Thread 56"        [_thread_blocked, id=3532, stack(0x00000080a5c00000,0x00000080a5d00000) (1024K)]
  0x000001dc21ff80c0 JavaThread "Unconstrained build operations Thread 57"        [_thread_blocked, id=13940, stack(0x00000080a5d00000,0x00000080a5e00000) (1024K)]
  0x000001dc203744b0 JavaThread "Unconstrained build operations Thread 58"        [_thread_blocked, id=4696, stack(0x00000080a5e00000,0x00000080a5f00000) (1024K)]
  0x000001dc20375ef0 JavaThread "Unconstrained build operations Thread 59"        [_thread_blocked, id=18356, stack(0x00000080a5f00000,0x00000080a6000000) (1024K)]
  0x000001dc20376580 JavaThread "Unconstrained build operations Thread 60"        [_thread_blocked, id=14400, stack(0x00000080a6000000,0x00000080a6100000) (1024K)]
  0x000001dc20376c10 JavaThread "Unconstrained build operations Thread 61"        [_thread_blocked, id=1480, stack(0x00000080a6100000,0x00000080a6200000) (1024K)]
  0x000001dc20375860 JavaThread "Unconstrained build operations Thread 62"        [_thread_blocked, id=18676, stack(0x00000080a6200000,0x00000080a6300000) (1024K)]
  0x000001dc20aca350 JavaThread "Unconstrained build operations Thread 63"        [_thread_blocked, id=13024, stack(0x00000080a6300000,0x00000080a6400000) (1024K)]
  0x000001dc20acd140 JavaThread "Unconstrained build operations Thread 64"        [_thread_blocked, id=19040, stack(0x00000080a6400000,0x00000080a6500000) (1024K)]
  0x000001dc20acb070 JavaThread "Unconstrained build operations Thread 65"        [_thread_blocked, id=5780, stack(0x00000080a6500000,0x00000080a6600000) (1024K)]
  0x000001dc20acb700 JavaThread "Unconstrained build operations Thread 66"        [_thread_blocked, id=22380, stack(0x00000080a6600000,0x00000080a6700000) (1024K)]
  0x000001dc20acbd90 JavaThread "Unconstrained build operations Thread 67"        [_thread_blocked, id=3968, stack(0x00000080a6700000,0x00000080a6800000) (1024K)]
  0x000001dc7e940b80 JavaThread "Unconstrained build operations Thread 68"        [_thread_blocked, id=6264, stack(0x00000080a6800000,0x00000080a6900000) (1024K)]
  0x000001dc7e93e420 JavaThread "Unconstrained build operations Thread 69"        [_thread_blocked, id=20880, stack(0x00000080a6900000,0x00000080a6a00000) (1024K)]
  0x000001dc7df6cf80 JavaThread "Unconstrained build operations Thread 70"        [_thread_blocked, id=12496, stack(0x00000080a6c00000,0x00000080a6d00000) (1024K)]
  0x000001dc21546a40 JavaThread "Unconstrained build operations Thread 71"        [_thread_blocked, id=7208, stack(0x00000080a6d00000,0x00000080a6e00000) (1024K)]
  0x000001dc21548b10 JavaThread "Unconstrained build operations Thread 72"        [_thread_blocked, id=15960, stack(0x00000080a6e00000,0x00000080a6f00000) (1024K)]
  0x000001dc215470d0 JavaThread "Unconstrained build operations Thread 73"        [_thread_blocked, id=8268, stack(0x00000080a6f00000,0x00000080a7000000) (1024K)]
  0x000001dc21547df0 JavaThread "Unconstrained build operations Thread 74"        [_thread_blocked, id=8900, stack(0x00000080a7000000,0x00000080a7100000) (1024K)]
  0x000001dc21549830 JavaThread "Unconstrained build operations Thread 75"        [_thread_blocked, id=16164, stack(0x00000080a7100000,0x00000080a7200000) (1024K)]
  0x000001dc7b970440 JavaThread "Unconstrained build operations Thread 76"        [_thread_blocked, id=13304, stack(0x00000080a7200000,0x00000080a7300000) (1024K)]
  0x000001dc7b971e80 JavaThread "Unconstrained build operations Thread 77"        [_thread_blocked, id=3676, stack(0x00000080a7300000,0x00000080a7400000) (1024K)]
  0x000001dc7b973230 JavaThread "Unconstrained build operations Thread 78"        [_thread_blocked, id=5944, stack(0x00000080a7400000,0x00000080a7500000) (1024K)]
  0x000001dc7b9717f0 JavaThread "Unconstrained build operations Thread 79"        [_thread_blocked, id=22024, stack(0x00000080a7500000,0x00000080a7600000) (1024K)]
  0x000001dc20d3ad80 JavaThread "Unconstrained build operations Thread 80"        [_thread_blocked, id=18448, stack(0x00000080a7600000,0x00000080a7700000) (1024K)]
  0x000001dc20d3a6f0 JavaThread "Unconstrained build operations Thread 81"        [_thread_blocked, id=18116, stack(0x00000080a7700000,0x00000080a7800000) (1024K)]
  0x000001dc20d3baa0 JavaThread "Unconstrained build operations Thread 82"        [_thread_blocked, id=368, stack(0x00000080a7800000,0x00000080a7900000) (1024K)]
  0x000001dc20d3b410 JavaThread "Unconstrained build operations Thread 83"        [_thread_blocked, id=17508, stack(0x00000080a7900000,0x00000080a7a00000) (1024K)]
  0x000001dc20d3a060 JavaThread "Unconstrained build operations Thread 84"        [_thread_blocked, id=2844, stack(0x00000080a7a00000,0x00000080a7b00000) (1024K)]
  0x000001dc20d3c7c0 JavaThread "Unconstrained build operations Thread 85"        [_thread_blocked, id=17584, stack(0x00000080a7b00000,0x00000080a7c00000) (1024K)]
  0x000001dc20d3c130 JavaThread "Unconstrained build operations Thread 86"        [_thread_blocked, id=4316, stack(0x00000080a7c00000,0x00000080a7d00000) (1024K)]
  0x000001dc224f7880 JavaThread "Unconstrained build operations Thread 87"        [_thread_blocked, id=1932, stack(0x00000080a7d00000,0x00000080a7e00000) (1024K)]
  0x000001dc224f4400 JavaThread "Unconstrained build operations Thread 88"        [_thread_blocked, id=15984, stack(0x00000080a7e00000,0x00000080a7f00000) (1024K)]
  0x000001dc224f5120 JavaThread "Unconstrained build operations Thread 89"        [_thread_blocked, id=7652, stack(0x00000080a7f00000,0x00000080a8000000) (1024K)]
  0x000001dc224f71f0 JavaThread "Unconstrained build operations Thread 90"        [_thread_blocked, id=13684, stack(0x00000080a8000000,0x00000080a8100000) (1024K)]
  0x000001dc794d2390 JavaThread "Unconstrained build operations Thread 91"        [_thread_blocked, id=3408, stack(0x00000080a8100000,0x00000080a8200000) (1024K)]
  0x000001dc794d1d00 JavaThread "Unconstrained build operations Thread 92"        [_thread_blocked, id=8472, stack(0x00000080a8200000,0x00000080a8300000) (1024K)]
  0x000001dc794d2a20 JavaThread "Unconstrained build operations Thread 93"        [_thread_blocked, id=13984, stack(0x00000080a8300000,0x00000080a8400000) (1024K)]
  0x000001dc794d4af0 JavaThread "Unconstrained build operations Thread 94"        [_thread_blocked, id=21344, stack(0x00000080a8400000,0x00000080a8500000) (1024K)]
  0x000001dc794d3740 JavaThread "Unconstrained build operations Thread 95"        [_thread_blocked, id=3588, stack(0x00000080a8500000,0x00000080a8600000) (1024K)]
  0x000001dc22c61570 JavaThread "Unconstrained build operations Thread 96"        [_thread_blocked, id=6112, stack(0x00000080a8600000,0x00000080a8700000) (1024K)]
  0x000001dc22c61c00 JavaThread "Unconstrained build operations Thread 97"        [_thread_blocked, id=3892, stack(0x00000080a8700000,0x00000080a8800000) (1024K)]
  0x000001dc22c5f4a0 JavaThread "Unconstrained build operations Thread 98"        [_thread_blocked, id=22092, stack(0x00000080a8800000,0x00000080a8900000) (1024K)]
  0x000001dc22c62290 JavaThread "Unconstrained build operations Thread 99"        [_thread_blocked, id=7288, stack(0x00000080a8900000,0x00000080a8a00000) (1024K)]
  0x000001dc22c5fb30 JavaThread "Unconstrained build operations Thread 100"        [_thread_blocked, id=14276, stack(0x00000080a8a00000,0x00000080a8b00000) (1024K)]
  0x000001dc22c62920 JavaThread "Unconstrained build operations Thread 101"        [_thread_blocked, id=3448, stack(0x00000080a8b00000,0x00000080a8c00000) (1024K)]
  0x000001dc22c601c0 JavaThread "Problems report writer"            [_thread_blocked, id=16808, stack(0x00000080a8c00000,0x00000080a8d00000) (1024K)]
  0x000001dc22c60850 JavaThread "build event listener"              [_thread_blocked, id=9664, stack(0x00000080a8d00000,0x00000080a8e00000) (1024K)]
  0x000001dc21548480 JavaThread "Unconstrained build operations Thread 102"        [_thread_blocked, id=4652, stack(0x00000080a8e00000,0x00000080a8f00000) (1024K)]
  0x000001dc21547760 JavaThread "Unconstrained build operations Thread 103"        [_thread_blocked, id=17492, stack(0x00000080a8f00000,0x00000080a9000000) (1024K)]
  0x000001dc21549ec0 JavaThread "Unconstrained build operations Thread 104"        [_thread_blocked, id=20604, stack(0x00000080a9000000,0x00000080a9100000) (1024K)]
  0x000001dc7eb1b340 JavaThread "Unconstrained build operations Thread 105"        [_thread_blocked, id=20764, stack(0x00000080a9100000,0x00000080a9200000) (1024K)]
  0x000001dc7eb1b9d0 JavaThread "Unconstrained build operations Thread 106"        [_thread_blocked, id=8316, stack(0x00000080a9200000,0x00000080a9300000) (1024K)]
  0x000001dc7eb18550 JavaThread "Unconstrained build operations Thread 107"        [_thread_blocked, id=17000, stack(0x00000080a9300000,0x00000080a9400000) (1024K)]
  0x000001dc7eb18be0 JavaThread "Unconstrained build operations Thread 108"        [_thread_blocked, id=10672, stack(0x00000080a9400000,0x00000080a9500000) (1024K)]
  0x000001dc22752fb0 JavaThread "Unconstrained build operations Thread 109"        [_thread_blocked, id=6640, stack(0x00000080a9500000,0x00000080a9600000) (1024K)]
  0x000001dc22751c00 JavaThread "Unconstrained build operations Thread 110"        [_thread_blocked, id=19032, stack(0x00000080a9600000,0x00000080a9700000) (1024K)]
  0x000001dc22752920 JavaThread "Unconstrained build operations Thread 111"        [_thread_blocked, id=6064, stack(0x00000080a9700000,0x00000080a9800000) (1024K)]
  0x000001dc22753640 JavaThread "Unconstrained build operations Thread 112"        [_thread_blocked, id=17180, stack(0x00000080a9800000,0x00000080a9900000) (1024K)]
  0x000001dc224f4a90 JavaThread "Unconstrained build operations Thread 113"        [_thread_blocked, id=19760, stack(0x00000080a9900000,0x00000080a9a00000) (1024K)]
  0x000001dc7eb19270 JavaThread "Unconstrained build operations Thread 114"        [_thread_blocked, id=18136, stack(0x00000080a9a00000,0x00000080a9b00000) (1024K)]
  0x000001dc7eb19900 JavaThread "Unconstrained build operations Thread 115"        [_thread_blocked, id=19284, stack(0x00000080a9b00000,0x00000080a9c00000) (1024K)]
  0x000001dc22750ee0 JavaThread "Unconstrained build operations Thread 116"        [_thread_blocked, id=11296, stack(0x00000080a9c00000,0x00000080a9d00000) (1024K)]
  0x000001dc22751570 JavaThread "Unconstrained build operations Thread 117"        [_thread_blocked, id=9068, stack(0x00000080a9d00000,0x00000080a9e00000) (1024K)]
  0x000001dc22753cd0 JavaThread "Unconstrained build operations Thread 118"        [_thread_blocked, id=15144, stack(0x00000080a9f00000,0x00000080aa000000) (1024K)]
  0x000001dc22754360 JavaThread "Unconstrained build operations Thread 119"        [_thread_blocked, id=1796, stack(0x00000080aa000000,0x00000080aa100000) (1024K)]
  0x000001dc7ea126b0 JavaThread "Unconstrained build operations Thread 120"        [_thread_blocked, id=10136, stack(0x00000080aa100000,0x00000080aa200000) (1024K)]
  0x000001dc20acc420 JavaThread "Exec process Thread 9"             [_thread_blocked, id=18492, stack(0x00000080a6a00000,0x00000080a6b00000) (1024K)]
  0x000001dc20b56710 JavaThread "Exec process Thread 10"            [_thread_blocked, id=8652, stack(0x00000080a6b00000,0x00000080a6c00000) (1024K)]
  0x000001dc20b59500 JavaThread "Exec process Thread 11"            [_thread_blocked, id=18976, stack(0x00000080aa200000,0x00000080aa300000) (1024K)]
  0x000001dc231959d0 JavaThread "Cache worker for execution history cache (C:\Users\manon\OneDrive\Desktop\sentinel\android\.gradle\8.14.3\executionHistory)"        [_thread_blocked, id=4104, stack(0x00000080aa800000,0x00000080aa900000) (1024K)]
  0x000001dc224f57b0 JavaThread "WorkerExecutor Queue"              [_thread_blocked, id=14500, stack(0x00000080aa400000,0x00000080aa500000) (1024K)]
  0x000001dc72231ba0 JavaThread "RMI TCP Connection(idle)"   daemon [_thread_blocked, id=14168, stack(0x00000080ab500000,0x00000080ab600000) (1024K)]
  0x000001dc20b99de0 JavaThread "Build operations"                  [_thread_blocked, id=5620, stack(0x00000080aa300000,0x00000080aa400000) (1024K)]
  0x000001dc20b983a0 JavaThread "Build operations Thread 2"         [_thread_blocked, id=4176, stack(0x00000080ab600000,0x00000080ab700000) (1024K)]
  0x000001dc20b9ab00 JavaThread "Build operations Thread 3"         [_thread_blocked, id=7748, stack(0x00000080ab700000,0x00000080ab800000) (1024K)]
  0x000001dc20b9a470 JavaThread "Build operations Thread 4"         [_thread_blocked, id=9236, stack(0x00000080ab800000,0x00000080ab900000) (1024K)]
  0x000001dc20b990c0 JavaThread "Build operations Thread 5"         [_thread_blocked, id=4164, stack(0x00000080ab900000,0x00000080aba00000) (1024K)]
  0x000001dc20b98a30 JavaThread "Build operations Thread 6"         [_thread_blocked, id=15316, stack(0x00000080aba00000,0x00000080abb00000) (1024K)]
  0x000001dc20b9b190 JavaThread "Build operations Thread 7"         [_thread_blocked, id=16400, stack(0x00000080abb00000,0x00000080abc00000) (1024K)]
  0x000001dc20b9b820 JavaThread "Build operations Thread 8"         [_thread_blocked, id=16796, stack(0x00000080abc00000,0x00000080abd00000) (1024K)]
  0x000001dc794c6040 JavaThread "Build operations Thread 9"         [_thread_blocked, id=15920, stack(0x00000080abd00000,0x00000080abe00000) (1024K)]
  0x000001dc794c8e30 JavaThread "Build operations Thread 10"        [_thread_blocked, id=20256, stack(0x00000080abe00000,0x00000080abf00000) (1024K)]
  0x000001dc794c9b50 JavaThread "Build operations Thread 11"        [_thread_blocked, id=11984, stack(0x00000080abf00000,0x00000080ac000000) (1024K)]
  0x000001dc21ff9470 JavaThread "Exec process Thread 12"            [_thread_blocked, id=21252, stack(0x00000080ac200000,0x00000080ac300000) (1024K)]
  0x000001dc22cf7c30 JavaThread "WorkerExecutor Queue Thread 2"        [_thread_blocked, id=8848, stack(0x00000080ac800000,0x00000080ac900000) (1024K)]
  0x000001dc22cf5b60 JavaThread "WorkerExecutor Queue Thread 3"        [_thread_blocked, id=19628, stack(0x00000080ac900000,0x00000080aca00000) (1024K)]
  0x000001dc22cf82c0 JavaThread "WorkerExecutor Queue Thread 4"        [_thread_blocked, id=11804, stack(0x00000080aca00000,0x00000080acb00000) (1024K)]
  0x000001dc22c3b480 JavaThread "WorkerExecutor Queue Thread 5"        [_thread_blocked, id=11928, stack(0x00000080acb00000,0x00000080acc00000) (1024K)]
  0x000001dc22c39a40 JavaThread "WorkerExecutor Queue Thread 6"        [_thread_blocked, id=10612, stack(0x00000080acc00000,0x00000080acd00000) (1024K)]
  0x000001dc22c3a0d0 JavaThread "WorkerExecutor Queue Thread 7"        [_thread_blocked, id=3144, stack(0x00000080acd00000,0x00000080ace00000) (1024K)]
  0x000001dc23192be0 JavaThread "WorkerExecutor Queue Thread 8"        [_thread_blocked, id=18628, stack(0x00000080ace00000,0x00000080acf00000) (1024K)]
  0x000001dc23193270 JavaThread "WorkerExecutor Queue Thread 9"        [_thread_blocked, id=6404, stack(0x00000080acf00000,0x00000080ad000000) (1024K)]
  0x000001dc213d27e0 JavaThread "WorkerExecutor Queue Thread 10"        [_thread_blocked, id=8864, stack(0x00000080ad000000,0x00000080ad100000) (1024K)]
  0x000001dc213d0da0 JavaThread "WorkerExecutor Queue Thread 11"        [_thread_blocked, id=12772, stack(0x00000080ad100000,0x00000080ad200000) (1024K)]
  0x000001dc213d2e70 JavaThread "WorkerExecutor Queue Thread 12"        [_thread_blocked, id=12664, stack(0x00000080ad200000,0x00000080ad300000) (1024K)]
  0x000001dc23193900 JavaThread "ForkJoinPool.commonPool-worker-16" daemon [_thread_blocked, id=8204, stack(0x00000080ac100000,0x00000080ac200000) (1024K)]
Total: 227

Other Threads:
=>0x000001dc7232a010 VMThread "VM Thread"                           [id=13440, stack(0x000000809e100000,0x000000809e200000) (1024K)]
  0x000001dc723186d0 WatcherThread "VM Periodic Task Thread"        [id=1688, stack(0x000000809e000000,0x000000809e100000) (1024K)]
  0x000001dc534a6410 WorkerThread "GC Thread#0"                     [id=14316, stack(0x000000809db00000,0x000000809dc00000) (1024K)]
  0x000001dc7747fd80 WorkerThread "GC Thread#1"                     [id=2948, stack(0x000000809ed00000,0x000000809ee00000) (1024K)]
  0x000001dc77434500 WorkerThread "GC Thread#2"                     [id=10740, stack(0x000000809ee00000,0x000000809ef00000) (1024K)]
  0x000001dc77eb16e0 WorkerThread "GC Thread#3"                     [id=22136, stack(0x000000809eb00000,0x000000809ec00000) (1024K)]
  0x000001dc77eb1a80 WorkerThread "GC Thread#4"                     [id=13784, stack(0x000000809ef00000,0x000000809f000000) (1024K)]
  0x000001dc773bee40 WorkerThread "GC Thread#5"                     [id=9992, stack(0x000000809f600000,0x000000809f700000) (1024K)]
  0x000001dc770d28c0 WorkerThread "GC Thread#6"                     [id=12824, stack(0x000000809f700000,0x000000809f800000) (1024K)]
  0x000001dc770d2c60 WorkerThread "GC Thread#7"                     [id=22196, stack(0x000000809f800000,0x000000809f900000) (1024K)]
  0x000001dc770d0530 WorkerThread "GC Thread#8"                     [id=18824, stack(0x000000809f900000,0x000000809fa00000) (1024K)]
  0x000001dc787dfcc0 WorkerThread "GC Thread#9"                     [id=18660, stack(0x000000809fa00000,0x000000809fb00000) (1024K)]
  0x000001dc534b7550 ConcurrentGCThread "G1 Main Marker"            [id=13972, stack(0x000000809dc00000,0x000000809dd00000) (1024K)]
  0x000001dc534b9cf0 WorkerThread "G1 Conc#0"                       [id=8420, stack(0x000000809dd00000,0x000000809de00000) (1024K)]
  0x000001dc787e0060 WorkerThread "G1 Conc#1"                       [id=8344, stack(0x00000080a0400000,0x00000080a0500000) (1024K)]
  0x000001dc787e0400 WorkerThread "G1 Conc#2"                       [id=8036, stack(0x00000080a0500000,0x00000080a0600000) (1024K)]
  0x000001dc721de020 ConcurrentGCThread "G1 Refine#0"               [id=15192, stack(0x000000809de00000,0x000000809df00000) (1024K)]
  0x000001dc721dea30 ConcurrentGCThread "G1 Service"                [id=16376, stack(0x000000809df00000,0x000000809e000000) (1024K)]
Total: 18

Threads with active compile tasks:
Total: 0

VM state: at safepoint (normal execution)

VM Mutex/Monitor currently owned by a thread:  ([mutex/lock_event])
[0x00007ffb38f16478] Threads_lock - owner thread: 0x000001dc7232a010
[0x00007ffb38f16578] Heap_lock - owner thread: 0x000001dc534b7550

Heap address: 0x0000000700000000, size: 4096 MB, Compressed Oops mode: Zero based, Oop shift amount: 3

CDS archive(s) mapped at: [0x000001dc00000000-0x000001dc00c80000-0x000001dc00c80000), size 13107200, SharedBaseAddress: 0x000001dc00000000, ArchiveRelocationMode: 1.
Compressed class space mapped at: 0x000001dc01000000-0x000001dc1b000000, reserved size: 436207616
Narrow klass base: 0x000001dc00000000, Narrow klass shift: 0, Narrow klass range: 0x100000000

GC Precious Log:
 CardTable entry size: 512
 Card Set container configuration: InlinePtr #cards 4 size 8 Array Of Cards #cards 16 size 48 Howl #buckets 8 coarsen threshold 3686 Howl Bitmap #cards 512 size 80 coarsen threshold 460 Card regions per heap region 1 cards per card region 4096
 CPUs: 12 total, 12 available
 Memory: 7863M
 Large Page Support: Disabled
 NUMA Support: Disabled
 Compressed Oops: Enabled (Zero based)
 Heap Region Size: 2M
 Heap Min Capacity: 8M
 Heap Initial Capacity: 124M
 Heap Max Capacity: 4G
 Pre-touch: Disabled
 Parallel Workers: 10
 Concurrent Workers: 3
 Concurrent Refinement Workers: 10
 Periodic GC: Disabled

Heap:
 garbage-first heap   total 997376K, used 993009K [0x0000000700000000, 0x0000000800000000)
  region size 2048K, 10 young (20480K), 9 survivors (18432K)
 Metaspace       used 160396K, committed 164032K, reserved 622592K
  class space    used 22207K, committed 24000K, reserved 425984K

Heap Regions: E=young(eden), S=young(survivor), O=old, HS=humongous(starts), HC=humongous(continues), CS=collection set, F=free, TAMS=top-at-mark-start, PB=parsable bottom
|   0|0x0000000700000000, 0x0000000700200000, 0x0000000700200000|100%|HS|  |TAMS 0x0000000700200000| PB 0x0000000700000000| Complete 
|   1|0x0000000700200000, 0x0000000700400000, 0x0000000700400000|100%|HC|  |TAMS 0x0000000700400000| PB 0x0000000700200000| Complete 
|   2|0x0000000700400000, 0x0000000700600000, 0x0000000700600000|100%| O|  |TAMS 0x0000000700600000| PB 0x0000000700600000| Untracked 
|   3|0x0000000700600000, 0x0000000700800000, 0x0000000700800000|100%| O|  |TAMS 0x0000000700800000| PB 0x0000000700800000| Untracked 
|   4|0x0000000700800000, 0x0000000700a00000, 0x0000000700a00000|100%| O|  |TAMS 0x0000000700a00000| PB 0x0000000700a00000| Untracked 
|   5|0x0000000700a00000, 0x0000000700c00000, 0x0000000700c00000|100%| O|  |TAMS 0x0000000700c00000| PB 0x0000000700c00000| Untracked 
|   6|0x0000000700c00000, 0x0000000700e00000, 0x0000000700e00000|100%| O|  |TAMS 0x0000000700e00000| PB 0x0000000700e00000| Untracked 
|   7|0x0000000700e00000, 0x0000000701000000, 0x0000000701000000|100%| O|  |TAMS 0x0000000701000000| PB 0x0000000701000000| Untracked 
|   8|0x0000000701000000, 0x0000000701200000, 0x0000000701200000|100%| O|  |TAMS 0x0000000701200000| PB 0x0000000701200000| Untracked 
|   9|0x0000000701200000, 0x0000000701400000, 0x0000000701400000|100%| O|  |TAMS 0x0000000701400000| PB 0x0000000701400000| Updating 
|  10|0x0000000701400000, 0x0000000701600000, 0x0000000701600000|100%| O|  |TAMS 0x0000000701600000| PB 0x0000000701600000| Updating 
|  11|0x0000000701600000, 0x0000000701800000, 0x0000000701800000|100%| O|  |TAMS 0x0000000701800000| PB 0x0000000701800000| Updating 
|  12|0x0000000701800000, 0x0000000701a00000, 0x0000000701a00000|100%| O|  |TAMS 0x0000000701a00000| PB 0x0000000701a00000| Untracked 
|  13|0x0000000701a00000, 0x0000000701c00000, 0x0000000701c00000|100%| O|  |TAMS 0x0000000701c00000| PB 0x0000000701c00000| Untracked 
|  14|0x0000000701c00000, 0x0000000701e00000, 0x0000000701e00000|100%| O|  |TAMS 0x0000000701e00000| PB 0x0000000701e00000| Untracked 
|  15|0x0000000701e00000, 0x0000000702000000, 0x0000000702000000|100%| O|  |TAMS 0x0000000702000000| PB 0x0000000702000000| Updating 
|  16|0x0000000702000000, 0x0000000702200000, 0x0000000702200000|100%| O|  |TAMS 0x0000000702200000| PB 0x0000000702200000| Untracked 
|  17|0x0000000702200000, 0x0000000702400000, 0x0000000702400000|100%| O|  |TAMS 0x0000000702400000| PB 0x0000000702400000| Untracked 
|  18|0x0000000702400000, 0x0000000702600000, 0x0000000702600000|100%| O|  |TAMS 0x0000000702600000| PB 0x0000000702600000| Updating 
|  19|0x0000000702600000, 0x0000000702800000, 0x0000000702800000|100%| O|  |TAMS 0x0000000702800000| PB 0x0000000702800000| Updating 
|  20|0x0000000702800000, 0x0000000702a00000, 0x0000000702a00000|100%| O|  |TAMS 0x0000000702a00000| PB 0x0000000702a00000| Updating 
|  21|0x0000000702a00000, 0x0000000702c00000, 0x0000000702c00000|100%|HS|  |TAMS 0x0000000702a00000| PB 0x0000000702a00000| Complete 
|  22|0x0000000702c00000, 0x0000000702e00000, 0x0000000702e00000|100%| O|  |TAMS 0x0000000702e00000| PB 0x0000000702e00000| Untracked 
|  23|0x0000000702e00000, 0x0000000703000000, 0x0000000703000000|100%|HS|  |TAMS 0x0000000703000000| PB 0x0000000702e00000| Complete 
|  24|0x0000000703000000, 0x0000000703200000, 0x0000000703200000|100%|HC|  |TAMS 0x0000000703200000| PB 0x0000000703000000| Complete 
|  25|0x0000000703200000, 0x0000000703400000, 0x0000000703400000|100%|HS|  |TAMS 0x0000000703400000| PB 0x0000000703200000| Complete 
|  26|0x0000000703400000, 0x0000000703600000, 0x0000000703600000|100%|HC|  |TAMS 0x0000000703600000| PB 0x0000000703400000| Complete 
|  27|0x0000000703600000, 0x0000000703800000, 0x0000000703800000|100%| O|  |TAMS 0x0000000703800000| PB 0x0000000703800000| Updating 
|  28|0x0000000703800000, 0x0000000703a00000, 0x0000000703a00000|100%|HS|  |TAMS 0x0000000703a00000| PB 0x0000000703800000| Complete 
|  29|0x0000000703a00000, 0x0000000703c00000, 0x0000000703c00000|100%| O|  |TAMS 0x0000000703c00000| PB 0x0000000703c00000| Updating 
|  30|0x0000000703c00000, 0x0000000703e00000, 0x0000000703e00000|100%| O|  |TAMS 0x0000000703e00000| PB 0x0000000703e00000| Updating 
|  31|0x0000000703e00000, 0x0000000704000000, 0x0000000704000000|100%| O|  |TAMS 0x0000000704000000| PB 0x0000000704000000| Untracked 
|  32|0x0000000704000000, 0x0000000704200000, 0x0000000704200000|100%| O|  |TAMS 0x0000000704200000| PB 0x0000000704200000| Updating 
|  33|0x0000000704200000, 0x0000000704400000, 0x0000000704400000|100%| O|  |TAMS 0x0000000704400000| PB 0x0000000704400000| Updating 
|  34|0x0000000704400000, 0x0000000704600000, 0x0000000704600000|100%| O|  |TAMS 0x0000000704600000| PB 0x0000000704600000| Updating 
|  35|0x0000000704600000, 0x0000000704800000, 0x0000000704800000|100%| O|  |TAMS 0x0000000704800000| PB 0x0000000704800000| Untracked 
|  36|0x0000000704800000, 0x0000000704a00000, 0x0000000704a00000|100%| O|  |TAMS 0x0000000704a00000| PB 0x0000000704a00000| Updating 
|  37|0x0000000704a00000, 0x0000000704c00000, 0x0000000704c00000|100%|HS|  |TAMS 0x0000000704c00000| PB 0x0000000704a00000| Complete 
|  38|0x0000000704c00000, 0x0000000704e00000, 0x0000000704e00000|100%| O|  |TAMS 0x0000000704e00000| PB 0x0000000704e00000| Updating 
|  39|0x0000000704e00000, 0x0000000705000000, 0x0000000705000000|100%|HS|  |TAMS 0x0000000705000000| PB 0x0000000704e00000| Complete 
|  40|0x0000000705000000, 0x0000000705200000, 0x0000000705200000|100%| O|  |TAMS 0x0000000705200000| PB 0x0000000705200000| Updating 
|  41|0x0000000705200000, 0x0000000705400000, 0x0000000705400000|100%| O|  |TAMS 0x0000000705400000| PB 0x0000000705400000| Updating 
|  42|0x0000000705400000, 0x0000000705600000, 0x0000000705600000|100%| O|  |TAMS 0x0000000705600000| PB 0x0000000705600000| Untracked 
|  43|0x0000000705600000, 0x0000000705800000, 0x0000000705800000|100%| O|  |TAMS 0x0000000705800000| PB 0x0000000705800000| Untracked 
|  44|0x0000000705800000, 0x0000000705a00000, 0x0000000705a00000|100%| O|  |TAMS 0x0000000705a00000| PB 0x0000000705a00000| Updating 
|  45|0x0000000705a00000, 0x0000000705c00000, 0x0000000705c00000|100%|HS|  |TAMS 0x0000000705c00000| PB 0x0000000705a00000| Complete 
|  46|0x0000000705c00000, 0x0000000705e00000, 0x0000000705e00000|100%| O|  |TAMS 0x0000000705e00000| PB 0x0000000705e00000| Updating 
|  47|0x0000000705e00000, 0x0000000706000000, 0x0000000706000000|100%| O|  |TAMS 0x0000000706000000| PB 0x0000000706000000| Untracked 
|  48|0x0000000706000000, 0x0000000706200000, 0x0000000706200000|100%| O|  |TAMS 0x0000000706200000| PB 0x0000000706200000| Updating 
|  49|0x0000000706200000, 0x0000000706400000, 0x0000000706400000|100%| O|  |TAMS 0x0000000706400000| PB 0x0000000706400000| Updating 
|  50|0x0000000706400000, 0x0000000706600000, 0x0000000706600000|100%| O|  |TAMS 0x0000000706600000| PB 0x0000000706600000| Updating 
|  51|0x0000000706600000, 0x0000000706800000, 0x0000000706800000|100%| O|  |TAMS 0x0000000706800000| PB 0x0000000706800000| Updating 
|  52|0x0000000706800000, 0x0000000706a00000, 0x0000000706a00000|100%| O|  |TAMS 0x0000000706a00000| PB 0x0000000706a00000| Untracked 
|  53|0x0000000706a00000, 0x0000000706c00000, 0x0000000706c00000|100%| O|  |TAMS 0x0000000706c00000| PB 0x0000000706c00000| Updating 
|  54|0x0000000706c00000, 0x0000000706e00000, 0x0000000706e00000|100%| O|  |TAMS 0x0000000706e00000| PB 0x0000000706e00000| Updating 
|  55|0x0000000706e00000, 0x0000000707000000, 0x0000000707000000|100%| O|  |TAMS 0x0000000707000000| PB 0x0000000707000000| Untracked 
|  56|0x0000000707000000, 0x0000000707200000, 0x0000000707200000|100%| O|  |TAMS 0x0000000707200000| PB 0x0000000707200000| Updating 
|  57|0x0000000707200000, 0x0000000707400000, 0x0000000707400000|100%|HS|  |TAMS 0x0000000707400000| PB 0x0000000707200000| Complete 
|  58|0x0000000707400000, 0x0000000707600000, 0x0000000707600000|100%|HC|  |TAMS 0x0000000707600000| PB 0x0000000707400000| Complete 
|  59|0x0000000707600000, 0x0000000707800000, 0x0000000707800000|100%| O|  |TAMS 0x0000000707800000| PB 0x0000000707800000| Updating 
|  60|0x0000000707800000, 0x0000000707a00000, 0x0000000707a00000|100%| O|  |TAMS 0x0000000707a00000| PB 0x0000000707a00000| Updating 
|  61|0x0000000707a00000, 0x0000000707c00000, 0x0000000707c00000|100%| O|  |TAMS 0x0000000707c00000| PB 0x0000000707c00000| Updating 
|  62|0x0000000707c00000, 0x0000000707e00000, 0x0000000707e00000|100%| O|  |TAMS 0x0000000707e00000| PB 0x0000000707e00000| Updating 
|  63|0x0000000707e00000, 0x0000000708000000, 0x0000000708000000|100%| O|  |TAMS 0x0000000708000000| PB 0x0000000708000000| Updating 
|  64|0x0000000708000000, 0x0000000708200000, 0x0000000708200000|100%| O|  |TAMS 0x0000000708200000| PB 0x0000000708200000| Untracked 
|  65|0x0000000708200000, 0x0000000708400000, 0x0000000708400000|100%| O|  |TAMS 0x0000000708400000| PB 0x0000000708400000| Untracked 
|  66|0x0000000708400000, 0x0000000708600000, 0x0000000708600000|100%| O|  |TAMS 0x0000000708600000| PB 0x0000000708600000| Updating 
|  67|0x0000000708600000, 0x0000000708800000, 0x0000000708800000|100%|HS|  |TAMS 0x0000000708800000| PB 0x0000000708600000| Complete 
|  68|0x0000000708800000, 0x0000000708a00000, 0x0000000708a00000|100%|HS|  |TAMS 0x0000000708a00000| PB 0x0000000708800000| Complete 
|  69|0x0000000708a00000, 0x0000000708c00000, 0x0000000708c00000|100%|HS|  |TAMS 0x0000000708c00000| PB 0x0000000708a00000| Complete 
|  70|0x0000000708c00000, 0x0000000708e00000, 0x0000000708e00000|100%| O|  |TAMS 0x0000000708e00000| PB 0x0000000708e00000| Updating 
|  71|0x0000000708e00000, 0x0000000709000000, 0x0000000709000000|100%|HS|  |TAMS 0x0000000709000000| PB 0x0000000708e00000| Complete 
|  72|0x0000000709000000, 0x0000000709200000, 0x0000000709200000|100%|HS|  |TAMS 0x0000000709200000| PB 0x0000000709000000| Complete 
|  73|0x0000000709200000, 0x0000000709400000, 0x0000000709400000|100%|HC|  |TAMS 0x0000000709400000| PB 0x0000000709200000| Complete 
|  74|0x0000000709400000, 0x0000000709600000, 0x0000000709600000|100%| O|  |TAMS 0x0000000709600000| PB 0x0000000709600000| Updating 
|  75|0x0000000709600000, 0x0000000709800000, 0x0000000709800000|100%|HS|  |TAMS 0x0000000709800000| PB 0x0000000709600000| Complete 
|  76|0x0000000709800000, 0x0000000709a00000, 0x0000000709a00000|100%| O|  |TAMS 0x0000000709a00000| PB 0x0000000709a00000| Untracked 
|  77|0x0000000709a00000, 0x0000000709c00000, 0x0000000709c00000|100%| O|  |TAMS 0x0000000709c00000| PB 0x0000000709c00000| Updating 
|  78|0x0000000709c00000, 0x0000000709e00000, 0x0000000709e00000|100%|HS|  |TAMS 0x0000000709e00000| PB 0x0000000709c00000| Complete 
|  79|0x0000000709e00000, 0x000000070a000000, 0x000000070a000000|100%| O|  |TAMS 0x000000070a000000| PB 0x000000070a000000| Updating 
|  80|0x000000070a000000, 0x000000070a200000, 0x000000070a200000|100%| O|  |TAMS 0x000000070a200000| PB 0x000000070a200000| Untracked 
|  81|0x000000070a200000, 0x000000070a400000, 0x000000070a400000|100%| O|  |TAMS 0x000000070a400000| PB 0x000000070a400000| Updating 
|  82|0x000000070a400000, 0x000000070a600000, 0x000000070a600000|100%| O|  |TAMS 0x000000070a600000| PB 0x000000070a600000| Updating 
|  83|0x000000070a600000, 0x000000070a800000, 0x000000070a800000|100%| O|  |TAMS 0x000000070a800000| PB 0x000000070a800000| Updating 
|  84|0x000000070a800000, 0x000000070aa00000, 0x000000070aa00000|100%|HS|  |TAMS 0x000000070aa00000| PB 0x000000070a800000| Complete 
|  85|0x000000070aa00000, 0x000000070ac00000, 0x000000070ac00000|100%| O|  |TAMS 0x000000070ac00000| PB 0x000000070ac00000| Updating 
|  86|0x000000070ac00000, 0x000000070ae00000, 0x000000070ae00000|100%| O|  |TAMS 0x000000070ae00000| PB 0x000000070ae00000| Updating 
|  87|0x000000070ae00000, 0x000000070b000000, 0x000000070b000000|100%| O|  |TAMS 0x000000070b000000| PB 0x000000070b000000| Untracked 
|  88|0x000000070b000000, 0x000000070b200000, 0x000000070b200000|100%| O|  |TAMS 0x000000070b200000| PB 0x000000070b200000| Updating 
|  89|0x000000070b200000, 0x000000070b400000, 0x000000070b400000|100%| O|  |TAMS 0x000000070b400000| PB 0x000000070b400000| Untracked 
|  90|0x000000070b400000, 0x000000070b600000, 0x000000070b600000|100%| O|  |TAMS 0x000000070b600000| PB 0x000000070b600000| Untracked 
|  91|0x000000070b600000, 0x000000070b800000, 0x000000070b800000|100%| O|  |TAMS 0x000000070b800000| PB 0x000000070b800000| Updating 
|  92|0x000000070b800000, 0x000000070ba00000, 0x000000070ba00000|100%| O|  |TAMS 0x000000070ba00000| PB 0x000000070ba00000| Untracked 
|  93|0x000000070ba00000, 0x000000070bc00000, 0x000000070bc00000|100%| O|  |TAMS 0x000000070bc00000| PB 0x000000070bc00000| Updating 
|  94|0x000000070bc00000, 0x000000070be00000, 0x000000070be00000|100%| O|  |TAMS 0x000000070be00000| PB 0x000000070be00000| Untracked 
|  95|0x000000070be00000, 0x000000070c000000, 0x000000070c000000|100%| O|  |TAMS 0x000000070c000000| PB 0x000000070c000000| Updating 
|  96|0x000000070c000000, 0x000000070c200000, 0x000000070c200000|100%| O|  |TAMS 0x000000070c200000| PB 0x000000070c200000| Updating 
|  97|0x000000070c200000, 0x000000070c400000, 0x000000070c400000|100%| O|  |TAMS 0x000000070c400000| PB 0x000000070c400000| Untracked 
|  98|0x000000070c400000, 0x000000070c600000, 0x000000070c600000|100%| O|  |TAMS 0x000000070c600000| PB 0x000000070c600000| Updating 
|  99|0x000000070c600000, 0x000000070c800000, 0x000000070c800000|100%|HS|  |TAMS 0x000000070c800000| PB 0x000000070c600000| Complete 
| 100|0x000000070c800000, 0x000000070ca00000, 0x000000070ca00000|100%| O|  |TAMS 0x000000070ca00000| PB 0x000000070ca00000| Updating 
| 101|0x000000070ca00000, 0x000000070cc00000, 0x000000070cc00000|100%| O|  |TAMS 0x000000070cc00000| PB 0x000000070cc00000| Untracked 
| 102|0x000000070cc00000, 0x000000070ce00000, 0x000000070ce00000|100%| O|  |TAMS 0x000000070ce00000| PB 0x000000070ce00000| Updating 
| 103|0x000000070ce00000, 0x000000070d000000, 0x000000070d000000|100%| O|  |TAMS 0x000000070d000000| PB 0x000000070d000000| Updating 
| 104|0x000000070d000000, 0x000000070d200000, 0x000000070d200000|100%| O|  |TAMS 0x000000070d200000| PB 0x000000070d200000| Updating 
| 105|0x000000070d200000, 0x000000070d400000, 0x000000070d400000|100%| O|  |TAMS 0x000000070d400000| PB 0x000000070d400000| Updating 
| 106|0x000000070d400000, 0x000000070d600000, 0x000000070d600000|100%| O|  |TAMS 0x000000070d600000| PB 0x000000070d600000| Untracked 
| 107|0x000000070d600000, 0x000000070d800000, 0x000000070d800000|100%| O|  |TAMS 0x000000070d800000| PB 0x000000070d800000| Untracked 
| 108|0x000000070d800000, 0x000000070da00000, 0x000000070da00000|100%| O|  |TAMS 0x000000070da00000| PB 0x000000070da00000| Untracked 
| 109|0x000000070da00000, 0x000000070dc00000, 0x000000070dc00000|100%| O|  |TAMS 0x000000070dc00000| PB 0x000000070dc00000| Updating 
| 110|0x000000070dc00000, 0x000000070de00000, 0x000000070de00000|100%| O|  |TAMS 0x000000070de00000| PB 0x000000070de00000| Updating 
| 111|0x000000070de00000, 0x000000070e000000, 0x000000070e000000|100%|HS|  |TAMS 0x000000070e000000| PB 0x000000070de00000| Complete 
| 112|0x000000070e000000, 0x000000070e200000, 0x000000070e200000|100%| O|  |TAMS 0x000000070e200000| PB 0x000000070e200000| Updating 
| 113|0x000000070e200000, 0x000000070e400000, 0x000000070e400000|100%| O|  |TAMS 0x000000070e400000| PB 0x000000070e400000| Updating 
| 114|0x000000070e400000, 0x000000070e600000, 0x000000070e600000|100%| O|  |TAMS 0x000000070e600000| PB 0x000000070e600000| Untracked 
| 115|0x000000070e600000, 0x000000070e800000, 0x000000070e800000|100%| O|  |TAMS 0x000000070e800000| PB 0x000000070e800000| Untracked 
| 116|0x000000070e800000, 0x000000070ea00000, 0x000000070ea00000|100%| O|  |TAMS 0x000000070ea00000| PB 0x000000070ea00000| Updating 
| 117|0x000000070ea00000, 0x000000070ec00000, 0x000000070ec00000|100%| O|  |TAMS 0x000000070ec00000| PB 0x000000070ec00000| Updating 
| 118|0x000000070ec00000, 0x000000070ee00000, 0x000000070ee00000|100%| O|  |TAMS 0x000000070ee00000| PB 0x000000070ee00000| Untracked 
| 119|0x000000070ee00000, 0x000000070f000000, 0x000000070f000000|100%| O|  |TAMS 0x000000070f000000| PB 0x000000070f000000| Updating 
| 120|0x000000070f000000, 0x000000070f200000, 0x000000070f200000|100%| O|  |TAMS 0x000000070f200000| PB 0x000000070f200000| Untracked 
| 121|0x000000070f200000, 0x000000070f400000, 0x000000070f400000|100%| O|  |TAMS 0x000000070f400000| PB 0x000000070f400000| Updating 
| 122|0x000000070f400000, 0x000000070f600000, 0x000000070f600000|100%| O|  |TAMS 0x000000070f600000| PB 0x000000070f600000| Updating 
| 123|0x000000070f600000, 0x000000070f800000, 0x000000070f800000|100%|HS|  |TAMS 0x000000070f800000| PB 0x000000070f600000| Complete 
| 124|0x000000070f800000, 0x000000070fa00000, 0x000000070fa00000|100%| O|  |TAMS 0x000000070fa00000| PB 0x000000070fa00000| Updating 
| 125|0x000000070fa00000, 0x000000070fc00000, 0x000000070fc00000|100%|HS|  |TAMS 0x000000070fc00000| PB 0x000000070fa00000| Complete 
| 126|0x000000070fc00000, 0x000000070fe00000, 0x000000070fe00000|100%|HS|  |TAMS 0x000000070fe00000| PB 0x000000070fc00000| Complete 
| 127|0x000000070fe00000, 0x0000000710000000, 0x0000000710000000|100%| O|  |TAMS 0x0000000710000000| PB 0x0000000710000000| Updating 
| 128|0x0000000710000000, 0x0000000710200000, 0x0000000710200000|100%| O|  |TAMS 0x0000000710200000| PB 0x0000000710200000| Updating 
| 129|0x0000000710200000, 0x0000000710400000, 0x0000000710400000|100%| O|  |TAMS 0x0000000710400000| PB 0x0000000710400000| Untracked 
| 130|0x0000000710400000, 0x0000000710600000, 0x0000000710600000|100%| O|  |TAMS 0x0000000710600000| PB 0x0000000710600000| Updating 
| 131|0x0000000710600000, 0x0000000710800000, 0x0000000710800000|100%|HS|  |TAMS 0x0000000710600000| PB 0x0000000710600000| Complete 
| 132|0x0000000710800000, 0x0000000710a00000, 0x0000000710a00000|100%| O|  |TAMS 0x0000000710a00000| PB 0x0000000710a00000| Updating 
| 133|0x0000000710a00000, 0x0000000710c00000, 0x0000000710c00000|100%|HS|  |TAMS 0x0000000710c00000| PB 0x0000000710a00000| Complete 
| 134|0x0000000710c00000, 0x0000000710e00000, 0x0000000710e00000|100%|HS|  |TAMS 0x0000000710e00000| PB 0x0000000710c00000| Complete 
| 135|0x0000000710e00000, 0x0000000711000000, 0x0000000711000000|100%| O|  |TAMS 0x0000000711000000| PB 0x0000000711000000| Untracked 
| 136|0x0000000711000000, 0x0000000711200000, 0x0000000711200000|100%| O|  |TAMS 0x0000000711200000| PB 0x0000000711200000| Untracked 
| 137|0x0000000711200000, 0x0000000711400000, 0x0000000711400000|100%| O|  |TAMS 0x0000000711400000| PB 0x0000000711400000| Untracked 
| 138|0x0000000711400000, 0x0000000711600000, 0x0000000711600000|100%| O|  |TAMS 0x0000000711600000| PB 0x0000000711600000| Updating 
| 139|0x0000000711600000, 0x0000000711800000, 0x0000000711800000|100%| O|  |TAMS 0x0000000711800000| PB 0x0000000711800000| Untracked 
| 140|0x0000000711800000, 0x0000000711a00000, 0x0000000711a00000|100%| O|  |TAMS 0x0000000711a00000| PB 0x0000000711a00000| Untracked 
| 141|0x0000000711a00000, 0x0000000711c00000, 0x0000000711c00000|100%| O|  |TAMS 0x0000000711c00000| PB 0x0000000711c00000| Untracked 
| 142|0x0000000711c00000, 0x0000000711e00000, 0x0000000711e00000|100%| O|  |TAMS 0x0000000711e00000| PB 0x0000000711e00000| Untracked 
| 143|0x0000000711e00000, 0x0000000712000000, 0x0000000712000000|100%| O|  |TAMS 0x0000000712000000| PB 0x0000000712000000| Untracked 
| 144|0x0000000712000000, 0x0000000712200000, 0x0000000712200000|100%| O|  |TAMS 0x0000000712200000| PB 0x0000000712200000| Untracked 
| 145|0x0000000712200000, 0x0000000712400000, 0x0000000712400000|100%| O|  |TAMS 0x0000000712400000| PB 0x0000000712400000| Updating 
| 146|0x0000000712400000, 0x0000000712600000, 0x0000000712600000|100%| O|  |TAMS 0x0000000712600000| PB 0x0000000712600000| Untracked 
| 147|0x0000000712600000, 0x0000000712800000, 0x0000000712800000|100%| O|  |TAMS 0x0000000712800000| PB 0x0000000712800000| Untracked 
| 148|0x0000000712800000, 0x0000000712a00000, 0x0000000712a00000|100%|HS|  |TAMS 0x0000000712a00000| PB 0x0000000712800000| Complete 
| 149|0x0000000712a00000, 0x0000000712c00000, 0x0000000712c00000|100%| O|  |TAMS 0x0000000712c00000| PB 0x0000000712c00000| Untracked 
| 150|0x0000000712c00000, 0x0000000712e00000, 0x0000000712e00000|100%|HS|  |TAMS 0x0000000712e00000| PB 0x0000000712c00000| Complete 
| 151|0x0000000712e00000, 0x0000000713000000, 0x0000000713000000|100%|HS|  |TAMS 0x0000000713000000| PB 0x0000000712e00000| Complete 
| 152|0x0000000713000000, 0x0000000713200000, 0x0000000713200000|100%| O|  |TAMS 0x0000000713200000| PB 0x0000000713200000| Updating 
| 153|0x0000000713200000, 0x0000000713400000, 0x0000000713400000|100%| O|  |TAMS 0x0000000713400000| PB 0x0000000713400000| Untracked 
| 154|0x0000000713400000, 0x0000000713600000, 0x0000000713600000|100%| O|  |TAMS 0x0000000713600000| PB 0x0000000713600000| Untracked 
| 155|0x0000000713600000, 0x0000000713800000, 0x0000000713800000|100%| O|  |TAMS 0x0000000713800000| PB 0x0000000713800000| Updating 
| 156|0x0000000713800000, 0x0000000713a00000, 0x0000000713a00000|100%| O|  |TAMS 0x0000000713a00000| PB 0x0000000713a00000| Untracked 
| 157|0x0000000713a00000, 0x0000000713c00000, 0x0000000713c00000|100%| O|  |TAMS 0x0000000713c00000| PB 0x0000000713c00000| Untracked 
| 158|0x0000000713c00000, 0x0000000713e00000, 0x0000000713e00000|100%| O|  |TAMS 0x0000000713e00000| PB 0x0000000713e00000| Untracked 
| 159|0x0000000713e00000, 0x0000000714000000, 0x0000000714000000|100%| O|  |TAMS 0x0000000714000000| PB 0x0000000714000000| Untracked 
| 160|0x0000000714000000, 0x0000000714200000, 0x0000000714200000|100%| O|  |TAMS 0x0000000714200000| PB 0x0000000714200000| Untracked 
| 161|0x0000000714200000, 0x0000000714400000, 0x0000000714400000|100%| O|  |TAMS 0x0000000714400000| PB 0x0000000714400000| Untracked 
| 162|0x0000000714400000, 0x0000000714600000, 0x0000000714600000|100%| O|  |TAMS 0x0000000714600000| PB 0x0000000714600000| Untracked 
| 163|0x0000000714600000, 0x0000000714800000, 0x0000000714800000|100%| O|  |TAMS 0x0000000714800000| PB 0x0000000714800000| Untracked 
| 164|0x0000000714800000, 0x0000000714a00000, 0x0000000714a00000|100%| O|  |TAMS 0x0000000714a00000| PB 0x0000000714a00000| Untracked 
| 165|0x0000000714a00000, 0x0000000714c00000, 0x0000000714c00000|100%| O|  |TAMS 0x0000000714c00000| PB 0x0000000714c00000| Untracked 
| 166|0x0000000714c00000, 0x0000000714e00000, 0x0000000714e00000|100%| O|  |TAMS 0x0000000714e00000| PB 0x0000000714e00000| Untracked 
| 167|0x0000000714e00000, 0x0000000715000000, 0x0000000715000000|100%| O|  |TAMS 0x0000000715000000| PB 0x0000000715000000| Untracked 
| 168|0x0000000715000000, 0x0000000715200000, 0x0000000715200000|100%| O|  |TAMS 0x0000000715200000| PB 0x0000000715200000| Untracked 
| 169|0x0000000715200000, 0x0000000715400000, 0x0000000715400000|100%| O|  |TAMS 0x0000000715400000| PB 0x0000000715400000| Untracked 
| 170|0x0000000715400000, 0x0000000715600000, 0x0000000715600000|100%| O|  |TAMS 0x0000000715600000| PB 0x0000000715600000| Updating 
| 171|0x0000000715600000, 0x0000000715800000, 0x0000000715800000|100%| O|  |TAMS 0x0000000715800000| PB 0x0000000715800000| Untracked 
| 172|0x0000000715800000, 0x0000000715a00000, 0x0000000715a00000|100%| O|  |TAMS 0x0000000715a00000| PB 0x0000000715a00000| Untracked 
| 173|0x0000000715a00000, 0x0000000715c00000, 0x0000000715c00000|100%| O|  |TAMS 0x0000000715c00000| PB 0x0000000715c00000| Untracked 
| 174|0x0000000715c00000, 0x0000000715e00000, 0x0000000715e00000|100%| O|  |TAMS 0x0000000715e00000| PB 0x0000000715e00000| Untracked 
| 175|0x0000000715e00000, 0x0000000716000000, 0x0000000716000000|100%| O|  |TAMS 0x0000000716000000| PB 0x0000000716000000| Updating 
| 176|0x0000000716000000, 0x0000000716200000, 0x0000000716200000|100%| O|  |TAMS 0x0000000716200000| PB 0x0000000716200000| Updating 
| 177|0x0000000716200000, 0x0000000716400000, 0x0000000716400000|100%| O|  |TAMS 0x0000000716400000| PB 0x0000000716400000| Untracked 
| 178|0x0000000716400000, 0x0000000716600000, 0x0000000716600000|100%| O|  |TAMS 0x0000000716600000| PB 0x0000000716600000| Updating 
| 179|0x0000000716600000, 0x0000000716800000, 0x0000000716800000|100%| O|  |TAMS 0x0000000716800000| PB 0x0000000716800000| Untracked 
| 180|0x0000000716800000, 0x0000000716a00000, 0x0000000716a00000|100%| O|  |TAMS 0x0000000716a00000| PB 0x0000000716a00000| Updating 
| 181|0x0000000716a00000, 0x0000000716c00000, 0x0000000716c00000|100%| O|  |TAMS 0x0000000716a00000| PB 0x0000000716a00000| Untracked 
| 182|0x0000000716c00000, 0x0000000716e00000, 0x0000000716e00000|100%| O|  |TAMS 0x0000000716c00000| PB 0x0000000716c00000| Untracked 
| 183|0x0000000716e00000, 0x0000000716efdbc8, 0x0000000717000000| 49%| O|  |TAMS 0x0000000716e00000| PB 0x0000000716e00000| Updating 
| 184|0x0000000717000000, 0x0000000717200000, 0x0000000717200000|100%|HS|  |TAMS 0x0000000717000000| PB 0x0000000717000000| Complete 
| 185|0x0000000717200000, 0x0000000717400000, 0x0000000717400000|100%|HS|  |TAMS 0x0000000717200000| PB 0x0000000717200000| Complete 
| 186|0x0000000717400000, 0x0000000717600000, 0x0000000717600000|100%|HS|  |TAMS 0x0000000717400000| PB 0x0000000717400000| Complete 
| 187|0x0000000717600000, 0x0000000717800000, 0x0000000717800000|100%|HS|  |TAMS 0x0000000717600000| PB 0x0000000717600000| Complete 
| 188|0x0000000717800000, 0x0000000717a00000, 0x0000000717a00000|100%|HS|  |TAMS 0x0000000717800000| PB 0x0000000717800000| Complete 
| 189|0x0000000717a00000, 0x0000000717c00000, 0x0000000717c00000|100%| O|  |TAMS 0x0000000717c00000| PB 0x0000000717c00000| Updating 
| 190|0x0000000717c00000, 0x0000000717e00000, 0x0000000717e00000|100%|HS|  |TAMS 0x0000000717c00000| PB 0x0000000717c00000| Complete 
| 191|0x0000000717e00000, 0x0000000718000000, 0x0000000718000000|100%|HS|  |TAMS 0x0000000717e00000| PB 0x0000000717e00000| Complete 
| 192|0x0000000718000000, 0x0000000718200000, 0x0000000718200000|100%|HS|  |TAMS 0x0000000718000000| PB 0x0000000718000000| Complete 
| 193|0x0000000718200000, 0x0000000718400000, 0x0000000718400000|100%| O|  |TAMS 0x0000000718400000| PB 0x0000000718400000| Updating 
| 194|0x0000000718400000, 0x0000000718600000, 0x0000000718600000|100%| O|  |TAMS 0x0000000718600000| PB 0x0000000718600000| Updating 
| 195|0x0000000718600000, 0x0000000718800000, 0x0000000718800000|100%|HS|  |TAMS 0x0000000718600000| PB 0x0000000718600000| Complete 
| 196|0x0000000718800000, 0x0000000718a00000, 0x0000000718a00000|100%| O|  |TAMS 0x0000000718a00000| PB 0x0000000718a00000| Updating 
| 197|0x0000000718a00000, 0x0000000718c00000, 0x0000000718c00000|100%| O|  |TAMS 0x0000000718c00000| PB 0x0000000718c00000| Updating 
| 198|0x0000000718c00000, 0x0000000718e00000, 0x0000000718e00000|100%| O|  |TAMS 0x0000000718e00000| PB 0x0000000718e00000| Updating 
| 199|0x0000000718e00000, 0x0000000719000000, 0x0000000719000000|100%|HS|  |TAMS 0x0000000718e00000| PB 0x0000000718e00000| Complete 
| 200|0x0000000719000000, 0x0000000719200000, 0x0000000719200000|100%|HS|  |TAMS 0x0000000719000000| PB 0x0000000719000000| Complete 
| 201|0x0000000719200000, 0x0000000719400000, 0x0000000719400000|100%|HS|  |TAMS 0x0000000719200000| PB 0x0000000719200000| Complete 
| 202|0x0000000719400000, 0x0000000719600000, 0x0000000719600000|100%|HS|  |TAMS 0x0000000719400000| PB 0x0000000719400000| Complete 
| 203|0x0000000719600000, 0x0000000719800000, 0x0000000719800000|100%|HS|  |TAMS 0x0000000719600000| PB 0x0000000719600000| Complete 
| 204|0x0000000719800000, 0x0000000719a00000, 0x0000000719a00000|100%|HS|  |TAMS 0x0000000719800000| PB 0x0000000719800000| Complete 
| 205|0x0000000719a00000, 0x0000000719c00000, 0x0000000719c00000|100%|HS|  |TAMS 0x0000000719a00000| PB 0x0000000719a00000| Complete 
| 206|0x0000000719c00000, 0x0000000719e00000, 0x0000000719e00000|100%|HS|  |TAMS 0x0000000719c00000| PB 0x0000000719c00000| Complete 
| 207|0x0000000719e00000, 0x000000071a000000, 0x000000071a000000|100%| O|  |TAMS 0x000000071a000000| PB 0x000000071a000000| Untracked 
| 208|0x000000071a000000, 0x000000071a200000, 0x000000071a200000|100%| O|  |TAMS 0x000000071a200000| PB 0x000000071a200000| Updating 
| 209|0x000000071a200000, 0x000000071a400000, 0x000000071a400000|100%| O|  |TAMS 0x000000071a400000| PB 0x000000071a400000| Untracked 
| 210|0x000000071a400000, 0x000000071a600000, 0x000000071a600000|100%| O|  |TAMS 0x000000071a600000| PB 0x000000071a600000| Untracked 
| 211|0x000000071a600000, 0x000000071a800000, 0x000000071a800000|100%| O|  |TAMS 0x000000071a800000| PB 0x000000071a800000| Updating 
| 212|0x000000071a800000, 0x000000071aa00000, 0x000000071aa00000|100%| O|  |TAMS 0x000000071aa00000| PB 0x000000071aa00000| Untracked 
| 213|0x000000071aa00000, 0x000000071ac00000, 0x000000071ac00000|100%| O|  |TAMS 0x000000071ac00000| PB 0x000000071ac00000| Updating 
| 214|0x000000071ac00000, 0x000000071ae00000, 0x000000071ae00000|100%| O|  |TAMS 0x000000071ae00000| PB 0x000000071ae00000| Updating 
| 215|0x000000071ae00000, 0x000000071b000000, 0x000000071b000000|100%|HS|  |TAMS 0x000000071ae00000| PB 0x000000071ae00000| Complete 
| 216|0x000000071b000000, 0x000000071b200000, 0x000000071b200000|100%|HS|  |TAMS 0x000000071b000000| PB 0x000000071b000000| Complete 
| 217|0x000000071b200000, 0x000000071b400000, 0x000000071b400000|100%|HS|  |TAMS 0x000000071b200000| PB 0x000000071b200000| Complete 
| 218|0x000000071b400000, 0x000000071b600000, 0x000000071b600000|100%|HS|  |TAMS 0x000000071b400000| PB 0x000000071b400000| Complete 
| 219|0x000000071b600000, 0x000000071b800000, 0x000000071b800000|100%|HS|  |TAMS 0x000000071b600000| PB 0x000000071b600000| Complete 
| 220|0x000000071b800000, 0x000000071ba00000, 0x000000071ba00000|100%| O|  |TAMS 0x000000071ba00000| PB 0x000000071ba00000| Updating 
| 221|0x000000071ba00000, 0x000000071bc00000, 0x000000071bc00000|100%| O|  |TAMS 0x000000071bc00000| PB 0x000000071bc00000| Updating 
| 222|0x000000071bc00000, 0x000000071be00000, 0x000000071be00000|100%| O|  |TAMS 0x000000071be00000| PB 0x000000071be00000| Updating 
| 223|0x000000071be00000, 0x000000071c000000, 0x000000071c000000|100%|HS|  |TAMS 0x000000071be00000| PB 0x000000071be00000| Complete 
| 224|0x000000071c000000, 0x000000071c200000, 0x000000071c200000|100%|HS|  |TAMS 0x000000071c000000| PB 0x000000071c000000| Complete 
| 225|0x000000071c200000, 0x000000071c400000, 0x000000071c400000|100%|HS|  |TAMS 0x000000071c200000| PB 0x000000071c200000| Complete 
| 226|0x000000071c400000, 0x000000071c600000, 0x000000071c600000|100%| O|  |TAMS 0x000000071c600000| PB 0x000000071c600000| Updating 
| 227|0x000000071c600000, 0x000000071c800000, 0x000000071c800000|100%|HS|  |TAMS 0x000000071c600000| PB 0x000000071c600000| Complete 
| 228|0x000000071c800000, 0x000000071ca00000, 0x000000071ca00000|100%|HS|  |TAMS 0x000000071c800000| PB 0x000000071c800000| Complete 
| 229|0x000000071ca00000, 0x000000071cc00000, 0x000000071cc00000|100%|HS|  |TAMS 0x000000071ca00000| PB 0x000000071ca00000| Complete 
| 230|0x000000071cc00000, 0x000000071ce00000, 0x000000071ce00000|100%|HS|  |TAMS 0x000000071cc00000| PB 0x000000071cc00000| Complete 
| 231|0x000000071ce00000, 0x000000071d000000, 0x000000071d000000|100%|HS|  |TAMS 0x000000071ce00000| PB 0x000000071ce00000| Complete 
| 232|0x000000071d000000, 0x000000071d200000, 0x000000071d200000|100%|HS|  |TAMS 0x000000071d000000| PB 0x000000071d000000| Complete 
| 233|0x000000071d200000, 0x000000071d400000, 0x000000071d400000|100%|HS|  |TAMS 0x000000071d200000| PB 0x000000071d200000| Complete 
| 234|0x000000071d400000, 0x000000071d600000, 0x000000071d600000|100%|HS|  |TAMS 0x000000071d400000| PB 0x000000071d400000| Complete 
| 235|0x000000071d600000, 0x000000071d800000, 0x000000071d800000|100%|HS|  |TAMS 0x000000071d600000| PB 0x000000071d600000| Complete 
| 236|0x000000071d800000, 0x000000071da00000, 0x000000071da00000|100%|HS|  |TAMS 0x000000071d800000| PB 0x000000071d800000| Complete 
| 237|0x000000071da00000, 0x000000071dc00000, 0x000000071dc00000|100%|HS|  |TAMS 0x000000071da00000| PB 0x000000071da00000| Complete 
| 238|0x000000071dc00000, 0x000000071de00000, 0x000000071de00000|100%|HS|  |TAMS 0x000000071dc00000| PB 0x000000071dc00000| Complete 
| 239|0x000000071de00000, 0x000000071e000000, 0x000000071e000000|100%|HS|  |TAMS 0x000000071de00000| PB 0x000000071de00000| Complete 
| 240|0x000000071e000000, 0x000000071e200000, 0x000000071e200000|100%|HS|  |TAMS 0x000000071e000000| PB 0x000000071e000000| Complete 
| 241|0x000000071e200000, 0x000000071e400000, 0x000000071e400000|100%|HS|  |TAMS 0x000000071e200000| PB 0x000000071e200000| Complete 
| 242|0x000000071e400000, 0x000000071e600000, 0x000000071e600000|100%|HS|  |TAMS 0x000000071e400000| PB 0x000000071e400000| Complete 
| 243|0x000000071e600000, 0x000000071e800000, 0x000000071e800000|100%|HS|  |TAMS 0x000000071e600000| PB 0x000000071e600000| Complete 
| 244|0x000000071e800000, 0x000000071ea00000, 0x000000071ea00000|100%|HS|  |TAMS 0x000000071e800000| PB 0x000000071e800000| Complete 
| 245|0x000000071ea00000, 0x000000071ec00000, 0x000000071ec00000|100%|HS|  |TAMS 0x000000071ea00000| PB 0x000000071ea00000| Complete 
| 246|0x000000071ec00000, 0x000000071ee00000, 0x000000071ee00000|100%|HS|  |TAMS 0x000000071ec00000| PB 0x000000071ec00000| Complete 
| 247|0x000000071ee00000, 0x000000071f000000, 0x000000071f000000|100%|HS|  |TAMS 0x000000071ee00000| PB 0x000000071ee00000| Complete 
| 248|0x000000071f000000, 0x000000071f200000, 0x000000071f200000|100%|HS|  |TAMS 0x000000071f000000| PB 0x000000071f000000| Complete 
| 249|0x000000071f200000, 0x000000071f400000, 0x000000071f400000|100%|HS|  |TAMS 0x000000071f200000| PB 0x000000071f200000| Complete 
| 250|0x000000071f400000, 0x000000071f600000, 0x000000071f600000|100%|HS|  |TAMS 0x000000071f400000| PB 0x000000071f400000| Complete 
| 251|0x000000071f600000, 0x000000071f800000, 0x000000071f800000|100%|HS|  |TAMS 0x000000071f600000| PB 0x000000071f600000| Complete 
| 252|0x000000071f800000, 0x000000071fa00000, 0x000000071fa00000|100%|HS|  |TAMS 0x000000071f800000| PB 0x000000071f800000| Complete 
| 253|0x000000071fa00000, 0x000000071fc00000, 0x000000071fc00000|100%|HS|  |TAMS 0x000000071fa00000| PB 0x000000071fa00000| Complete 
| 254|0x000000071fc00000, 0x000000071fe00000, 0x000000071fe00000|100%|HS|  |TAMS 0x000000071fc00000| PB 0x000000071fc00000| Complete 
| 255|0x000000071fe00000, 0x0000000720000000, 0x0000000720000000|100%|HS|  |TAMS 0x000000071fe00000| PB 0x000000071fe00000| Complete 
| 256|0x0000000720000000, 0x0000000720200000, 0x0000000720200000|100%|HS|  |TAMS 0x0000000720000000| PB 0x0000000720000000| Complete 
| 257|0x0000000720200000, 0x0000000720400000, 0x0000000720400000|100%|HS|  |TAMS 0x0000000720200000| PB 0x0000000720200000| Complete 
| 258|0x0000000720400000, 0x0000000720600000, 0x0000000720600000|100%|HS|  |TAMS 0x0000000720400000| PB 0x0000000720400000| Complete 
| 259|0x0000000720600000, 0x0000000720800000, 0x0000000720800000|100%|HS|  |TAMS 0x0000000720600000| PB 0x0000000720600000| Complete 
| 260|0x0000000720800000, 0x0000000720a00000, 0x0000000720a00000|100%|HS|  |TAMS 0x0000000720800000| PB 0x0000000720800000| Complete 
| 261|0x0000000720a00000, 0x0000000720c00000, 0x0000000720c00000|100%|HS|  |TAMS 0x0000000720a00000| PB 0x0000000720a00000| Complete 
| 262|0x0000000720c00000, 0x0000000720e00000, 0x0000000720e00000|100%|HS|  |TAMS 0x0000000720c00000| PB 0x0000000720c00000| Complete 
| 263|0x0000000720e00000, 0x0000000721000000, 0x0000000721000000|100%|HS|  |TAMS 0x0000000720e00000| PB 0x0000000720e00000| Complete 
| 264|0x0000000721000000, 0x0000000721200000, 0x0000000721200000|100%|HS|  |TAMS 0x0000000721000000| PB 0x0000000721000000| Complete 
| 265|0x0000000721200000, 0x0000000721400000, 0x0000000721400000|100%|HS|  |TAMS 0x0000000721200000| PB 0x0000000721200000| Complete 
| 266|0x0000000721400000, 0x0000000721600000, 0x0000000721600000|100%|HS|  |TAMS 0x0000000721400000| PB 0x0000000721400000| Complete 
| 267|0x0000000721600000, 0x0000000721800000, 0x0000000721800000|100%|HS|  |TAMS 0x0000000721600000| PB 0x0000000721600000| Complete 
| 268|0x0000000721800000, 0x0000000721a00000, 0x0000000721a00000|100%|HS|  |TAMS 0x0000000721800000| PB 0x0000000721800000| Complete 
| 269|0x0000000721a00000, 0x0000000721c00000, 0x0000000721c00000|100%|HS|  |TAMS 0x0000000721a00000| PB 0x0000000721a00000| Complete 
| 270|0x0000000721c00000, 0x0000000721e00000, 0x0000000721e00000|100%|HS|  |TAMS 0x0000000721c00000| PB 0x0000000721c00000| Complete 
| 271|0x0000000721e00000, 0x0000000722000000, 0x0000000722000000|100%|HS|  |TAMS 0x0000000721e00000| PB 0x0000000721e00000| Complete 
| 272|0x0000000722000000, 0x0000000722200000, 0x0000000722200000|100%|HS|  |TAMS 0x0000000722000000| PB 0x0000000722000000| Complete 
| 273|0x0000000722200000, 0x0000000722400000, 0x0000000722400000|100%|HS|  |TAMS 0x0000000722200000| PB 0x0000000722200000| Complete 
| 274|0x0000000722400000, 0x0000000722600000, 0x0000000722600000|100%|HS|  |TAMS 0x0000000722400000| PB 0x0000000722400000| Complete 
| 275|0x0000000722600000, 0x0000000722800000, 0x0000000722800000|100%|HS|  |TAMS 0x0000000722600000| PB 0x0000000722600000| Complete 
| 276|0x0000000722800000, 0x0000000722a00000, 0x0000000722a00000|100%|HS|  |TAMS 0x0000000722800000| PB 0x0000000722800000| Complete 
| 277|0x0000000722a00000, 0x0000000722c00000, 0x0000000722c00000|100%|HS|  |TAMS 0x0000000722a00000| PB 0x0000000722a00000| Complete 
| 278|0x0000000722c00000, 0x0000000722e00000, 0x0000000722e00000|100%|HS|  |TAMS 0x0000000722c00000| PB 0x0000000722c00000| Complete 
| 279|0x0000000722e00000, 0x0000000723000000, 0x0000000723000000|100%|HS|  |TAMS 0x0000000722e00000| PB 0x0000000722e00000| Complete 
| 280|0x0000000723000000, 0x0000000723200000, 0x0000000723200000|100%|HS|  |TAMS 0x0000000723000000| PB 0x0000000723000000| Complete 
| 281|0x0000000723200000, 0x0000000723400000, 0x0000000723400000|100%|HS|  |TAMS 0x0000000723200000| PB 0x0000000723200000| Complete 
| 282|0x0000000723400000, 0x0000000723600000, 0x0000000723600000|100%|HS|  |TAMS 0x0000000723400000| PB 0x0000000723400000| Complete 
| 283|0x0000000723600000, 0x0000000723800000, 0x0000000723800000|100%|HS|  |TAMS 0x0000000723600000| PB 0x0000000723600000| Complete 
| 284|0x0000000723800000, 0x0000000723a00000, 0x0000000723a00000|100%|HS|  |TAMS 0x0000000723800000| PB 0x0000000723800000| Complete 
| 285|0x0000000723a00000, 0x0000000723c00000, 0x0000000723c00000|100%|HS|  |TAMS 0x0000000723a00000| PB 0x0000000723a00000| Complete 
| 286|0x0000000723c00000, 0x0000000723e00000, 0x0000000723e00000|100%|HS|  |TAMS 0x0000000723c00000| PB 0x0000000723c00000| Complete 
| 287|0x0000000723e00000, 0x0000000724000000, 0x0000000724000000|100%|HS|  |TAMS 0x0000000723e00000| PB 0x0000000723e00000| Complete 
| 288|0x0000000724000000, 0x0000000724200000, 0x0000000724200000|100%|HS|  |TAMS 0x0000000724000000| PB 0x0000000724000000| Complete 
| 289|0x0000000724200000, 0x0000000724400000, 0x0000000724400000|100%|HS|  |TAMS 0x0000000724200000| PB 0x0000000724200000| Complete 
| 290|0x0000000724400000, 0x0000000724600000, 0x0000000724600000|100%|HS|  |TAMS 0x0000000724400000| PB 0x0000000724400000| Complete 
| 291|0x0000000724600000, 0x0000000724800000, 0x0000000724800000|100%|HS|  |TAMS 0x0000000724600000| PB 0x0000000724600000| Complete 
| 292|0x0000000724800000, 0x0000000724a00000, 0x0000000724a00000|100%|HS|  |TAMS 0x0000000724800000| PB 0x0000000724800000| Complete 
| 293|0x0000000724a00000, 0x0000000724c00000, 0x0000000724c00000|100%|HS|  |TAMS 0x0000000724a00000| PB 0x0000000724a00000| Complete 
| 294|0x0000000724c00000, 0x0000000724e00000, 0x0000000724e00000|100%|HS|  |TAMS 0x0000000724c00000| PB 0x0000000724c00000| Complete 
| 295|0x0000000724e00000, 0x0000000725000000, 0x0000000725000000|100%|HS|  |TAMS 0x0000000724e00000| PB 0x0000000724e00000| Complete 
| 296|0x0000000725000000, 0x0000000725200000, 0x0000000725200000|100%|HS|  |TAMS 0x0000000725000000| PB 0x0000000725000000| Complete 
| 297|0x0000000725200000, 0x0000000725400000, 0x0000000725400000|100%|HS|  |TAMS 0x0000000725200000| PB 0x0000000725200000| Complete 
| 298|0x0000000725400000, 0x0000000725600000, 0x0000000725600000|100%|HS|  |TAMS 0x0000000725400000| PB 0x0000000725400000| Complete 
| 299|0x0000000725600000, 0x0000000725800000, 0x0000000725800000|100%|HS|  |TAMS 0x0000000725600000| PB 0x0000000725600000| Complete 
| 300|0x0000000725800000, 0x0000000725a00000, 0x0000000725a00000|100%|HS|  |TAMS 0x0000000725800000| PB 0x0000000725800000| Complete 
| 301|0x0000000725a00000, 0x0000000725c00000, 0x0000000725c00000|100%|HS|  |TAMS 0x0000000725a00000| PB 0x0000000725a00000| Complete 
| 302|0x0000000725c00000, 0x0000000725e00000, 0x0000000725e00000|100%|HS|  |TAMS 0x0000000725c00000| PB 0x0000000725c00000| Complete 
| 303|0x0000000725e00000, 0x0000000726000000, 0x0000000726000000|100%|HS|  |TAMS 0x0000000725e00000| PB 0x0000000725e00000| Complete 
| 304|0x0000000726000000, 0x0000000726200000, 0x0000000726200000|100%|HS|  |TAMS 0x0000000726000000| PB 0x0000000726000000| Complete 
| 305|0x0000000726200000, 0x0000000726400000, 0x0000000726400000|100%|HS|  |TAMS 0x0000000726200000| PB 0x0000000726200000| Complete 
| 306|0x0000000726400000, 0x0000000726600000, 0x0000000726600000|100%|HS|  |TAMS 0x0000000726400000| PB 0x0000000726400000| Complete 
| 307|0x0000000726600000, 0x0000000726800000, 0x0000000726800000|100%|HS|  |TAMS 0x0000000726600000| PB 0x0000000726600000| Complete 
| 308|0x0000000726800000, 0x0000000726a00000, 0x0000000726a00000|100%|HS|  |TAMS 0x0000000726800000| PB 0x0000000726800000| Complete 
| 309|0x0000000726a00000, 0x0000000726c00000, 0x0000000726c00000|100%|HS|  |TAMS 0x0000000726a00000| PB 0x0000000726a00000| Complete 
| 310|0x0000000726c00000, 0x0000000726e00000, 0x0000000726e00000|100%|HS|  |TAMS 0x0000000726c00000| PB 0x0000000726c00000| Complete 
| 311|0x0000000726e00000, 0x0000000727000000, 0x0000000727000000|100%|HS|  |TAMS 0x0000000726e00000| PB 0x0000000726e00000| Complete 
| 312|0x0000000727000000, 0x0000000727200000, 0x0000000727200000|100%|HS|  |TAMS 0x0000000727000000| PB 0x0000000727000000| Complete 
| 313|0x0000000727200000, 0x0000000727400000, 0x0000000727400000|100%|HS|  |TAMS 0x0000000727200000| PB 0x0000000727200000| Complete 
| 314|0x0000000727400000, 0x0000000727600000, 0x0000000727600000|100%|HS|  |TAMS 0x0000000727400000| PB 0x0000000727400000| Complete 
| 315|0x0000000727600000, 0x0000000727800000, 0x0000000727800000|100%|HS|  |TAMS 0x0000000727600000| PB 0x0000000727600000| Complete 
| 316|0x0000000727800000, 0x0000000727a00000, 0x0000000727a00000|100%|HS|  |TAMS 0x0000000727800000| PB 0x0000000727800000| Complete 
| 317|0x0000000727a00000, 0x0000000727c00000, 0x0000000727c00000|100%|HS|  |TAMS 0x0000000727a00000| PB 0x0000000727a00000| Complete 
| 318|0x0000000727c00000, 0x0000000727e00000, 0x0000000727e00000|100%|HS|  |TAMS 0x0000000727c00000| PB 0x0000000727c00000| Complete 
| 319|0x0000000727e00000, 0x0000000728000000, 0x0000000728000000|100%|HS|  |TAMS 0x0000000727e00000| PB 0x0000000727e00000| Complete 
| 320|0x0000000728000000, 0x0000000728200000, 0x0000000728200000|100%|HS|  |TAMS 0x0000000728000000| PB 0x0000000728000000| Complete 
| 321|0x0000000728200000, 0x0000000728400000, 0x0000000728400000|100%|HS|  |TAMS 0x0000000728200000| PB 0x0000000728200000| Complete 
| 322|0x0000000728400000, 0x0000000728600000, 0x0000000728600000|100%|HS|  |TAMS 0x0000000728400000| PB 0x0000000728400000| Complete 
| 323|0x0000000728600000, 0x0000000728800000, 0x0000000728800000|100%|HS|  |TAMS 0x0000000728600000| PB 0x0000000728600000| Complete 
| 324|0x0000000728800000, 0x0000000728a00000, 0x0000000728a00000|100%|HS|  |TAMS 0x0000000728800000| PB 0x0000000728800000| Complete 
| 325|0x0000000728a00000, 0x0000000728c00000, 0x0000000728c00000|100%|HS|  |TAMS 0x0000000728a00000| PB 0x0000000728a00000| Complete 
| 326|0x0000000728c00000, 0x0000000728e00000, 0x0000000728e00000|100%|HS|  |TAMS 0x0000000728c00000| PB 0x0000000728c00000| Complete 
| 327|0x0000000728e00000, 0x0000000729000000, 0x0000000729000000|100%|HS|  |TAMS 0x0000000728e00000| PB 0x0000000728e00000| Complete 
| 328|0x0000000729000000, 0x0000000729200000, 0x0000000729200000|100%|HS|  |TAMS 0x0000000729000000| PB 0x0000000729000000| Complete 
| 329|0x0000000729200000, 0x0000000729400000, 0x0000000729400000|100%|HS|  |TAMS 0x0000000729200000| PB 0x0000000729200000| Complete 
| 330|0x0000000729400000, 0x0000000729600000, 0x0000000729600000|100%|HS|  |TAMS 0x0000000729400000| PB 0x0000000729400000| Complete 
| 331|0x0000000729600000, 0x0000000729800000, 0x0000000729800000|100%|HS|  |TAMS 0x0000000729600000| PB 0x0000000729600000| Complete 
| 332|0x0000000729800000, 0x0000000729a00000, 0x0000000729a00000|100%|HS|  |TAMS 0x0000000729800000| PB 0x0000000729800000| Complete 
| 333|0x0000000729a00000, 0x0000000729c00000, 0x0000000729c00000|100%|HS|  |TAMS 0x0000000729a00000| PB 0x0000000729a00000| Complete 
| 334|0x0000000729c00000, 0x0000000729e00000, 0x0000000729e00000|100%|HS|  |TAMS 0x0000000729c00000| PB 0x0000000729c00000| Complete 
| 335|0x0000000729e00000, 0x000000072a000000, 0x000000072a000000|100%|HS|  |TAMS 0x0000000729e00000| PB 0x0000000729e00000| Complete 
| 336|0x000000072a000000, 0x000000072a200000, 0x000000072a200000|100%|HS|  |TAMS 0x000000072a000000| PB 0x000000072a000000| Complete 
| 337|0x000000072a200000, 0x000000072a400000, 0x000000072a400000|100%|HS|  |TAMS 0x000000072a200000| PB 0x000000072a200000| Complete 
| 338|0x000000072a400000, 0x000000072a4be860, 0x000000072a600000| 37%| S|CS|TAMS 0x000000072a400000| PB 0x000000072a400000| Complete 
| 339|0x000000072a600000, 0x000000072a800000, 0x000000072a800000|100%|HS|  |TAMS 0x000000072a600000| PB 0x000000072a600000| Complete 
| 340|0x000000072a800000, 0x000000072aa00000, 0x000000072aa00000|100%|HS|  |TAMS 0x000000072a800000| PB 0x000000072a800000| Complete 
| 341|0x000000072aa00000, 0x000000072ac00000, 0x000000072ac00000|100%|HS|  |TAMS 0x000000072aa00000| PB 0x000000072aa00000| Complete 
| 342|0x000000072ac00000, 0x000000072ae00000, 0x000000072ae00000|100%|HS|  |TAMS 0x000000072ac00000| PB 0x000000072ac00000| Complete 
| 343|0x000000072ae00000, 0x000000072b000000, 0x000000072b000000|100%|HS|  |TAMS 0x000000072ae00000| PB 0x000000072ae00000| Complete 
| 344|0x000000072b000000, 0x000000072b200000, 0x000000072b200000|100%|HS|  |TAMS 0x000000072b000000| PB 0x000000072b000000| Complete 
| 345|0x000000072b200000, 0x000000072b400000, 0x000000072b400000|100%|HS|  |TAMS 0x000000072b200000| PB 0x000000072b200000| Complete 
| 346|0x000000072b400000, 0x000000072b600000, 0x000000072b600000|100%|HS|  |TAMS 0x000000072b400000| PB 0x000000072b400000| Complete 
| 347|0x000000072b600000, 0x000000072b800000, 0x000000072b800000|100%|HS|  |TAMS 0x000000072b600000| PB 0x000000072b600000| Complete 
| 348|0x000000072b800000, 0x000000072ba00000, 0x000000072ba00000|100%|HS|  |TAMS 0x000000072b800000| PB 0x000000072b800000| Complete 
| 349|0x000000072ba00000, 0x000000072bc00000, 0x000000072bc00000|100%|HS|  |TAMS 0x000000072ba00000| PB 0x000000072ba00000| Complete 
| 350|0x000000072bc00000, 0x000000072be00000, 0x000000072be00000|100%| S|CS|TAMS 0x000000072bc00000| PB 0x000000072bc00000| Complete 
| 351|0x000000072be00000, 0x000000072c000000, 0x000000072c000000|100%| S|CS|TAMS 0x000000072be00000| PB 0x000000072be00000| Complete 
| 352|0x000000072c000000, 0x000000072c200000, 0x000000072c200000|100%| S|CS|TAMS 0x000000072c000000| PB 0x000000072c000000| Complete 
| 353|0x000000072c200000, 0x000000072c400000, 0x000000072c400000|100%| S|CS|TAMS 0x000000072c200000| PB 0x000000072c200000| Complete 
| 354|0x000000072c400000, 0x000000072c600000, 0x000000072c600000|100%| S|CS|TAMS 0x000000072c400000| PB 0x000000072c400000| Complete 
| 355|0x000000072c600000, 0x000000072c800000, 0x000000072c800000|100%| S|CS|TAMS 0x000000072c600000| PB 0x000000072c600000| Complete 
| 356|0x000000072c800000, 0x000000072ca00000, 0x000000072ca00000|100%|HS|  |TAMS 0x000000072c800000| PB 0x000000072c800000| Complete 
| 357|0x000000072ca00000, 0x000000072cc00000, 0x000000072cc00000|100%|HS|  |TAMS 0x000000072ca00000| PB 0x000000072ca00000| Complete 
| 358|0x000000072cc00000, 0x000000072ce00000, 0x000000072ce00000|100%|HS|  |TAMS 0x000000072cc00000| PB 0x000000072cc00000| Complete 
| 359|0x000000072ce00000, 0x000000072d000000, 0x000000072d000000|100%|HS|  |TAMS 0x000000072ce00000| PB 0x000000072ce00000| Complete 
| 360|0x000000072d000000, 0x000000072d200000, 0x000000072d200000|100%|HS|  |TAMS 0x000000072d000000| PB 0x000000072d000000| Complete 
| 361|0x000000072d200000, 0x000000072d400000, 0x000000072d400000|100%|HS|  |TAMS 0x000000072d200000| PB 0x000000072d200000| Complete 
| 362|0x000000072d400000, 0x000000072d600000, 0x000000072d600000|100%|HS|  |TAMS 0x000000072d400000| PB 0x000000072d400000| Complete 
| 363|0x000000072d600000, 0x000000072d800000, 0x000000072d800000|100%|HS|  |TAMS 0x000000072d600000| PB 0x000000072d600000| Complete 
| 364|0x000000072d800000, 0x000000072da00000, 0x000000072da00000|100%|HS|  |TAMS 0x000000072d800000| PB 0x000000072d800000| Complete 
| 365|0x000000072da00000, 0x000000072dc00000, 0x000000072dc00000|100%|HS|  |TAMS 0x000000072da00000| PB 0x000000072da00000| Complete 
| 366|0x000000072dc00000, 0x000000072de00000, 0x000000072de00000|100%|HS|  |TAMS 0x000000072dc00000| PB 0x000000072dc00000| Complete 
| 367|0x000000072de00000, 0x000000072e000000, 0x000000072e000000|100%|HS|  |TAMS 0x000000072de00000| PB 0x000000072de00000| Complete 
| 368|0x000000072e000000, 0x000000072e200000, 0x000000072e200000|100%|HS|  |TAMS 0x000000072e000000| PB 0x000000072e000000| Complete 
| 369|0x000000072e200000, 0x000000072e400000, 0x000000072e400000|100%|HS|  |TAMS 0x000000072e200000| PB 0x000000072e200000| Complete 
| 370|0x000000072e400000, 0x000000072e600000, 0x000000072e600000|100%|HS|  |TAMS 0x000000072e400000| PB 0x000000072e400000| Complete 
| 371|0x000000072e600000, 0x000000072e800000, 0x000000072e800000|100%|HS|  |TAMS 0x000000072e600000| PB 0x000000072e600000| Complete 
| 372|0x000000072e800000, 0x000000072ea00000, 0x000000072ea00000|100%|HS|  |TAMS 0x000000072e800000| PB 0x000000072e800000| Complete 
| 373|0x000000072ea00000, 0x000000072ec00000, 0x000000072ec00000|100%|HS|  |TAMS 0x000000072ea00000| PB 0x000000072ea00000| Complete 
| 374|0x000000072ec00000, 0x000000072ee00000, 0x000000072ee00000|100%|HS|  |TAMS 0x000000072ec00000| PB 0x000000072ec00000| Complete 
| 375|0x000000072ee00000, 0x000000072f000000, 0x000000072f000000|100%|HS|  |TAMS 0x000000072ee00000| PB 0x000000072ee00000| Complete 
| 376|0x000000072f000000, 0x000000072f200000, 0x000000072f200000|100%|HS|  |TAMS 0x000000072f000000| PB 0x000000072f000000| Complete 
| 377|0x000000072f200000, 0x000000072f400000, 0x000000072f400000|100%|HS|  |TAMS 0x000000072f200000| PB 0x000000072f200000| Complete 
| 378|0x000000072f400000, 0x000000072f600000, 0x000000072f600000|100%|HS|  |TAMS 0x000000072f400000| PB 0x000000072f400000| Complete 
| 379|0x000000072f600000, 0x000000072f800000, 0x000000072f800000|100%|HS|  |TAMS 0x000000072f600000| PB 0x000000072f600000| Complete 
| 380|0x000000072f800000, 0x000000072fa00000, 0x000000072fa00000|100%|HS|  |TAMS 0x000000072f800000| PB 0x000000072f800000| Complete 
| 381|0x000000072fa00000, 0x000000072fc00000, 0x000000072fc00000|100%|HS|  |TAMS 0x000000072fa00000| PB 0x000000072fa00000| Complete 
| 382|0x000000072fc00000, 0x000000072fe00000, 0x000000072fe00000|100%|HS|  |TAMS 0x000000072fc00000| PB 0x000000072fc00000| Complete 
| 383|0x000000072fe00000, 0x0000000730000000, 0x0000000730000000|100%|HS|  |TAMS 0x000000072fe00000| PB 0x000000072fe00000| Complete 
| 384|0x0000000730000000, 0x0000000730200000, 0x0000000730200000|100%|HS|  |TAMS 0x0000000730000000| PB 0x0000000730000000| Complete 
| 385|0x0000000730200000, 0x0000000730400000, 0x0000000730400000|100%|HS|  |TAMS 0x0000000730200000| PB 0x0000000730200000| Complete 
| 386|0x0000000730400000, 0x0000000730600000, 0x0000000730600000|100%|HS|  |TAMS 0x0000000730400000| PB 0x0000000730400000| Complete 
| 387|0x0000000730600000, 0x0000000730800000, 0x0000000730800000|100%|HS|  |TAMS 0x0000000730600000| PB 0x0000000730600000| Complete 
| 388|0x0000000730800000, 0x0000000730a00000, 0x0000000730a00000|100%|HS|  |TAMS 0x0000000730800000| PB 0x0000000730800000| Complete 
| 389|0x0000000730a00000, 0x0000000730c00000, 0x0000000730c00000|100%|HS|  |TAMS 0x0000000730a00000| PB 0x0000000730a00000| Complete 
| 390|0x0000000730c00000, 0x0000000730e00000, 0x0000000730e00000|100%|HS|  |TAMS 0x0000000730c00000| PB 0x0000000730c00000| Complete 
| 391|0x0000000730e00000, 0x0000000731000000, 0x0000000731000000|100%|HS|  |TAMS 0x0000000730e00000| PB 0x0000000730e00000| Complete 
| 392|0x0000000731000000, 0x0000000731200000, 0x0000000731200000|100%|HS|  |TAMS 0x0000000731000000| PB 0x0000000731000000| Complete 
| 393|0x0000000731200000, 0x0000000731400000, 0x0000000731400000|100%|HS|  |TAMS 0x0000000731200000| PB 0x0000000731200000| Complete 
| 394|0x0000000731400000, 0x0000000731600000, 0x0000000731600000|100%|HS|  |TAMS 0x0000000731400000| PB 0x0000000731400000| Complete 
| 395|0x0000000731600000, 0x0000000731800000, 0x0000000731800000|100%|HS|  |TAMS 0x0000000731600000| PB 0x0000000731600000| Complete 
| 396|0x0000000731800000, 0x0000000731a00000, 0x0000000731a00000|100%|HS|  |TAMS 0x0000000731800000| PB 0x0000000731800000| Complete 
| 397|0x0000000731a00000, 0x0000000731c00000, 0x0000000731c00000|100%|HS|  |TAMS 0x0000000731a00000| PB 0x0000000731a00000| Complete 
| 398|0x0000000731c00000, 0x0000000731e00000, 0x0000000731e00000|100%|HS|  |TAMS 0x0000000731c00000| PB 0x0000000731c00000| Complete 
| 399|0x0000000731e00000, 0x0000000732000000, 0x0000000732000000|100%|HS|  |TAMS 0x0000000731e00000| PB 0x0000000731e00000| Complete 
| 400|0x0000000732000000, 0x0000000732200000, 0x0000000732200000|100%|HS|  |TAMS 0x0000000732000000| PB 0x0000000732000000| Complete 
| 401|0x0000000732200000, 0x0000000732400000, 0x0000000732400000|100%|HS|  |TAMS 0x0000000732200000| PB 0x0000000732200000| Complete 
| 402|0x0000000732400000, 0x0000000732600000, 0x0000000732600000|100%|HS|  |TAMS 0x0000000732400000| PB 0x0000000732400000| Complete 
| 403|0x0000000732600000, 0x0000000732800000, 0x0000000732800000|100%|HS|  |TAMS 0x0000000732600000| PB 0x0000000732600000| Complete 
| 404|0x0000000732800000, 0x0000000732a00000, 0x0000000732a00000|100%|HS|  |TAMS 0x0000000732800000| PB 0x0000000732800000| Complete 
| 405|0x0000000732a00000, 0x0000000732c00000, 0x0000000732c00000|100%|HS|  |TAMS 0x0000000732a00000| PB 0x0000000732a00000| Complete 
| 406|0x0000000732c00000, 0x0000000732e00000, 0x0000000732e00000|100%|HS|  |TAMS 0x0000000732c00000| PB 0x0000000732c00000| Complete 
| 407|0x0000000732e00000, 0x0000000733000000, 0x0000000733000000|100%|HS|  |TAMS 0x0000000732e00000| PB 0x0000000732e00000| Complete 
| 408|0x0000000733000000, 0x0000000733200000, 0x0000000733200000|100%|HS|  |TAMS 0x0000000733000000| PB 0x0000000733000000| Complete 
| 409|0x0000000733200000, 0x0000000733400000, 0x0000000733400000|100%|HS|  |TAMS 0x0000000733200000| PB 0x0000000733200000| Complete 
| 410|0x0000000733400000, 0x0000000733600000, 0x0000000733600000|100%|HS|  |TAMS 0x0000000733400000| PB 0x0000000733400000| Complete 
| 411|0x0000000733600000, 0x0000000733800000, 0x0000000733800000|100%|HS|  |TAMS 0x0000000733600000| PB 0x0000000733600000| Complete 
| 412|0x0000000733800000, 0x0000000733a00000, 0x0000000733a00000|100%|HS|  |TAMS 0x0000000733800000| PB 0x0000000733800000| Complete 
| 413|0x0000000733a00000, 0x0000000733c00000, 0x0000000733c00000|100%|HS|  |TAMS 0x0000000733a00000| PB 0x0000000733a00000| Complete 
| 414|0x0000000733c00000, 0x0000000733e00000, 0x0000000733e00000|100%|HS|  |TAMS 0x0000000733c00000| PB 0x0000000733c00000| Complete 
| 415|0x0000000733e00000, 0x0000000734000000, 0x0000000734000000|100%|HS|  |TAMS 0x0000000733e00000| PB 0x0000000733e00000| Complete 
| 416|0x0000000734000000, 0x0000000734200000, 0x0000000734200000|100%|HS|  |TAMS 0x0000000734000000| PB 0x0000000734000000| Complete 
| 417|0x0000000734200000, 0x0000000734400000, 0x0000000734400000|100%|HS|  |TAMS 0x0000000734200000| PB 0x0000000734200000| Complete 
| 418|0x0000000734400000, 0x0000000734600000, 0x0000000734600000|100%|HS|  |TAMS 0x0000000734400000| PB 0x0000000734400000| Complete 
| 419|0x0000000734600000, 0x0000000734800000, 0x0000000734800000|100%|HS|  |TAMS 0x0000000734600000| PB 0x0000000734600000| Complete 
| 420|0x0000000734800000, 0x0000000734a00000, 0x0000000734a00000|100%|HS|  |TAMS 0x0000000734800000| PB 0x0000000734800000| Complete 
| 421|0x0000000734a00000, 0x0000000734c00000, 0x0000000734c00000|100%|HS|  |TAMS 0x0000000734a00000| PB 0x0000000734a00000| Complete 
| 422|0x0000000734c00000, 0x0000000734e00000, 0x0000000734e00000|100%|HS|  |TAMS 0x0000000734c00000| PB 0x0000000734c00000| Complete 
| 423|0x0000000734e00000, 0x0000000735000000, 0x0000000735000000|100%|HS|  |TAMS 0x0000000734e00000| PB 0x0000000734e00000| Complete 
| 424|0x0000000735000000, 0x0000000735200000, 0x0000000735200000|100%|HS|  |TAMS 0x0000000735000000| PB 0x0000000735000000| Complete 
| 425|0x0000000735200000, 0x0000000735400000, 0x0000000735400000|100%|HS|  |TAMS 0x0000000735200000| PB 0x0000000735200000| Complete 
| 426|0x0000000735400000, 0x0000000735600000, 0x0000000735600000|100%|HS|  |TAMS 0x0000000735400000| PB 0x0000000735400000| Complete 
| 427|0x0000000735600000, 0x0000000735800000, 0x0000000735800000|100%|HS|  |TAMS 0x0000000735600000| PB 0x0000000735600000| Complete 
| 428|0x0000000735800000, 0x0000000735a00000, 0x0000000735a00000|100%|HS|  |TAMS 0x0000000735800000| PB 0x0000000735800000| Complete 
| 429|0x0000000735a00000, 0x0000000735c00000, 0x0000000735c00000|100%|HS|  |TAMS 0x0000000735a00000| PB 0x0000000735a00000| Complete 
| 430|0x0000000735c00000, 0x0000000735e00000, 0x0000000735e00000|100%|HS|  |TAMS 0x0000000735c00000| PB 0x0000000735c00000| Complete 
| 431|0x0000000735e00000, 0x0000000736000000, 0x0000000736000000|100%|HS|  |TAMS 0x0000000735e00000| PB 0x0000000735e00000| Complete 
| 432|0x0000000736000000, 0x0000000736200000, 0x0000000736200000|100%|HS|  |TAMS 0x0000000736000000| PB 0x0000000736000000| Complete 
| 433|0x0000000736200000, 0x0000000736400000, 0x0000000736400000|100%|HS|  |TAMS 0x0000000736200000| PB 0x0000000736200000| Complete 
| 434|0x0000000736400000, 0x0000000736600000, 0x0000000736600000|100%|HS|  |TAMS 0x0000000736400000| PB 0x0000000736400000| Complete 
| 435|0x0000000736600000, 0x0000000736800000, 0x0000000736800000|100%|HS|  |TAMS 0x0000000736600000| PB 0x0000000736600000| Complete 
| 436|0x0000000736800000, 0x0000000736a00000, 0x0000000736a00000|100%|HS|  |TAMS 0x0000000736800000| PB 0x0000000736800000| Complete 
| 437|0x0000000736a00000, 0x0000000736c00000, 0x0000000736c00000|100%|HS|  |TAMS 0x0000000736a00000| PB 0x0000000736a00000| Complete 
| 438|0x0000000736c00000, 0x0000000736e00000, 0x0000000736e00000|100%|HS|  |TAMS 0x0000000736c00000| PB 0x0000000736c00000| Complete 
| 439|0x0000000736e00000, 0x0000000737000000, 0x0000000737000000|100%|HS|  |TAMS 0x0000000736e00000| PB 0x0000000736e00000| Complete 
| 440|0x0000000737000000, 0x0000000737200000, 0x0000000737200000|100%|HS|  |TAMS 0x0000000737000000| PB 0x0000000737000000| Complete 
| 441|0x0000000737200000, 0x0000000737400000, 0x0000000737400000|100%|HS|  |TAMS 0x0000000737200000| PB 0x0000000737200000| Complete 
| 442|0x0000000737400000, 0x0000000737600000, 0x0000000737600000|100%|HS|  |TAMS 0x0000000737400000| PB 0x0000000737400000| Complete 
| 443|0x0000000737600000, 0x0000000737800000, 0x0000000737800000|100%|HS|  |TAMS 0x0000000737600000| PB 0x0000000737600000| Complete 
| 444|0x0000000737800000, 0x0000000737a00000, 0x0000000737a00000|100%|HS|  |TAMS 0x0000000737800000| PB 0x0000000737800000| Complete 
| 445|0x0000000737a00000, 0x0000000737c00000, 0x0000000737c00000|100%|HS|  |TAMS 0x0000000737a00000| PB 0x0000000737a00000| Complete 
| 446|0x0000000737c00000, 0x0000000737e00000, 0x0000000737e00000|100%|HS|  |TAMS 0x0000000737c00000| PB 0x0000000737c00000| Complete 
| 447|0x0000000737e00000, 0x0000000738000000, 0x0000000738000000|100%|HS|  |TAMS 0x0000000737e00000| PB 0x0000000737e00000| Complete 
| 448|0x0000000738000000, 0x0000000738200000, 0x0000000738200000|100%|HS|  |TAMS 0x0000000738000000| PB 0x0000000738000000| Complete 
| 449|0x0000000738200000, 0x0000000738400000, 0x0000000738400000|100%|HS|  |TAMS 0x0000000738200000| PB 0x0000000738200000| Complete 
| 450|0x0000000738400000, 0x0000000738600000, 0x0000000738600000|100%|HS|  |TAMS 0x0000000738400000| PB 0x0000000738400000| Complete 
| 451|0x0000000738600000, 0x0000000738800000, 0x0000000738800000|100%|HS|  |TAMS 0x0000000738600000| PB 0x0000000738600000| Complete 
| 452|0x0000000738800000, 0x0000000738a00000, 0x0000000738a00000|100%|HS|  |TAMS 0x0000000738800000| PB 0x0000000738800000| Complete 
| 453|0x0000000738a00000, 0x0000000738c00000, 0x0000000738c00000|100%|HS|  |TAMS 0x0000000738a00000| PB 0x0000000738a00000| Complete 
| 454|0x0000000738c00000, 0x0000000738e00000, 0x0000000738e00000|100%|HS|  |TAMS 0x0000000738c00000| PB 0x0000000738c00000| Complete 
| 455|0x0000000738e00000, 0x0000000739000000, 0x0000000739000000|100%|HS|  |TAMS 0x0000000738e00000| PB 0x0000000738e00000| Complete 
| 456|0x0000000739000000, 0x0000000739200000, 0x0000000739200000|100%|HS|  |TAMS 0x0000000739000000| PB 0x0000000739000000| Complete 
| 457|0x0000000739200000, 0x0000000739400000, 0x0000000739400000|100%|HS|  |TAMS 0x0000000739200000| PB 0x0000000739200000| Complete 
| 458|0x0000000739400000, 0x0000000739600000, 0x0000000739600000|100%|HS|  |TAMS 0x0000000739400000| PB 0x0000000739400000| Complete 
| 459|0x0000000739600000, 0x0000000739800000, 0x0000000739800000|100%|HS|  |TAMS 0x0000000739600000| PB 0x0000000739600000| Complete 
| 460|0x0000000739800000, 0x0000000739a00000, 0x0000000739a00000|100%|HS|  |TAMS 0x0000000739800000| PB 0x0000000739800000| Complete 
| 461|0x0000000739a00000, 0x0000000739c00000, 0x0000000739c00000|100%|HS|  |TAMS 0x0000000739a00000| PB 0x0000000739a00000| Complete 
| 462|0x0000000739c00000, 0x0000000739e00000, 0x0000000739e00000|100%|HS|  |TAMS 0x0000000739c00000| PB 0x0000000739c00000| Complete 
| 463|0x0000000739e00000, 0x000000073a000000, 0x000000073a000000|100%|HS|  |TAMS 0x0000000739e00000| PB 0x0000000739e00000| Complete 
| 464|0x000000073a000000, 0x000000073a200000, 0x000000073a200000|100%|HS|  |TAMS 0x000000073a000000| PB 0x000000073a000000| Complete 
| 465|0x000000073a200000, 0x000000073a400000, 0x000000073a400000|100%|HS|  |TAMS 0x000000073a200000| PB 0x000000073a200000| Complete 
| 466|0x000000073a400000, 0x000000073a600000, 0x000000073a600000|100%|HS|  |TAMS 0x000000073a400000| PB 0x000000073a400000| Complete 
| 467|0x000000073a600000, 0x000000073a800000, 0x000000073a800000|100%|HS|  |TAMS 0x000000073a600000| PB 0x000000073a600000| Complete 
| 468|0x000000073a800000, 0x000000073aa00000, 0x000000073aa00000|100%|HS|  |TAMS 0x000000073a800000| PB 0x000000073a800000| Complete 
| 469|0x000000073aa00000, 0x000000073ac00000, 0x000000073ac00000|100%|HS|  |TAMS 0x000000073aa00000| PB 0x000000073aa00000| Complete 
| 470|0x000000073ac00000, 0x000000073ae00000, 0x000000073ae00000|100%|HS|  |TAMS 0x000000073ac00000| PB 0x000000073ac00000| Complete 
| 471|0x000000073ae00000, 0x000000073b000000, 0x000000073b000000|100%|HS|  |TAMS 0x000000073ae00000| PB 0x000000073ae00000| Complete 
| 472|0x000000073b000000, 0x000000073b200000, 0x000000073b200000|100%|HS|  |TAMS 0x000000073b000000| PB 0x000000073b000000| Complete 
| 473|0x000000073b200000, 0x000000073b400000, 0x000000073b400000|100%|HS|  |TAMS 0x000000073b200000| PB 0x000000073b200000| Complete 
| 474|0x000000073b400000, 0x000000073b600000, 0x000000073b600000|100%|HS|  |TAMS 0x000000073b400000| PB 0x000000073b400000| Complete 
| 475|0x000000073b600000, 0x000000073b800000, 0x000000073b800000|100%|HS|  |TAMS 0x000000073b600000| PB 0x000000073b600000| Complete 
| 476|0x000000073b800000, 0x000000073ba00000, 0x000000073ba00000|100%|HS|  |TAMS 0x000000073b800000| PB 0x000000073b800000| Complete 
| 477|0x000000073ba00000, 0x000000073bc00000, 0x000000073bc00000|100%|HS|  |TAMS 0x000000073ba00000| PB 0x000000073ba00000| Complete 
| 478|0x000000073bc00000, 0x000000073be00000, 0x000000073be00000|100%|HS|  |TAMS 0x000000073bc00000| PB 0x000000073bc00000| Complete 
| 479|0x000000073be00000, 0x000000073c000000, 0x000000073c000000|100%|HS|  |TAMS 0x000000073be00000| PB 0x000000073be00000| Complete 
| 480|0x000000073c000000, 0x000000073c200000, 0x000000073c200000|100%|HS|  |TAMS 0x000000073c000000| PB 0x000000073c000000| Complete 
| 481|0x000000073c200000, 0x000000073c400000, 0x000000073c400000|100%|HS|  |TAMS 0x000000073c200000| PB 0x000000073c200000| Complete 
| 482|0x000000073c400000, 0x000000073c600000, 0x000000073c600000|100%|HS|  |TAMS 0x000000073c400000| PB 0x000000073c400000| Complete 
|2044|0x00000007ff800000, 0x00000007ffa00000, 0x00000007ffa00000|100%| S|CS|TAMS 0x00000007ff800000| PB 0x00000007ff800000| Complete 
|2045|0x00000007ffa00000, 0x00000007ffc00000, 0x00000007ffc00000|100%| O|  |TAMS 0x00000007ffc00000| PB 0x00000007ffc00000| Updating 
|2046|0x00000007ffc00000, 0x00000007ffe00000, 0x00000007ffe00000|100%| S|CS|TAMS 0x00000007ffc00000| PB 0x00000007ffc00000| Complete 
|2047|0x00000007ffe00000, 0x00000007ffe776c0, 0x0000000800000000| 23%| E|  |TAMS 0x00000007ffe00000| PB 0x00000007ffe00000| Complete 

Card table byte_map: [0x000001dc6b860000,0x000001dc6c060000] _byte_map_base: 0x000001dc68060000

Marking Bits: (CMBitMap*) 0x000001dc534a6b10
 Bits: [0x000001dc6c060000, 0x000001dc70060000)

Polling page: 0x000001dc51260000

Metaspace:

Usage:
  Non-class:    134.95 MB used.
      Class:     21.69 MB used.
       Both:    156.64 MB used.

Virtual space:
  Non-class space:      192.00 MB reserved,     136.75 MB ( 71%) committed,  3 nodes.
      Class space:      416.00 MB reserved,      23.44 MB (  6%) committed,  1 nodes.
             Both:      608.00 MB reserved,     160.19 MB ( 26%) committed. 

Chunk freelists:
   Non-Class:  6.33 MB
       Class:  8.56 MB
        Both:  14.89 MB

MaxMetaspaceSize: 512.00 MB
CompressedClassSpaceSize: 416.00 MB
Initial GC threshold: 21.00 MB
Current GC threshold: 230.88 MB
CDS: on
 - commit_granule_bytes: 65536.
 - commit_granule_words: 8192.
 - virtual_space_node_default_size: 8388608.
 - enlarge_chunks_in_place: 1.
 - use_allocation_guard: 0.


Internal statistics:

num_allocs_failed_limit: 9.
num_arena_births: 5942.
num_arena_deaths: 0.
num_vsnodes_births: 4.
num_vsnodes_deaths: 0.
num_space_committed: 2562.
num_space_uncommitted: 0.
num_chunks_returned_to_freelist: 9.
num_chunks_taken_from_freelist: 13894.
num_chunk_merges: 9.
num_chunk_splits: 8904.
num_chunks_enlarged: 5491.
num_inconsistent_stats: 0.

CodeHeap 'non-profiled nmethods': size=120000Kb used=19783Kb max_used=22254Kb free=100216Kb
 bounds [0x000001dc635e0000, 0x000001dc64ba0000, 0x000001dc6ab10000]
CodeHeap 'profiled nmethods': size=120000Kb used=37832Kb max_used=44544Kb free=82167Kb
 bounds [0x000001dc5bb10000, 0x000001dc5e6a0000, 0x000001dc63040000]
CodeHeap 'non-nmethods': size=5760Kb used=3119Kb max_used=3175Kb free=2640Kb
 bounds [0x000001dc63040000, 0x000001dc63370000, 0x000001dc635e0000]
 total_blobs=20689 nmethods=19533 adapters=1058
 compilation: enabled
              stopped_count=0, restarted_count=0
 full_count=0

Compilation events (20 events):
Event: 492.274 Thread 0x000001dc723573f0 32294   !   3       com.android.apksig.internal.util.FileChannelDataSource::copyTo (158 bytes)
Event: 492.276 Thread 0x000001dc723573f0 nmethod 32294 0x000001dc5e689c90 code [0x000001dc5e689f00, 0x000001dc5e68a878]
Event: 492.276 Thread 0x000001dc723573f0 32293       3       java.nio.ByteBuffer::rewind (5 bytes)
Event: 492.276 Thread 0x000001dc723573f0 nmethod 32293 0x000001dc5e68ad90 code [0x000001dc5e68af40, 0x000001dc5e68b108]
Event: 492.276 Thread 0x000001dc723573f0 32295   !   3       com.android.apksig.internal.apk.ApkSigningBlockUtils$ChunkSupplier::get (161 bytes)
Event: 492.277 Thread 0x000001dc723573f0 nmethod 32295 0x000001dc5e68b190 code [0x000001dc5e68b400, 0x000001dc5e68be40]
Event: 492.284 Thread 0x000001dc723573f0 32296   !   3       sun.nio.ch.FileChannelImpl::position (280 bytes)
Event: 492.286 Thread 0x000001dc723573f0 nmethod 32296 0x000001dc5e68c390 code [0x000001dc5e68c6c0, 0x000001dc5e68d718]
Event: 492.291 Thread 0x000001dc723573f0 32297       3       com.android.apksig.internal.apk.ApkSigningBlockUtils::access$500 (7 bytes)
Event: 492.291 Thread 0x000001dc723573f0 nmethod 32297 0x000001dc5e68e090 code [0x000001dc5e68e240, 0x000001dc5e68e358]
Event: 492.292 Thread 0x000001dc723573f0 32298       3       com.android.apksig.internal.apk.ApkSigningBlockUtils::setUnsignedInt32LittleEndian (52 bytes)
Event: 492.292 Thread 0x000001dc723573f0 nmethod 32298 0x000001dc5e68e410 code [0x000001dc5e68e5c0, 0x000001dc5e68e770]
Event: 492.292 Thread 0x000001dc723573f0 32299       3       com.android.apksig.internal.util.MessageDigestSink::consume (43 bytes)
Event: 492.292 Thread 0x000001dc723573f0 nmethod 32299 0x000001dc5e68e890 code [0x000001dc5e68ea40, 0x000001dc5e68ed08]
Event: 492.293 Thread 0x000001dc723573f0 32300       3       com.android.apksig.internal.util.MessageDigestSink::consume (49 bytes)
Event: 492.294 Thread 0x000001dc723573f0 nmethod 32300 0x000001dc5e68ee90 code [0x000001dc5e68f080, 0x000001dc5e68f690]
Event: 492.294 Thread 0x000001dc723573f0 32301       3       com.android.apksig.internal.apk.ApkSigningBlockUtils$ChunkDigests::access$900 (6 bytes)
Event: 492.294 Thread 0x000001dc723573f0 nmethod 32301 0x000001dc5e68f910 code [0x000001dc5e68fac0, 0x000001dc5e68fc18]
Event: 492.294 Thread 0x000001dc723573f0 32302       3       com.android.apksig.internal.apk.ApkSigningBlockUtils$ChunkDigests::getOffset (9 bytes)
Event: 492.294 Thread 0x000001dc723573f0 nmethod 32302 0x000001dc5e68fd10 code [0x000001dc5e68fea0, 0x000001dc5e68ffb8]

GC Heap History (20 events):
Event: 284.067 GC heap before
{Heap before GC invocations=82 (full 0):
 garbage-first heap   total 714752K, used 636615K [0x0000000700000000, 0x0000000800000000)
  region size 2048K, 104 young (212992K), 6 survivors (12288K)
 Metaspace       used 134607K, committed 137984K, reserved 557056K
  class space    used 18185K, committed 19840K, reserved 425984K
}
Event: 284.099 GC heap after
{Heap after GC invocations=83 (full 0):
 garbage-first heap   total 714752K, used 399055K [0x0000000700000000, 0x0000000800000000)
  region size 2048K, 13 young (26624K), 13 survivors (26624K)
 Metaspace       used 134607K, committed 137984K, reserved 557056K
  class space    used 18185K, committed 19840K, reserved 425984K
}
Event: 285.681 GC heap before
{Heap before GC invocations=83 (full 0):
 garbage-first heap   total 714752K, used 630479K [0x0000000700000000, 0x0000000800000000)
  region size 2048K, 127 young (260096K), 13 survivors (26624K)
 Metaspace       used 135487K, committed 138880K, reserved 557056K
  class space    used 18295K, committed 19968K, reserved 425984K
}
Event: 285.746 GC heap after
{Heap after GC invocations=84 (full 0):
 garbage-first heap   total 714752K, used 378245K [0x0000000700000000, 0x0000000800000000)
  region size 2048K, 11 young (22528K), 11 survivors (22528K)
 Metaspace       used 135487K, committed 138880K, reserved 557056K
  class space    used 18295K, committed 19968K, reserved 425984K
}
Event: 435.309 GC heap before
{Heap before GC invocations=84 (full 0):
 garbage-first heap   total 714752K, used 632197K [0x0000000700000000, 0x0000000800000000)
  region size 2048K, 136 young (278528K), 11 survivors (22528K)
 Metaspace       used 137635K, committed 141184K, reserved 557056K
  class space    used 18541K, committed 20288K, reserved 425984K
}
Event: 435.436 GC heap after
{Heap after GC invocations=85 (full 0):
 garbage-first heap   total 714752K, used 392021K [0x0000000700000000, 0x0000000800000000)
  region size 2048K, 13 young (26624K), 13 survivors (26624K)
 Metaspace       used 137635K, committed 141184K, reserved 557056K
  class space    used 18541K, committed 20288K, reserved 425984K
}
Event: 441.328 GC heap before
{Heap before GC invocations=85 (full 0):
 garbage-first heap   total 714752K, used 641877K [0x0000000700000000, 0x0000000800000000)
  region size 2048K, 135 young (276480K), 13 survivors (26624K)
 Metaspace       used 137999K, committed 141568K, reserved 557056K
  class space    used 18551K, committed 20288K, reserved 425984K
}
Event: 441.384 GC heap after
{Heap after GC invocations=86 (full 0):
 garbage-first heap   total 714752K, used 428857K [0x0000000700000000, 0x0000000800000000)
  region size 2048K, 17 young (34816K), 17 survivors (34816K)
 Metaspace       used 137999K, committed 141568K, reserved 557056K
  class space    used 18551K, committed 20288K, reserved 425984K
}
Event: 443.497 GC heap before
{Heap before GC invocations=86 (full 0):
 garbage-first heap   total 714752K, used 639801K [0x0000000700000000, 0x0000000800000000)
  region size 2048K, 120 young (245760K), 17 survivors (34816K)
 Metaspace       used 138266K, committed 141760K, reserved 557056K
  class space    used 18554K, committed 20288K, reserved 425984K
}
Event: 443.543 GC heap after
{Heap after GC invocations=87 (full 0):
 garbage-first heap   total 714752K, used 462848K [0x0000000700000000, 0x0000000800000000)
  region size 2048K, 15 young (30720K), 15 survivors (30720K)
 Metaspace       used 138266K, committed 141760K, reserved 557056K
  class space    used 18554K, committed 20288K, reserved 425984K
}
Event: 446.891 GC heap before
{Heap before GC invocations=88 (full 0):
 garbage-first heap   total 737280K, used 624640K [0x0000000700000000, 0x0000000800000000)
  region size 2048K, 105 young (215040K), 15 survivors (30720K)
 Metaspace       used 138390K, committed 141952K, reserved 557056K
  class space    used 18560K, committed 20288K, reserved 425984K
}
Event: 446.926 GC heap after
{Heap after GC invocations=89 (full 0):
 garbage-first heap   total 737280K, used 459164K [0x0000000700000000, 0x0000000800000000)
  region size 2048K, 8 young (16384K), 8 survivors (16384K)
 Metaspace       used 138390K, committed 141952K, reserved 557056K
  class space    used 18560K, committed 20288K, reserved 425984K
}
Event: 457.286 GC heap before
{Heap before GC invocations=89 (full 0):
 garbage-first heap   total 737280K, used 663964K [0x0000000700000000, 0x0000000800000000)
  region size 2048K, 109 young (223232K), 8 survivors (16384K)
 Metaspace       used 157078K, committed 160640K, reserved 622592K
  class space    used 21760K, committed 23488K, reserved 425984K
}
Event: 457.312 GC heap after
{Heap after GC invocations=90 (full 0):
 garbage-first heap   total 737280K, used 398255K [0x0000000700000000, 0x0000000800000000)
  region size 2048K, 11 young (22528K), 11 survivors (22528K)
 Metaspace       used 157078K, committed 160640K, reserved 622592K
  class space    used 21760K, committed 23488K, reserved 425984K
}
Event: 491.180 GC heap before
{Heap before GC invocations=90 (full 0):
 garbage-first heap   total 737280K, used 658351K [0x0000000700000000, 0x0000000800000000)
  region size 2048K, 139 young (284672K), 11 survivors (22528K)
 Metaspace       used 159203K, committed 162816K, reserved 622592K
  class space    used 22056K, committed 23808K, reserved 425984K
}
Event: 491.279 GC heap after
{Heap after GC invocations=91 (full 0):
 garbage-first heap   total 737280K, used 390585K [0x0000000700000000, 0x0000000800000000)
  region size 2048K, 10 young (20480K), 10 survivors (20480K)
 Metaspace       used 159203K, committed 162816K, reserved 622592K
  class space    used 22056K, committed 23808K, reserved 425984K
}
Event: 491.828 GC heap before
{Heap before GC invocations=91 (full 0):
 garbage-first heap   total 737280K, used 443833K [0x0000000700000000, 0x0000000800000000)
  region size 2048K, 19 young (38912K), 10 survivors (20480K)
 Metaspace       used 160386K, committed 164032K, reserved 622592K
  class space    used 22207K, committed 24000K, reserved 425984K
}
Event: 491.844 GC heap after
{Heap after GC invocations=92 (full 0):
 garbage-first heap   total 737280K, used 427126K [0x0000000700000000, 0x0000000800000000)
  region size 2048K, 11 young (22528K), 11 survivors (22528K)
 Metaspace       used 160386K, committed 164032K, reserved 622592K
  class space    used 22207K, committed 24000K, reserved 425984K
}
Event: 491.848 GC heap before
{Heap before GC invocations=92 (full 0):
 garbage-first heap   total 737280K, used 431222K [0x0000000700000000, 0x0000000800000000)
  region size 2048K, 12 young (24576K), 11 survivors (22528K)
 Metaspace       used 160386K, committed 164032K, reserved 622592K
  class space    used 22207K, committed 24000K, reserved 425984K
}
Event: 491.867 GC heap after
{Heap after GC invocations=93 (full 0):
 garbage-first heap   total 737280K, used 427761K [0x0000000700000000, 0x0000000800000000)
  region size 2048K, 9 young (18432K), 9 survivors (18432K)
 Metaspace       used 160386K, committed 164032K, reserved 622592K
  class space    used 22207K, committed 24000K, reserved 425984K
}

Dll operation events (16 events):
Event: 0.033 Loaded shared library C:\Users\manon\.jdks\ms-21.0.7\bin\java.dll
Event: 0.068 Loaded shared library C:\Users\manon\.jdks\ms-21.0.7\bin\jsvml.dll
Event: 0.116 Loaded shared library C:\Users\manon\.jdks\ms-21.0.7\bin\zip.dll
Event: 0.122 Loaded shared library C:\Users\manon\.jdks\ms-21.0.7\bin\instrument.dll
Event: 0.128 Loaded shared library C:\Users\manon\.jdks\ms-21.0.7\bin\net.dll
Event: 0.130 Loaded shared library C:\Users\manon\.jdks\ms-21.0.7\bin\nio.dll
Event: 0.133 Loaded shared library C:\Users\manon\.jdks\ms-21.0.7\bin\zip.dll
Event: 0.452 Loaded shared library C:\Users\manon\.jdks\ms-21.0.7\bin\jimage.dll
Event: 0.604 Loaded shared library C:\Users\manon\.jdks\ms-21.0.7\bin\verify.dll
Event: 0.761 Loaded shared library C:\Users\manon\.gradle\native\1def1411415f61bf3af743bc5b6707747c0891f09f0c88961ee8f79bc544acac\windows-amd64\native-platform.dll
Event: 0.907 Loaded shared library C:\Users\manon\.gradle\native\0.2.7\x86_64-windows-gnu\gradle-fileevents.dll
Event: 9.785 Loaded shared library C:\Users\manon\.jdks\ms-21.0.7\bin\management.dll
Event: 9.788 Loaded shared library C:\Users\manon\.jdks\ms-21.0.7\bin\management_ext.dll
Event: 9.977 Loaded shared library C:\Users\manon\.jdks\ms-21.0.7\bin\extnet.dll
Event: 10.236 Loaded shared library C:\Users\manon\.jdks\ms-21.0.7\bin\sunmscapi.dll
Event: 283.330 Loaded shared library C:\Users\manon\.jdks\ms-21.0.7\bin\rmi.dll

Deoptimization events (20 events):
Event: 491.333 Thread 0x000001dc23193270 DEOPT PACKING pc=0x000001dc64b5e3a8 sp=0x00000080acffdbb0
Event: 491.333 Thread 0x000001dc23193270 DEOPT UNPACKING pc=0x000001dc630946a2 sp=0x00000080acffdb20 mode 2
Event: 491.335 Thread 0x000001dc23193270 DEOPT PACKING pc=0x000001dc5e59c98e sp=0x00000080acffde20
Event: 491.335 Thread 0x000001dc23193270 DEOPT UNPACKING pc=0x000001dc63094e42 sp=0x00000080acffd2e0 mode 0
Event: 491.356 Thread 0x000001dc23193270 Uncommon trap: trap_request=0xffffff45 fr.pc=0x000001dc642c44c0 relative=0x00000000000001c0
Event: 491.356 Thread 0x000001dc23193270 Uncommon trap: reason=unstable_if action=reinterpret pc=0x000001dc642c44c0 method=com.google.gson.stream.JsonReader.isLiteral(C)Z @ 1 c2
Event: 491.356 Thread 0x000001dc23193270 DEOPT PACKING pc=0x000001dc642c44c0 sp=0x00000080acffe040
Event: 491.356 Thread 0x000001dc23193270 DEOPT UNPACKING pc=0x000001dc630946a2 sp=0x00000080acffdf70 mode 2
Event: 491.379 Thread 0x000001dc23193270 Uncommon trap: trap_request=0xffffff45 fr.pc=0x000001dc6369b8ac relative=0x000000000000074c
Event: 491.379 Thread 0x000001dc23193270 Uncommon trap: reason=unstable_if action=reinterpret pc=0x000001dc6369b8ac method=java.io.BufferedInputStream.implRead([BII)I @ 30 c2
Event: 491.379 Thread 0x000001dc23193270 DEOPT PACKING pc=0x000001dc6369b8ac sp=0x00000080acffddb0
Event: 491.379 Thread 0x000001dc23193270 DEOPT UNPACKING pc=0x000001dc630946a2 sp=0x00000080acffdd78 mode 2
Event: 491.386 Thread 0x000001dc23193270 Uncommon trap: trap_request=0xffffffc6 fr.pc=0x000001dc638c12bc relative=0x000000000000087c
Event: 491.386 Thread 0x000001dc23193270 Uncommon trap: reason=bimorphic_or_optimized_type_check action=maybe_recompile pc=0x000001dc638c12bc method=sun.security.provider.DigestBase.engineReset()V @ 11 c2
Event: 491.386 Thread 0x000001dc23193270 DEOPT PACKING pc=0x000001dc638c12bc sp=0x00000080acffddf0
Event: 491.386 Thread 0x000001dc23193270 DEOPT UNPACKING pc=0x000001dc630946a2 sp=0x00000080acffdd68 mode 2
Event: 491.544 Thread 0x000001dc23193270 Uncommon trap: trap_request=0xffffff3d fr.pc=0x000001dc63afcb84 relative=0x0000000000000304
Event: 491.544 Thread 0x000001dc23193270 Uncommon trap: reason=unstable_fused_if action=reinterpret pc=0x000001dc63afcb84 method=sun.nio.fs.WindowsChannelFactory$Flags.toFlags(Ljava/util/Set;)Lsun/nio/fs/WindowsChannelFactory$Flags; @ 52 c2
Event: 491.544 Thread 0x000001dc23193270 DEOPT PACKING pc=0x000001dc63afcb84 sp=0x00000080acffdcf0
Event: 491.544 Thread 0x000001dc23193270 DEOPT UNPACKING pc=0x000001dc630946a2 sp=0x00000080acffdc28 mode 2

Classes loaded (20 events):
Event: 491.654 Loading class java/security/cert/CertificateEncodingException
Event: 491.655 Loading class java/security/cert/CertificateEncodingException done
Event: 491.668 Loading class java/util/concurrent/ForkJoinTask$AdaptedCallable
Event: 491.670 Loading class java/util/concurrent/ForkJoinTask$AdaptedCallable done
Event: 491.677 Loading class java/util/zip/Deflater
Event: 491.678 Loading class java/util/zip/Deflater done
Event: 491.680 Loading class java/util/zip/Deflater$DeflaterZStreamRef
Event: 491.680 Loading class java/util/zip/Deflater$DeflaterZStreamRef done
Event: 491.773 Loading class java/nio/BufferOverflowException
Event: 491.774 Loading class java/nio/BufferOverflowException done
Event: 491.777 Loading class java/security/DigestException
Event: 491.777 Loading class java/security/DigestException done
Event: 491.780 Loading class java/security/spec/InvalidKeySpecException
Event: 491.780 Loading class java/security/spec/InvalidKeySpecException done
Event: 491.783 Loading class java/security/InvalidAlgorithmParameterException
Event: 491.783 Loading class java/security/InvalidAlgorithmParameterException done
Event: 491.796 Loading class java/security/spec/MGF1ParameterSpec
Event: 491.797 Loading class java/security/spec/MGF1ParameterSpec done
Event: 491.803 Loading class java/util/concurrent/ForkJoinTask$AdaptedRunnableAction
Event: 491.804 Loading class java/util/concurrent/ForkJoinTask$AdaptedRunnableAction done

Classes unloaded (0 events):
No events

Classes redefined (0 events):
No events

Internal exceptions (20 events):
Event: 489.016 Thread 0x000001dc22cf8fe0 Exception <a 'sun/nio/fs/WindowsException'{0x0000000723550b48}> (0x0000000723550b48) 
thrown [s\src\hotspot\share\prims\jni.cpp, line 520]
Event: 489.028 Thread 0x000001dc22cf6880 Exception <a 'sun/nio/fs/WindowsException'{0x00000007235a2de8}> (0x00000007235a2de8) 
thrown [s\src\hotspot\share\prims\jni.cpp, line 520]
Event: 489.029 Thread 0x000001dc22cf6880 Exception <a 'sun/nio/fs/WindowsException'{0x00000007235a7158}> (0x00000007235a7158) 
thrown [s\src\hotspot\share\prims\jni.cpp, line 520]
Event: 489.038 Thread 0x000001dc240e7300 Exception <a 'sun/nio/fs/WindowsException'{0x00000007235f0a70}> (0x00000007235f0a70) 
thrown [s\src\hotspot\share\prims\jni.cpp, line 520]
Event: 489.039 Thread 0x000001dc240e7300 Exception <a 'sun/nio/fs/WindowsException'{0x00000007235f32a8}> (0x00000007235f32a8) 
thrown [s\src\hotspot\share\prims\jni.cpp, line 520]
Event: 489.049 Thread 0x000001dc240e93d0 Exception <a 'sun/nio/fs/WindowsException'{0x000000072322c208}> (0x000000072322c208) 
thrown [s\src\hotspot\share\prims\jni.cpp, line 520]
Event: 489.049 Thread 0x000001dc240e93d0 Exception <a 'sun/nio/fs/WindowsException'{0x000000072322e820}> (0x000000072322e820) 
thrown [s\src\hotspot\share\prims\jni.cpp, line 520]
Event: 489.655 Thread 0x000001dc240e6c70 Exception <a 'sun/nio/fs/WindowsException'{0x0000000727829d00}> (0x0000000727829d00) 
thrown [s\src\hotspot\share\prims\jni.cpp, line 520]
Event: 489.656 Thread 0x000001dc240e6c70 Exception <a 'sun/nio/fs/WindowsException'{0x000000072782c3c0}> (0x000000072782c3c0) 
thrown [s\src\hotspot\share\prims\jni.cpp, line 520]
Event: 489.665 Thread 0x000001dc240e6c70 Exception <a 'sun/nio/fs/WindowsException'{0x00000007225c2a68}> (0x00000007225c2a68) 
thrown [s\src\hotspot\share\prims\jni.cpp, line 520]
Event: 489.665 Thread 0x000001dc240e6c70 Exception <a 'sun/nio/fs/WindowsException'{0x00000007225c52f0}> (0x00000007225c52f0) 
thrown [s\src\hotspot\share\prims\jni.cpp, line 520]
Event: 489.672 Thread 0x000001dc240e9a60 Exception <a 'sun/nio/fs/WindowsException'{0x000000072220f420}> (0x000000072220f420) 
thrown [s\src\hotspot\share\prims\jni.cpp, line 520]
Event: 489.673 Thread 0x000001dc240e9a60 Exception <a 'sun/nio/fs/WindowsException'{0x0000000722211b50}> (0x0000000722211b50) 
thrown [s\src\hotspot\share\prims\jni.cpp, line 520]
Event: 489.704 Thread 0x000001dc240e86b0 Exception <a 'sun/nio/fs/WindowsException'{0x0000000722dae238}> (0x0000000722dae238) 
thrown [s\src\hotspot\share\prims\jni.cpp, line 520]
Event: 489.704 Thread 0x000001dc240e86b0 Exception <a 'sun/nio/fs/WindowsException'{0x0000000722db0968}> (0x0000000722db0968) 
thrown [s\src\hotspot\share\prims\jni.cpp, line 520]
Event: 490.460 Thread 0x000001dc240e7300 Exception <a 'sun/nio/fs/WindowsException'{0x0000000720f4b800}> (0x0000000720f4b800) 
thrown [s\src\hotspot\share\prims\jni.cpp, line 520]
Event: 490.461 Thread 0x000001dc240e7300 Exception <a 'sun/nio/fs/WindowsException'{0x0000000720f4dec0}> (0x0000000720f4dec0) 
thrown [s\src\hotspot\share\prims\jni.cpp, line 520]
Event: 491.159 Thread 0x000001dc240e7300 Exception <a 'java/lang/NoSuchMethodError'{0x000000071b0e7d08}: static Lcom/android/build/api/variant/impl/SerializableApplicationMultiOutputHandler;.<clinit>()V> (0x000000071b0e7d08) 
thrown [s\src\hotspot\share\prims\jni.cpp, line 1111]
Event: 491.161 Thread 0x000001dc240e7300 Exception <a 'java/lang/NoSuchMethodError'{0x000000071b0fe610}: static Lcom/android/build/api/variant/impl/VariantOutputImpl$SerializedForm;.<clinit>()V> (0x000000071b0fe610) 
thrown [s\src\hotspot\share\prims\jni.cpp, line 1111]
Event: 491.163 Thread 0x000001dc240e7300 Exception <a 'java/lang/NoSuchMethodError'{0x000000071b113ce0}: static Lcom/android/build/api/variant/impl/VariantOutputConfigurationImpl;.<clinit>()V> (0x000000071b113ce0) 
thrown [s\src\hotspot\share\prims\jni.cpp, line 1111]

ZGC Phase Switch (0 events):
No events

VM Operations (20 events):
Event: 479.269 Executing VM operation: Cleanup done
Event: 481.059 Executing VM operation: HandshakeAllThreads (HandshakeForDeflation)
Event: 481.059 Executing VM operation: HandshakeAllThreads (HandshakeForDeflation) done
Event: 481.059 Executing VM operation: RendezvousGCThreads
Event: 481.059 Executing VM operation: RendezvousGCThreads done
Event: 484.060 Executing VM operation: Cleanup
Event: 484.060 Executing VM operation: Cleanup done
Event: 489.063 Executing VM operation: Cleanup
Event: 489.063 Executing VM operation: Cleanup done
Event: 490.064 Executing VM operation: Cleanup
Event: 490.064 Executing VM operation: Cleanup done
Event: 490.857 Executing VM operation: HandshakeAllThreads (Deoptimize)
Event: 490.858 Executing VM operation: HandshakeAllThreads (Deoptimize) done
Event: 491.179 Executing VM operation: G1CollectForAllocation (G1 Evacuation Pause)
Event: 491.279 Executing VM operation: G1CollectForAllocation (G1 Evacuation Pause) done
Event: 491.828 Executing VM operation: G1TryInitiateConcMark (G1 Humongous Allocation)
Event: 491.844 Executing VM operation: G1TryInitiateConcMark (G1 Humongous Allocation) done
Event: 491.848 Executing VM operation: G1TryInitiateConcMark (G1 Humongous Allocation)
Event: 491.867 Executing VM operation: G1TryInitiateConcMark (G1 Humongous Allocation) done
Event: 492.341 Executing VM operation: G1PauseRemark

Memory protections (0 events):
No events

Nmethod flushes (20 events):
Event: 492.417 Thread 0x000001dc7232a010 flushing  nmethod 0x000001dc5dafa010
Event: 492.417 Thread 0x000001dc7232a010 flushing  nmethod 0x000001dc5dafa910
Event: 492.417 Thread 0x000001dc7232a010 flushing  nmethod 0x000001dc5db42f90
Event: 492.417 Thread 0x000001dc7232a010 flushing  nmethod 0x000001dc5db43510
Event: 492.417 Thread 0x000001dc7232a010 flushing  nmethod 0x000001dc5db44d10
Event: 492.417 Thread 0x000001dc7232a010 flushing  nmethod 0x000001dc5db45010
Event: 492.417 Thread 0x000001dc7232a010 flushing  nmethod 0x000001dc5db45a10
Event: 492.417 Thread 0x000001dc7232a010 flushing  nmethod 0x000001dc5db45e90
Event: 492.417 Thread 0x000001dc7232a010 flushing  nmethod 0x000001dc5db49010
Event: 492.417 Thread 0x000001dc7232a010 flushing  nmethod 0x000001dc5db4b210
Event: 492.417 Thread 0x000001dc7232a010 flushing  nmethod 0x000001dc5db85590
Event: 492.417 Thread 0x000001dc7232a010 flushing  nmethod 0x000001dc5db91910
Event: 492.417 Thread 0x000001dc7232a010 flushing  nmethod 0x000001dc5db92390
Event: 492.417 Thread 0x000001dc7232a010 flushing  nmethod 0x000001dc5db94610
Event: 492.417 Thread 0x000001dc7232a010 flushing  nmethod 0x000001dc5dbfc010
Event: 492.417 Thread 0x000001dc7232a010 flushing  nmethod 0x000001dc5dc04310
Event: 492.417 Thread 0x000001dc7232a010 flushing  nmethod 0x000001dc5dc07090
Event: 492.417 Thread 0x000001dc7232a010 flushing  nmethod 0x000001dc5dc07410
Event: 492.417 Thread 0x000001dc7232a010 flushing  nmethod 0x000001dc5dc98590
Event: 492.417 Thread 0x000001dc7232a010 flushing  nmethod 0x000001dc5dc9a890

Events (20 events):
Event: 456.064 Thread 0x000001dc7a34bf70 Thread exited: 0x000001dc7a34bf70
Event: 456.128 Thread 0x000001dc221ce190 Thread exited: 0x000001dc221ce190
Event: 456.327 Thread 0x000001dc723573f0 Thread added: 0x000001dc7a34bf70
Event: 457.278 Thread 0x000001dc224f5e40 Thread exited: 0x000001dc224f5e40
Event: 457.278 Thread 0x000001dc72231510 Thread exited: 0x000001dc72231510
Event: 457.278 Thread 0x000001dc224f64d0 Thread exited: 0x000001dc224f64d0
Event: 457.278 Thread 0x000001dc21e054e0 Thread exited: 0x000001dc21e054e0
Event: 457.278 Thread 0x000001dc72232230 Thread exited: 0x000001dc72232230
Event: 457.279 Thread 0x000001dc224f6b60 Thread exited: 0x000001dc224f6b60
Event: 457.321 Thread 0x000001dc20b57430 Thread exited: 0x000001dc20b57430
Event: 457.585 Thread 0x000001dc723573f0 Thread added: 0x000001dc22c0d420
Event: 457.820 Thread 0x000001dc22c0d420 Thread exited: 0x000001dc22c0d420
Event: 457.956 Thread 0x000001dc723573f0 Thread added: 0x000001dc21257c90
Event: 459.656 Thread 0x000001dc21257c90 Thread exited: 0x000001dc21257c90
Event: 459.656 Thread 0x000001dc7a34bf70 Thread exited: 0x000001dc7a34bf70
Event: 491.159 Thread 0x000001dc72354420 Thread added: 0x000001dc21258a30
Event: 491.315 Thread 0x000001dc723573f0 Thread added: 0x000001dc2125a570
Event: 491.807 Thread 0x000001dc7bc70dc0 Thread added: 0x000001dc23193900
Event: 491.965 Thread 0x000001dc2125a570 Thread exited: 0x000001dc2125a570
Event: 491.973 Thread 0x000001dc21258a30 Thread exited: 0x000001dc21258a30


Dynamic libraries:
0x00007ff72ade0000 - 0x00007ff72adee000 	C:\Users\manon\.jdks\ms-21.0.7\bin\java.exe
0x00007ffbd6c40000 - 0x00007ffbd6ea9000 	C:\WINDOWS\SYSTEM32\ntdll.dll
0x00007ffb815e0000 - 0x00007ffb81600000 	C:\Program Files\Avast Software\Avast\aswhook.dll
0x00007ffbd5940000 - 0x00007ffbd5a09000 	C:\WINDOWS\System32\KERNEL32.DLL
0x00007ffbd3e70000 - 0x00007ffbd4263000 	C:\WINDOWS\System32\KERNELBASE.dll
0x00007ffbd0890000 - 0x00007ffbd092e000 	C:\WINDOWS\SYSTEM32\apphelp.dll
0x00007ffbd4300000 - 0x00007ffbd444b000 	C:\WINDOWS\System32\ucrtbase.dll
0x00007ffbb0650000 - 0x00007ffbb0668000 	C:\Users\manon\.jdks\ms-21.0.7\bin\jli.dll
0x00007ffb7d410000 - 0x00007ffb7d42d000 	C:\Users\manon\.jdks\ms-21.0.7\bin\VCRUNTIME140.dll
0x00007ffbd5b10000 - 0x00007ffbd5cd4000 	C:\WINDOWS\System32\USER32.dll
0x00007ffbd4870000 - 0x00007ffbd4897000 	C:\WINDOWS\System32\win32u.dll
0x00007ffbd4cb0000 - 0x00007ffbd4cdb000 	C:\WINDOWS\System32\GDI32.dll
0x00007ffba6890000 - 0x00007ffba6b23000 	C:\WINDOWS\WinSxS\amd64_microsoft.windows.common-controls_6595b64144ccf1df_6.0.26100.5074_none_3e0d6f78e32fd63f\COMCTL32.dll
0x00007ffbd4450000 - 0x00007ffbd457d000 	C:\WINDOWS\System32\gdi32full.dll
0x00007ffbd47c0000 - 0x00007ffbd4863000 	C:\WINDOWS\System32\msvcp_win.dll
0x00007ffbd5890000 - 0x00007ffbd5939000 	C:\WINDOWS\System32\msvcrt.dll
0x00007ffbd5680000 - 0x00007ffbd56af000 	C:\WINDOWS\System32\IMM32.DLL
0x00007ffbb0930000 - 0x00007ffbb093c000 	C:\Users\manon\.jdks\ms-21.0.7\bin\vcruntime140_1.dll
0x00007ffb746f0000 - 0x00007ffb7477d000 	C:\Users\manon\.jdks\ms-21.0.7\bin\msvcp140.dll
0x00007ffb38260000 - 0x00007ffb38ff8000 	C:\Users\manon\.jdks\ms-21.0.7\bin\server\jvm.dll
0x00007ffbd4e00000 - 0x00007ffbd4eb4000 	C:\WINDOWS\System32\ADVAPI32.dll
0x00007ffbd5300000 - 0x00007ffbd53a6000 	C:\WINDOWS\System32\sechost.dll
0x00007ffbd4ce0000 - 0x00007ffbd4df8000 	C:\WINDOWS\System32\RPCRT4.dll
0x00007ffbd5810000 - 0x00007ffbd5884000 	C:\WINDOWS\System32\WS2_32.dll
0x00007ffbc95d0000 - 0x00007ffbc9605000 	C:\WINDOWS\SYSTEM32\WINMM.dll
0x00007ffbd3c30000 - 0x00007ffbd3c8e000 	C:\WINDOWS\SYSTEM32\POWRPROF.dll
0x00007ffbc2560000 - 0x00007ffbc256b000 	C:\WINDOWS\SYSTEM32\VERSION.dll
0x00007ffbd3c10000 - 0x00007ffbd3c24000 	C:\WINDOWS\SYSTEM32\UMPDC.dll
0x00007ffbd2bb0000 - 0x00007ffbd2bcb000 	C:\WINDOWS\SYSTEM32\kernel.appcore.dll
0x00007ffbb0f90000 - 0x00007ffbb0f9a000 	C:\Users\manon\.jdks\ms-21.0.7\bin\jimage.dll
0x00007ffbd14f0000 - 0x00007ffbd1732000 	C:\WINDOWS\SYSTEM32\DBGHELP.DLL
0x00007ffbd4ec0000 - 0x00007ffbd523b000 	C:\WINDOWS\System32\combase.dll
0x00007ffbd6430000 - 0x00007ffbd6507000 	C:\WINDOWS\System32\OLEAUT32.dll
0x00007ffbc03f0000 - 0x00007ffbc042d000 	C:\WINDOWS\SYSTEM32\dbgcore.DLL
0x00007ffbd3dd0000 - 0x00007ffbd3e69000 	C:\WINDOWS\System32\bcryptPrimitives.dll
0x00007ffbd0650000 - 0x00007ffbd065f000 	C:\Users\manon\.jdks\ms-21.0.7\bin\instrument.dll
0x00007ffbb0ea0000 - 0x00007ffbb0ec0000 	C:\Users\manon\.jdks\ms-21.0.7\bin\java.dll
0x00007ffbd5ce0000 - 0x00007ffbd642d000 	C:\WINDOWS\System32\SHELL32.dll
0x00007ffbd48a0000 - 0x00007ffbd4a0c000 	C:\WINDOWS\System32\wintypes.dll
0x00007ffbd1a00000 - 0x00007ffbd2259000 	C:\WINDOWS\SYSTEM32\windows.storage.dll
0x00007ffbd6b00000 - 0x00007ffbd6bf0000 	C:\WINDOWS\System32\SHCORE.dll
0x00007ffbd57a0000 - 0x00007ffbd5802000 	C:\WINDOWS\System32\shlwapi.dll
0x00007ffbd3cf0000 - 0x00007ffbd3d19000 	C:\WINDOWS\SYSTEM32\profapi.dll
0x00007ffb73870000 - 0x00007ffb73946000 	C:\Users\manon\.jdks\ms-21.0.7\bin\jsvml.dll
0x00007ffb779c0000 - 0x00007ffb779d8000 	C:\Users\manon\.jdks\ms-21.0.7\bin\zip.dll
0x00007ffbc4310000 - 0x00007ffbc4320000 	C:\Users\manon\.jdks\ms-21.0.7\bin\net.dll
0x00007ffbc3fc0000 - 0x00007ffbc40df000 	C:\WINDOWS\SYSTEM32\WINHTTP.dll
0x00007ffbd3130000 - 0x00007ffbd319b000 	C:\WINDOWS\system32\mswsock.dll
0x00007ffb79400000 - 0x00007ffb79416000 	C:\Users\manon\.jdks\ms-21.0.7\bin\nio.dll
0x00007ffbc3a30000 - 0x00007ffbc3a40000 	C:\Users\manon\.jdks\ms-21.0.7\bin\verify.dll
0x00007ffbce7a0000 - 0x00007ffbce7c7000 	C:\Users\manon\.gradle\native\1def1411415f61bf3af743bc5b6707747c0891f09f0c88961ee8f79bc544acac\windows-amd64\native-platform.dll
0x00007ffba4130000 - 0x00007ffba41a8000 	C:\Users\manon\.gradle\native\0.2.7\x86_64-windows-gnu\gradle-fileevents.dll
0x00007ffbb0f80000 - 0x00007ffbb0f8a000 	C:\Users\manon\.jdks\ms-21.0.7\bin\management.dll
0x00007ffbb0e90000 - 0x00007ffbb0e9b000 	C:\Users\manon\.jdks\ms-21.0.7\bin\management_ext.dll
0x00007ffbd5790000 - 0x00007ffbd5798000 	C:\WINDOWS\System32\PSAPI.DLL
0x00007ffbd25d0000 - 0x00007ffbd2604000 	C:\WINDOWS\SYSTEM32\IPHLPAPI.DLL
0x00007ffbd52f0000 - 0x00007ffbd52fa000 	C:\WINDOWS\System32\NSI.dll
0x00007ffb82060000 - 0x00007ffb82069000 	C:\Users\manon\.jdks\ms-21.0.7\bin\extnet.dll
0x00007ffbd33d0000 - 0x00007ffbd33eb000 	C:\WINDOWS\SYSTEM32\CRYPTSP.dll
0x00007ffbd2af0000 - 0x00007ffbd2b2b000 	C:\WINDOWS\system32\rsaenh.dll
0x00007ffbd31d0000 - 0x00007ffbd31fb000 	C:\WINDOWS\SYSTEM32\USERENV.dll
0x00007ffbd3cc0000 - 0x00007ffbd3ce6000 	C:\WINDOWS\SYSTEM32\bcrypt.dll
0x00007ffbd33f0000 - 0x00007ffbd33fc000 	C:\WINDOWS\SYSTEM32\CRYPTBASE.dll
0x00007ffb82c80000 - 0x00007ffb82c8e000 	C:\Users\manon\.jdks\ms-21.0.7\bin\sunmscapi.dll
0x00007ffbd4580000 - 0x00007ffbd46f7000 	C:\WINDOWS\System32\CRYPT32.dll
0x00007ffbd35f0000 - 0x00007ffbd3620000 	C:\WINDOWS\SYSTEM32\ncrypt.dll
0x00007ffbd35a0000 - 0x00007ffbd35df000 	C:\WINDOWS\SYSTEM32\NTASN1.dll
0x00007ffb9bfb0000 - 0x00007ffb9bfb8000 	C:\WINDOWS\system32\wshunix.dll
0x00007ffbd0660000 - 0x00007ffbd0667000 	C:\Users\manon\.jdks\ms-21.0.7\bin\rmi.dll

dbghelp: loaded successfully - version: 4.0.5 - missing functions: none
symbol engine: initialized successfully - sym options: 0x614 - pdb path: .;C:\Users\manon\.jdks\ms-21.0.7\bin;C:\WINDOWS\SYSTEM32;C:\Program Files\Avast Software\Avast;C:\WINDOWS\WinSxS\amd64_microsoft.windows.common-controls_6595b64144ccf1df_6.0.26100.5074_none_3e0d6f78e32fd63f;C:\Users\manon\.jdks\ms-21.0.7\bin\server;C:\Users\manon\.gradle\native\1def1411415f61bf3af743bc5b6707747c0891f09f0c88961ee8f79bc544acac\windows-amd64;C:\Users\manon\.gradle\native\0.2.7\x86_64-windows-gnu

VM Arguments:
jvm_args: -Dstdout.encoding=UTF-8 -Dstderr.encoding=UTF-8 --add-opens=java.base/java.lang=ALL-UNNAMED --add-opens=java.base/java.lang.invoke=ALL-UNNAMED --add-opens=java.base/java.util=ALL-UNNAMED --add-opens=java.prefs/java.util.prefs=ALL-UNNAMED --add-exports=jdk.compiler/com.sun.tools.javac.api=ALL-UNNAMED --add-exports=jdk.compiler/com.sun.tools.javac.util=ALL-UNNAMED --add-opens=java.base/java.util=ALL-UNNAMED --add-opens=java.prefs/java.util.prefs=ALL-UNNAMED --add-opens=java.base/java.nio.charset=ALL-UNNAMED --add-opens=java.base/java.net=ALL-UNNAMED --add-opens=java.base/java.util.concurrent.atomic=ALL-UNNAMED --add-opens=java.xml/javax.xml.namespace=ALL-UNNAMED -XX:MaxMetaspaceSize=512m -Xmx4096m -Dfile.encoding=UTF-8 -Duser.country=IN -Duser.language=en -Duser.variant -javaagent:C:\Users\manon\.gradle\wrapper\dists\gradle-8.14.3-bin\cv11ve7ro1n3o1j4so8xd9n66\gradle-8.14.3\lib\agents\gradle-instrumentation-agent-8.14.3.jar 
java_command: org.gradle.launcher.daemon.bootstrap.GradleDaemon 8.14.3
java_class_path (initial): C:\Users\manon\.gradle\wrapper\dists\gradle-8.14.3-bin\cv11ve7ro1n3o1j4so8xd9n66\gradle-8.14.3\lib\gradle-daemon-main-8.14.3.jar
Launcher Type: SUN_STANDARD

[Global flags]
     intx CICompilerCount                          = 4                                         {product} {ergonomic}
   size_t CompressedClassSpaceSize                 = 436207616                                 {product} {ergonomic}
     uint ConcGCThreads                            = 3                                         {product} {ergonomic}
     uint G1ConcRefinementThreads                  = 10                                        {product} {ergonomic}
   size_t G1HeapRegionSize                         = 2097152                                   {product} {ergonomic}
    uintx GCDrainStackTargetSize                   = 64                                        {product} {ergonomic}
   size_t InitialHeapSize                          = 130023424                                 {product} {ergonomic}
   size_t MarkStackSize                            = 4194304                                   {product} {ergonomic}
   size_t MaxHeapSize                              = 4294967296                                {product} {command line}
   size_t MaxMetaspaceSize                         = 536870912                                 {product} {command line}
   size_t MaxNewSize                               = 2575302656                                {product} {ergonomic}
   size_t MinHeapDeltaBytes                        = 2097152                                   {product} {ergonomic}
   size_t MinHeapSize                              = 8388608                                   {product} {ergonomic}
    uintx NonNMethodCodeHeapSize                   = 5839372                                {pd product} {ergonomic}
    uintx NonProfiledCodeHeapSize                  = 122909434                              {pd product} {ergonomic}
    uintx ProfiledCodeHeapSize                     = 122909434                              {pd product} {ergonomic}
    uintx ReservedCodeCacheSize                    = 251658240                              {pd product} {ergonomic}
     bool SegmentedCodeCache                       = true                                      {product} {ergonomic}
   size_t SoftMaxHeapSize                          = 4294967296                             {manageable} {ergonomic}
     bool UseCompressedOops                        = true                           {product lp64_product} {ergonomic}
     bool UseG1GC                                  = true                                      {product} {ergonomic}
     bool UseLargePagesIndividualAllocation        = false                                  {pd product} {ergonomic}

Logging:
Log output configuration:
 #0: stdout all=warning uptime,level,tags foldmultilines=false
 #1: stderr all=off uptime,level,tags foldmultilines=false

Environment Variables:
JAVA_HOME=C:\Users\manon\.jdks\ms-21.0.7
JAVA_TOOL_OPTIONS=-Dstdout.encoding=UTF-8 -Dstderr.encoding=UTF-8
PATH=C:\Users\manon\OneDrive\Desktop\sentinel\node_modules\.bin;C:\Users\manon\OneDrive\Desktop\sentinel\node_modules\.bin;C:\Users\manon\OneDrive\Desktop\node_modules\.bin;C:\Users\manon\OneDrive\node_modules\.bin;C:\Users\manon\node_modules\.bin;C:\Users\node_modules\.bin;C:\node_modules\.bin;C:\Users\manon\AppData\Roaming\npm\node_modules\npm\node_modules\@npmcli\run-script\lib\node-gyp-bin;C:\Users\manon\.jdks\ms-21.0.7\bin;C:\Windows\System32\;C:\Program Files\nodejs;C:\Users\manon\Downloads\apache-maven-3.9.10-bin\apache-maven-3.9.10\bin;C:\WINDOWS\system32;C:\WINDOWS;C:\WINDOWS\System32\Wbem;C:\WINDOWS\System32\WindowsPowerShell\v1.0\;C:\WINDOWS\System32\OpenSSH\;C:\Program Files\HP\HP One Agent;C:\Program Files\apache-maven-3.9.11\bin;C:\Program Files\Java\jdk-17.0.12\bin;C:\MinGW\bin;C:\Users\manon\AppData\Local\Android\Sdk\platform-tools;C:\Users\manon\AppData\Local\Android\Sdk\emulator;C:\Users\manon\AppData\Local\Android\Sdk\tools\bin;C:\Users\manon\AppData\Local\Android\Sdk\platform-tools;C:\Users\manon\AppData\Local\Android\Sdk\cmdline-tools\latest\bin;C:\Program Files\Git\cmd;C:\Windows\System32\;C:\Program Files\nodejs;C:\Users\manon\Downloads\apache-maven-3.9.10-bin\apache-maven-3.9.10\bin;C:\WINDOWS\system32;C:\WINDOWS;C:\WINDOWS\System32\Wbem;C:\WINDOWS\System32\WindowsPowerShell\v1.0\;C:\WINDOWS\System32\OpenSSH\;C:\Program Files\HP\HP One Agent;C:\Program Files\apache-maven-3.9.11\bin;C:\Program Files\Java\jdk-17.0.12\bin;C:\Program Files\Git\cmd;C:\MinGW\bin;C:\Users\manon\AppData\Local\Android\Sdk\platform-tools;C:\Users\manon\AppData\Local\Android\Sdk\emulator;C:\Users\manon\AppData\Local\Programs\Python\Python312\Scripts\;C:\Users\manon\AppData\Local\Programs\Python\Python312\;C:\Users\manon\AppData\Local\Microsoft\WindowsApps;C:\Users\manon\AppData\Roaming\npm;C:\Program Files\JetBrains\IntelliJ IDEA Community Edition 2023.2.2\bin;C:\Program Files\Java\jre1.8.0_451\bin;C:\Program Files\Java\jdk-17.0.12\bin;C:\Users\manon\AppData\Local\Programs\Microsoft VS Code\bin;C:\Users\manon\;
USERNAME=manon
LANG=en_US.UTF-8
OS=Windows_NT
PROCESSOR_IDENTIFIER=Intel64 Family 6 Model 154 Stepping 4, GenuineIntel
TMP=C:\Users\manon\AppData\Local\Temp
TEMP=C:\Users\manon\AppData\Local\Temp




Periodic native trim disabled

---------------  S Y S T E M  ---------------

OS:
 Windows 11 , 64 bit Build 26100 (10.0.26100.5074)
OS uptime: 3 days 7:20 hours
Hyper-V role detected

CPU: total 12 (initial active 12) (6 cores per cpu, 2 threads per core) family 6 model 154 stepping 4 microcode 0x432, cx8, cmov, fxsr, ht, mmx, 3dnowpref, sse, sse2, sse3, ssse3, sse4.1, sse4.2, popcnt, lzcnt, tsc, tscinvbit, avx, avx2, aes, erms, clmul, bmi1, bmi2, adx, sha, fma, vzeroupper, clflush, clflushopt, clwb, hv, serialize, rdtscp, rdpid, fsrm, f16c, cet_ibt, cet_ss
Processor Information for processor 0
  Max Mhz: 1300, Current Mhz: 1300, Mhz Limit: 1300
Processor Information for processor 1
  Max Mhz: 1300, Current Mhz: 1300, Mhz Limit: 1300
Processor Information for processor 2
  Max Mhz: 1300, Current Mhz: 1300, Mhz Limit: 1300
Processor Information for processor 3
  Max Mhz: 1300, Current Mhz: 1300, Mhz Limit: 1300
Processor Information for processor 4
  Max Mhz: 1300, Current Mhz: 900, Mhz Limit: 897
Processor Information for processor 5
  Max Mhz: 1300, Current Mhz: 900, Mhz Limit: 897
Processor Information for processor 6
  Max Mhz: 1300, Current Mhz: 900, Mhz Limit: 897
Processor Information for processor 7
  Max Mhz: 1300, Current Mhz: 900, Mhz Limit: 897
Processor Information for processor 8
  Max Mhz: 1300, Current Mhz: 900, Mhz Limit: 897
Processor Information for processor 9
  Max Mhz: 1300, Current Mhz: 900, Mhz Limit: 897
Processor Information for processor 10
  Max Mhz: 1300, Current Mhz: 900, Mhz Limit: 897
Processor Information for processor 11
  Max Mhz: 1300, Current Mhz: 900, Mhz Limit: 897

Memory: 4k page, system-wide physical 7863M (550M free)
TotalPageFile size 32439M (AvailPageFile size 232M)
current process WorkingSet (physical memory assigned to process): 981M, peak: 1072M
current process commit charge ("private bytes"): 1529M, peak: 2175M

vm_info: OpenJDK 64-Bit Server VM (21.0.7+6-LTS) for windows-amd64 JRE (21.0.7+6-LTS), built on 2025-04-09T22:17:25Z by "MicrosoftCorporation" with unknown MS VC++:1939

END.
